epoch_row_id,epoch_id,day_index,cell_idx,q,r,s,resource_id,reserve
1,71,355,832,22,20,-42,timber,83.9149
1,71,355,832,22,20,-42,stone,1.2754058e+08
1,71,355,832,22,20,-42,fertile_soil,441215.06
1,71,355,832,22,20,-42,coal,3.230436e+08
1,71,355,832,22,20,-42,oil,6.924547e+06
1,71,355,832,22,20,-42,natural_gas,0
1,71,355,832,22,20,-42,copper_ore,2.0298406e+07
1,71,355,832,22,20,-42,iron_ore,0
1,71,355,832,22,20,-42,gold_ore,2.239336e+06
1,71,355,832,22,20,-42,silver_ore,1.1305415e+06
1,71,355,832,22,20,-42,salt,11999.772
1,71,355,832,22,20,-42,saltpeter,0
1,71,355,832,22,20,-42,rare_earth,0
1,71,355,832,22,20,-42,clay,2.0505956e+07
1,71,355,832,22,20,-42,wild_game,11244.843
1,71,355,832,22,20,-42,marine_fish,0
1,71,355,832,22,20,-42,arable_land,125000
1,71,355,832,22,20,-42,paddy_land,0
1,71,355,832,22,20,-42,plantation_land,0
1,71,355,832,22,20,-42,pasture,125000
1,71,355,832,22,20,-42,bauxite,0
1,71,355,832,22,20,-42,limestone,0
1,71,355,832,22,20,-42,silica_sand,0
1,71,355,832,22,20,-42,phosphate_rock,0
1,71,355,832,22,20,-42,tin_ore,0
1,71,355,832,22,20,-42,lead_ore,0
1,71,355,832,22,20,-42,zinc_ore,0
1,71,355,832,22,20,-42,manganese_ore,0
1,71,355,832,22,20,-42,sulfur,0
1,71,355,832,22,20,-42,flint,9.272251e+07
2,72,360,832,22,20,-42,timber,84.096245
2,72,360,832,22,20,-42,stone,1.2754058e+08
2,72,360,832,22,20,-42,fertile_soil,442339.2
2,72,360,832,22,20,-42,coal,3.230436e+08
2,72,360,832,22,20,-42,oil,6.924522e+06
2,72,360,832,22,20,-42,natural_gas,0
2,72,360,832,22,20,-42,copper_ore,2.0298406e+07
2,72,360,832,22,20,-42,iron_ore,0
2,72,360,832,22,20,-42,gold_ore,2.239336e+06
2,72,360,832,22,20,-42,silver_ore,1.1305415e+06
2,72,360,832,22,20,-42,salt,12059.159
2,72,360,832,22,20,-42,saltpeter,0
2,72,360,832,22,20,-42,rare_earth,0
2,72,360,832,22,20,-42,clay,2.0444972e+07
2,72,360,832,22,20,-42,wild_game,11382.064
2,72,360,832,22,20,-42,marine_fish,0
2,72,360,832,22,20,-42,arable_land,125000
2,72,360,832,22,20,-42,paddy_land,0
2,72,360,832,22,20,-42,plantation_land,0
2,72,360,832,22,20,-42,pasture,125000
2,72,360,832,22,20,-42,bauxite,0
2,72,360,832,22,20,-42,limestone,0
2,72,360,832,22,20,-42,silica_sand,0
2,72,360,832,22,20,-42,phosphate_rock,0
2,72,360,832,22,20,-42,tin_ore,0
2,72,360,832,22,20,-42,lead_ore,0
2,72,360,832,22,20,-42,zinc_ore,0
2,72,360,832,22,20,-42,manganese_ore,0
2,72,360,832,22,20,-42,sulfur,0
2,72,360,832,22,20,-42,flint,9.272251e+07
3,73,365,832,22,20,-42,timber,84.270096
3,73,365,832,22,20,-42,stone,1.2754057e+08
3,73,365,832,22,20,-42,fertile_soil,443503.12
3,73,365,832,22,20,-42,coal,3.230436e+08
3,73,365,832,22,20,-42,oil,6.924497e+06
3,73,365,832,22,20,-42,natural_gas,0
3,73,365,832,22,20,-42,copper_ore,2.0298406e+07
3,73,365,832,22,20,-42,iron_ore,0
3,73,365,832,22,20,-42,gold_ore,2.239336e+06
3,73,365,832,22,20,-42,silver_ore,1.1305415e+06
3,73,365,832,22,20,-42,salt,12045.468
3,73,365,832,22,20,-42,saltpeter,0
3,73,365,832,22,20,-42,rare_earth,0
3,73,365,832,22,20,-42,clay,2.038581e+07
3,73,365,832,22,20,-42,wild_game,11527.56
3,73,365,832,22,20,-42,marine_fish,0
3,73,365,832,22,20,-42,arable_land,125000
3,73,365,832,22,20,-42,paddy_land,0
3,73,365,832,22,20,-42,plantation_land,0
3,73,365,832,22,20,-42,pasture,125000
3,73,365,832,22,20,-42,bauxite,0
3,73,365,832,22,20,-42,limestone,0
3,73,365,832,22,20,-42,silica_sand,0
3,73,365,832,22,20,-42,phosphate_rock,0
3,73,365,832,22,20,-42,tin_ore,0
3,73,365,832,22,20,-42,lead_ore,0
3,73,365,832,22,20,-42,zinc_ore,0
3,73,365,832,22,20,-42,manganese_ore,0
3,73,365,832,22,20,-42,sulfur,0
3,73,365,832,22,20,-42,flint,9.272251e+07
4,74,370,832,22,20,-42,timber,84.4367
4,74,370,832,22,20,-42,stone,1.2754057e+08
4,74,370,832,22,20,-42,fertile_soil,444630.62
4,74,370,832,22,20,-42,coal,3.230436e+08
4,74,370,832,22,20,-42,oil,6.924472e+06
4,74,370,832,22,20,-42,natural_gas,0
4,74,370,832,22,20,-42,copper_ore,2.0298406e+07
4,74,370,832,22,20,-42,iron_ore,0
4,74,370,832,22,20,-42,gold_ore,2.239336e+06
4,74,370,832,22,20,-42,silver_ore,1.1305415e+06
4,74,370,832,22,20,-42,salt,12087.88
4,74,370,832,22,20,-42,saltpeter,0
4,74,370,832,22,20,-42,rare_earth,0
4,74,370,832,22,20,-42,clay,2.0325784e+07
4,74,370,832,22,20,-42,wild_game,11667.824
4,74,370,832,22,20,-42,marine_fish,0
4,74,370,832,22,20,-42,arable_land,125000
4,74,370,832,22,20,-42,paddy_land,0
4,74,370,832,22,20,-42,plantation_land,0
4,74,370,832,22,20,-42,pasture,125000
4,74,370,832,22,20,-42,bauxite,0
4,74,370,832,22,20,-42,limestone,0
4,74,370,832,22,20,-42,silica_sand,0
4,74,370,832,22,20,-42,phosphate_rock,0
4,74,370,832,22,20,-42,tin_ore,0
4,74,370,832,22,20,-42,lead_ore,0
4,74,370,832,22,20,-42,zinc_ore,0
4,74,370,832,22,20,-42,manganese_ore,0
4,74,370,832,22,20,-42,sulfur,0
4,74,370,832,22,20,-42,flint,9.272251e+07
5,75,375,832,22,20,-42,timber,84.5964
5,75,375,832,22,20,-42,stone,1.2754057e+08
5,75,375,832,22,20,-42,fertile_soil,445809.97
5,75,375,832,22,20,-42,coal,3.230436e+08
5,75,375,832,22,20,-42,oil,6.924447e+06
5,75,375,832,22,20,-42,natural_gas,0
5,75,375,832,22,20,-42,copper_ore,2.0298406e+07
5,75,375,832,22,20,-42,iron_ore,0
5,75,375,832,22,20,-42,gold_ore,2.239336e+06
5,75,375,832,22,20,-42,silver_ore,1.1305415e+06
5,75,375,832,22,20,-42,salt,12049.071
5,75,375,832,22,20,-42,saltpeter,0
5,75,375,832,22,20,-42,rare_earth,0
5,75,375,832,22,20,-42,clay,2.026776e+07
5,75,375,832,22,20,-42,wild_game,11742.613
5,75,375,832,22,20,-42,marine_fish,0
5,75,375,832,22,20,-42,arable_land,125000
5,75,375,832,22,20,-42,paddy_land,0
5,75,375,832,22,20,-42,plantation_land,0
5,75,375,832,22,20,-42,pasture,125000
5,75,375,832,22,20,-42,bauxite,0
5,75,375,832,22,20,-42,limestone,0
5,75,375,832,22,20,-42,silica_sand,0
5,75,375,832,22,20,-42,phosphate_rock,0
5,75,375,832,22,20,-42,tin_ore,0
5,75,375,832,22,20,-42,lead_ore,0
5,75,375,832,22,20,-42,zinc_ore,0
5,75,375,832,22,20,-42,manganese_ore,0
5,75,375,832,22,20,-42,sulfur,0
5,75,375,832,22,20,-42,flint,9.272251e+07
6,76,380,832,22,20,-42,timber,84.74948
6,76,380,832,22,20,-42,stone,1.2754057e+08
6,76,380,832,22,20,-42,fertile_soil,446931.66
6,76,380,832,22,20,-42,coal,3.230436e+08
6,76,380,832,22,20,-42,oil,6.924422e+06
6,76,380,832,22,20,-42,natural_gas,0
6,76,380,832,22,20,-42,copper_ore,2.0298406e+07
6,76,380,832,22,20,-42,iron_ore,0
6,76,380,832,22,20,-42,gold_ore,2.239336e+06
6,76,380,832,22,20,-42,silver_ore,1.1305415e+06
6,76,380,832,22,20,-42,salt,12105.694
6,76,380,832,22,20,-42,saltpeter,0
6,76,380,832,22,20,-42,rare_earth,0
6,76,380,832,22,20,-42,clay,2.0208056e+07
6,76,380,832,22,20,-42,wild_game,11883.101
6,76,380,832,22,20,-42,marine_fish,0
6,76,380,832,22,20,-42,arable_land,125000
6,76,380,832,22,20,-42,paddy_land,0
6,76,380,832,22,20,-42,plantation_land,0
6,76,380,832,22,20,-42,pasture,125000
6,76,380,832,22,20,-42,bauxite,0
6,76,380,832,22,20,-42,limestone,0
6,76,380,832,22,20,-42,silica_sand,0
6,76,380,832,22,20,-42,phosphate_rock,0
6,76,380,832,22,20,-42,tin_ore,0
6,76,380,832,22,20,-42,lead_ore,0
6,76,380,832,22,20,-42,zinc_ore,0
6,76,380,832,22,20,-42,manganese_ore,0
6,76,380,832,22,20,-42,sulfur,0
6,76,380,832,22,20,-42,flint,9.272251e+07
7,77,385,832,22,20,-42,timber,84.896225
7,77,385,832,22,20,-42,stone,1.2754057e+08
7,77,385,832,22,20,-42,fertile_soil,448108.56
7,77,385,832,22,20,-42,coal,3.230436e+08
7,77,385,832,22,20,-42,oil,6.924397e+06
7,77,385,832,22,20,-42,natural_gas,0
7,77,385,832,22,20,-42,copper_ore,2.0298406e+07
7,77,385,832,22,20,-42,iron_ore,0
7,77,385,832,22,20,-42,gold_ore,2.239336e+06
7,77,385,832,22,20,-42,silver_ore,1.1305415e+06
7,77,385,832,22,20,-42,salt,12069.803
7,77,385,832,22,20,-42,saltpeter,0
7,77,385,832,22,20,-42,rare_earth,0
7,77,385,832,22,20,-42,clay,2.015058e+07
7,77,385,832,22,20,-42,wild_game,12034.517
7,77,385,832,22,20,-42,marine_fish,0
7,77,385,832,22,20,-42,arable_land,125000
7,77,385,832,22,20,-42,paddy_land,0
7,77,385,832,22,20,-42,plantation_land,0
7,77,385,832,22,20,-42,pasture,125000
7,77,385,832,22,20,-42,bauxite,0
7,77,385,832,22,20,-42,limestone,0
7,77,385,832,22,20,-42,silica_sand,0
7,77,385,832,22,20,-42,phosphate_rock,0
7,77,385,832,22,20,-42,tin_ore,0
7,77,385,832,22,20,-42,lead_ore,0
7,77,385,832,22,20,-42,zinc_ore,0
7,77,385,832,22,20,-42,manganese_ore,0
7,77,385,832,22,20,-42,sulfur,0
7,77,385,832,22,20,-42,flint,9.272251e+07
8,78,390,832,22,20,-42,timber,85.03689
8,78,390,832,22,20,-42,stone,1.2754057e+08
8,78,390,832,22,20,-42,fertile_soil,449220.75
8,78,390,832,22,20,-42,coal,3.230436e+08
8,78,390,832,22,20,-42,oil,6.924372e+06
8,78,390,832,22,20,-42,natural_gas,0
8,78,390,832,22,20,-42,copper_ore,2.0298406e+07
8,78,390,832,22,20,-42,iron_ore,0
8,78,390,832,22,20,-42,gold_ore,2.239336e+06
8,78,390,832,22,20,-42,silver_ore,1.1305415e+06
8,78,390,832,22,20,-42,salt,12141.828
8,78,390,832,22,20,-42,saltpeter,0
8,78,390,832,22,20,-42,rare_earth,0
8,78,390,832,22,20,-42,clay,2.0091166e+07
8,78,390,832,22,20,-42,wild_game,12174.924
8,78,390,832,22,20,-42,marine_fish,0
8,78,390,832,22,20,-42,arable_land,125000
8,78,390,832,22,20,-42,paddy_land,0
8,78,390,832,22,20,-42,plantation_land,0
8,78,390,832,22,20,-42,pasture,125000
8,78,390,832,22,20,-42,bauxite,0
8,78,390,832,22,20,-42,limestone,0
8,78,390,832,22,20,-42,silica_sand,0
8,78,390,832,22,20,-42,phosphate_rock,0
8,78,390,832,22,20,-42,tin_ore,0
8,78,390,832,22,20,-42,lead_ore,0
8,78,390,832,22,20,-42,zinc_ore,0
8,78,390,832,22,20,-42,manganese_ore,0
8,78,390,832,22,20,-42,sulfur,0
8,78,390,832,22,20,-42,flint,9.272251e+07
9,79,395,832,22,20,-42,timber,85.17172
9,79,395,832,22,20,-42,stone,1.2754057e+08
9,79,395,832,22,20,-42,fertile_soil,450390.97
9,79,395,832,22,20,-42,coal,3.230436e+08
9,79,395,832,22,20,-42,oil,6.924347e+06
9,79,395,832,22,20,-42,natural_gas,0
9,79,395,832,22,20,-42,copper_ore,2.0298406e+07
9,79,395,832,22,20,-42,iron_ore,0
9,79,395,832,22,20,-42,gold_ore,2.239336e+06
9,79,395,832,22,20,-42,silver_ore,1.1305415e+06
9,79,395,832,22,20,-42,salt,12110.278
9,79,395,832,22,20,-42,saltpeter,0
9,79,395,832,22,20,-42,rare_earth,0
9,79,395,832,22,20,-42,clay,2.0034196e+07
9,79,395,832,22,20,-42,wild_game,12327.317
9,79,395,832,22,20,-42,marine_fish,0
9,79,395,832,22,20,-42,arable_land,125000
9,79,395,832,22,20,-42,paddy_land,0
9,79,395,832,22,20,-42,plantation_land,0
9,79,395,832,22,20,-42,pasture,125000
9,79,395,832,22,20,-42,bauxite,0
9,79,395,832,22,20,-42,limestone,0
9,79,395,832,22,20,-42,silica_sand,0
9,79,395,832,22,20,-42,phosphate_rock,0
9,79,395,832,22,20,-42,tin_ore,0
9,79,395,832,22,20,-42,lead_ore,0
9,79,395,832,22,20,-42,zinc_ore,0
9,79,395,832,22,20,-42,manganese_ore,0
9,79,395,832,22,20,-42,sulfur,0
9,79,395,832,22,20,-42,flint,9.272251e+07
10,80,400,832,22,20,-42,timber,85.30094
10,80,400,832,22,20,-42,stone,1.2754057e+08
10,80,400,832,22,20,-42,fertile_soil,451480.28
10,80,400,832,22,20,-42,coal,3.230436e+08
10,80,400,832,22,20,-42,oil,6.924322e+06
10,80,400,832,22,20,-42,natural_gas,0
10,80,400,832,22,20,-42,copper_ore,2.0298406e+07
10,80,400,832,22,20,-42,iron_ore,0
10,80,400,832,22,20,-42,gold_ore,2.239336e+06
10,80,400,832,22,20,-42,silver_ore,1.1305415e+06
10,80,400,832,22,20,-42,salt,12225.318
10,80,400,832,22,20,-42,saltpeter,0
10,80,400,832,22,20,-42,rare_earth,0
10,80,400,832,22,20,-42,clay,1.9974496e+07
10,80,400,832,22,20,-42,wild_game,12464.605
10,80,400,832,22,20,-42,marine_fish,0
10,80,400,832,22,20,-42,arable_land,125000
10,80,400,832,22,20,-42,paddy_land,0
10,80,400,832,22,20,-42,plantation_land,0
10,80,400,832,22,20,-42,pasture,125000
10,80,400,832,22,20,-42,bauxite,0
10,80,400,832,22,20,-42,limestone,0
10,80,400,832,22,20,-42,silica_sand,0
10,80,400,832,22,20,-42,phosphate_rock,0
10,80,400,832,22,20,-42,tin_ore,0
10,80,400,832,22,20,-42,lead_ore,0
10,80,400,832,22,20,-42,zinc_ore,0
10,80,400,832,22,20,-42,manganese_ore,0
10,80,400,832,22,20,-42,sulfur,0
10,80,400,832,22,20,-42,flint,9.272251e+07
11,81,405,832,22,20,-42,timber,85.42482
11,81,405,832,22,20,-42,stone,1.2754057e+08
11,81,405,832,22,20,-42,fertile_soil,452625.2
11,81,405,832,22,20,-42,coal,3.230436e+08
11,81,405,832,22,20,-42,oil,6.924297e+06
11,81,405,832,22,20,-42,natural_gas,0
11,81,405,832,22,20,-42,copper_ore,2.0298406e+07
11,81,405,832,22,20,-42,iron_ore,0
11,81,405,832,22,20,-42,gold_ore,2.239336e+06
11,81,405,832,22,20,-42,silver_ore,1.1305415e+06
11,81,405,832,22,20,-42,salt,12227.216
11,81,405,832,22,20,-42,saltpeter,0
11,81,405,832,22,20,-42,rare_earth,0
11,81,405,832,22,20,-42,clay,1.9917416e+07
11,81,405,832,22,20,-42,wild_game,12614.386
11,81,405,832,22,20,-42,marine_fish,0
11,81,405,832,22,20,-42,arable_land,125000
11,81,405,832,22,20,-42,paddy_land,0
11,81,405,832,22,20,-42,plantation_land,0
11,81,405,832,22,20,-42,pasture,125000
11,81,405,832,22,20,-42,bauxite,0
11,81,405,832,22,20,-42,limestone,0
11,81,405,832,22,20,-42,silica_sand,0
11,81,405,832,22,20,-42,phosphate_rock,0
11,81,405,832,22,20,-42,tin_ore,0
11,81,405,832,22,20,-42,lead_ore,0
11,81,405,832,22,20,-42,zinc_ore,0
11,81,405,832,22,20,-42,manganese_ore,0
11,81,405,832,22,20,-42,sulfur,0
11,81,405,832,22,20,-42,flint,9.272251e+07
12,82,410,832,22,20,-42,timber,85.54359
12,82,410,832,22,20,-42,stone,1.2754057e+08
12,82,410,832,22,20,-42,fertile_soil,453723.9
12,82,410,832,22,20,-42,coal,3.230436e+08
12,82,410,832,22,20,-42,oil,6.924272e+06
12,82,410,832,22,20,-42,natural_gas,0
12,82,410,832,22,20,-42,copper_ore,2.0298406e+07
12,82,410,832,22,20,-42,iron_ore,0
12,82,410,832,22,20,-42,gold_ore,2.239336e+06
12,82,410,832,22,20,-42,silver_ore,1.1305415e+06
12,82,410,832,22,20,-42,salt,12301.59
12,82,410,832,22,20,-42,saltpeter,0
12,82,410,832,22,20,-42,rare_earth,0
12,82,410,832,22,20,-42,clay,1.9859124e+07
12,82,410,832,22,20,-42,wild_game,12756.314
12,82,410,832,22,20,-42,marine_fish,0
12,82,410,832,22,20,-42,arable_land,125000
12,82,410,832,22,20,-42,paddy_land,0
12,82,410,832,22,20,-42,plantation_land,0
12,82,410,832,22,20,-42,pasture,125000
12,82,410,832,22,20,-42,bauxite,0
12,82,410,832,22,20,-42,limestone,0
12,82,410,832,22,20,-42,silica_sand,0
12,82,410,832,22,20,-42,phosphate_rock,0
12,82,410,832,22,20,-42,tin_ore,0
12,82,410,832,22,20,-42,lead_ore,0
12,82,410,832,22,20,-42,zinc_ore,0
12,82,410,832,22,20,-42,manganese_ore,0
12,82,410,832,22,20,-42,sulfur,0
12,82,410,832,22,20,-42,flint,9.2722504e+07
13,83,415,832,22,20,-42,timber,85.65744
13,83,415,832,22,20,-42,stone,1.2754057e+08
13,83,415,832,22,20,-42,fertile_soil,454885.5
13,83,415,832,22,20,-42,coal,3.230436e+08
13,83,415,832,22,20,-42,oil,6.924247e+06
13,83,415,832,22,20,-42,natural_gas,0
13,83,415,832,22,20,-42,copper_ore,2.0298406e+07
13,83,415,832,22,20,-42,iron_ore,0
13,83,415,832,22,20,-42,gold_ore,2.239336e+06
13,83,415,832,22,20,-42,silver_ore,1.1305415e+06
13,83,415,832,22,20,-42,salt,12261.162
13,83,415,832,22,20,-42,saltpeter,0
13,83,415,832,22,20,-42,rare_earth,0
13,83,415,832,22,20,-42,clay,1.9803496e+07
13,83,415,832,22,20,-42,wild_game,12911.761
13,83,415,832,22,20,-42,marine_fish,0
13,83,415,832,22,20,-42,arable_land,125000
13,83,415,832,22,20,-42,paddy_land,0
13,83,415,832,22,20,-42,plantation_land,0
13,83,415,832,22,20,-42,pasture,125000
13,83,415,832,22,20,-42,bauxite,0
13,83,415,832,22,20,-42,limestone,0
13,83,415,832,22,20,-42,silica_sand,0
13,83,415,832,22,20,-42,phosphate_rock,0
13,83,415,832,22,20,-42,tin_ore,0
13,83,415,832,22,20,-42,lead_ore,0
13,83,415,832,22,20,-42,zinc_ore,0
13,83,415,832,22,20,-42,manganese_ore,0
13,83,415,832,22,20,-42,sulfur,0
13,83,415,832,22,20,-42,flint,9.2722504e+07
14,84,420,832,22,20,-42,timber,85.76658
14,84,420,832,22,20,-42,stone,1.2754057e+08
14,84,420,832,22,20,-42,fertile_soil,455967.75
14,84,420,832,22,20,-42,coal,3.230436e+08
14,84,420,832,22,20,-42,oil,6.924222e+06
14,84,420,832,22,20,-42,natural_gas,0
14,84,420,832,22,20,-42,copper_ore,2.0298406e+07
14,84,420,832,22,20,-42,iron_ore,0
14,84,420,832,22,20,-42,gold_ore,2.239336e+06
14,84,420,832,22,20,-42,silver_ore,1.1305415e+06
14,84,420,832,22,20,-42,salt,12364.309
14,84,420,832,22,20,-42,saltpeter,0
14,84,420,832,22,20,-42,rare_earth,0
14,84,420,832,22,20,-42,clay,1.9745198e+07
14,84,420,832,22,20,-42,wild_game,13051.629
14,84,420,832,22,20,-42,marine_fish,0
14,84,420,832,22,20,-42,arable_land,125000
14,84,420,832,22,20,-42,paddy_land,0
14,84,420,832,22,20,-42,plantation_land,0
14,84,420,832,22,20,-42,pasture,125000
14,84,420,832,22,20,-42,bauxite,0
14,84,420,832,22,20,-42,limestone,0
14,84,420,832,22,20,-42,silica_sand,0
14,84,420,832,22,20,-42,phosphate_rock,0
14,84,420,832,22,20,-42,tin_ore,0
14,84,420,832,22,20,-42,lead_ore,0
14,84,420,832,22,20,-42,zinc_ore,0
14,84,420,832,22,20,-42,manganese_ore,0
14,84,420,832,22,20,-42,sulfur,0
14,84,420,832,22,20,-42,flint,9.2722504e+07
15,85,425,832,22,20,-42,timber,85.87115
15,85,425,832,22,20,-42,stone,1.2754056e+08
15,85,425,832,22,20,-42,fertile_soil,457109.03
15,85,425,832,22,20,-42,coal,3.230436e+08
15,85,425,832,22,20,-42,oil,6.924197e+06
15,85,425,832,22,20,-42,natural_gas,0
15,85,425,832,22,20,-42,copper_ore,2.0298406e+07
15,85,425,832,22,20,-42,iron_ore,0
15,85,425,832,22,20,-42,gold_ore,2.239336e+06
15,85,425,832,22,20,-42,silver_ore,1.1305415e+06
15,85,425,832,22,20,-42,salt,12342.176
15,85,425,832,22,20,-42,saltpeter,0
15,85,425,832,22,20,-42,rare_earth,0
15,85,425,832,22,20,-42,clay,1.9689756e+07
15,85,425,832,22,20,-42,wild_game,13130.346
15,85,425,832,22,20,-42,marine_fish,0
15,85,425,832,22,20,-42,arable_land,125000
15,85,425,832,22,20,-42,paddy_land,0
15,85,425,832,22,20,-42,plantation_land,0
15,85,425,832,22,20,-42,pasture,125000
15,85,425,832,22,20,-42,bauxite,0
15,85,425,832,22,20,-42,limestone,0
15,85,425,832,22,20,-42,silica_sand,0
15,85,425,832,22,20,-42,phosphate_rock,0
15,85,425,832,22,20,-42,tin_ore,0
15,85,425,832,22,20,-42,lead_ore,0
15,85,425,832,22,20,-42,zinc_ore,0
15,85,425,832,22,20,-42,manganese_ore,0
15,85,425,832,22,20,-42,sulfur,0
15,85,425,832,22,20,-42,flint,9.2722504e+07
16,86,430,832,22,20,-42,timber,85.97138
16,86,430,832,22,20,-42,stone,1.2754056e+08
16,86,430,832,22,20,-42,fertile_soil,458172.25
16,86,430,832,22,20,-42,coal,3.230436e+08
16,86,430,832,22,20,-42,oil,6.924172e+06
16,86,430,832,22,20,-42,natural_gas,0
16,86,430,832,22,20,-42,copper_ore,2.0298406e+07
16,86,430,832,22,20,-42,iron_ore,0
16,86,430,832,22,20,-42,gold_ore,2.239336e+06
16,86,430,832,22,20,-42,silver_ore,1.1305415e+06
16,86,430,832,22,20,-42,salt,12448.451
16,86,430,832,22,20,-42,saltpeter,0
16,86,430,832,22,20,-42,rare_earth,0
16,86,430,832,22,20,-42,clay,1.9631938e+07
16,86,430,832,22,20,-42,wild_game,13269.311
16,86,430,832,22,20,-42,marine_fish,0
16,86,430,832,22,20,-42,arable_land,125000
16,86,430,832,22,20,-42,paddy_land,0
16,86,430,832,22,20,-42,plantation_land,0
16,86,430,832,22,20,-42,pasture,125000
16,86,430,832,22,20,-42,bauxite,0
16,86,430,832,22,20,-42,limestone,0
16,86,430,832,22,20,-42,silica_sand,0
16,86,430,832,22,20,-42,phosphate_rock,0
16,86,430,832,22,20,-42,tin_ore,0
16,86,430,832,22,20,-42,lead_ore,0
16,86,430,832,22,20,-42,zinc_ore,0
16,86,430,832,22,20,-42,manganese_ore,0
16,86,430,832,22,20,-42,sulfur,0
16,86,430,832,22,20,-42,flint,9.2722504e+07
17,87,435,832,22,20,-42,timber,86.06747
17,87,435,832,22,20,-42,stone,1.2754056e+08
17,87,435,832,22,20,-42,fertile_soil,459300.16
17,87,435,832,22,20,-42,coal,3.230436e+08
17,87,435,832,22,20,-42,oil,6.924147e+06
17,87,435,832,22,20,-42,natural_gas,0
17,87,435,832,22,20,-42,copper_ore,2.0298406e+07
17,87,435,832,22,20,-42,iron_ore,0
17,87,435,832,22,20,-42,gold_ore,2.239336e+06
17,87,435,832,22,20,-42,silver_ore,1.1305415e+06
17,87,435,832,22,20,-42,salt,12426.04
17,87,435,832,22,20,-42,saltpeter,0
17,87,435,832,22,20,-42,rare_earth,0
17,87,435,832,22,20,-42,clay,1.9577052e+07
17,87,435,832,22,20,-42,wild_game,13423.224
17,87,435,832,22,20,-42,marine_fish,0
17,87,435,832,22,20,-42,arable_land,125000
17,87,435,832,22,20,-42,paddy_land,0
17,87,435,832,22,20,-42,plantation_land,0
17,87,435,832,22,20,-42,pasture,125000
17,87,435,832,22,20,-42,bauxite,0
17,87,435,832,22,20,-42,limestone,0
17,87,435,832,22,20,-42,silica_sand,0
17,87,435,832,22,20,-42,phosphate_rock,0
17,87,435,832,22,20,-42,tin_ore,0
17,87,435,832,22,20,-42,lead_ore,0
17,87,435,832,22,20,-42,zinc_ore,0
17,87,435,832,22,20,-42,manganese_ore,0
17,87,435,832,22,20,-42,sulfur,0
17,87,435,832,22,20,-42,flint,9.2722504e+07
18,88,440,832,22,20,-42,timber,86.15957
18,88,440,832,22,20,-42,stone,1.2754056e+08
18,88,440,832,22,20,-42,fertile_soil,460348.2
18,88,440,832,22,20,-42,coal,3.230436e+08
18,88,440,832,22,20,-42,oil,6.924122e+06
18,88,440,832,22,20,-42,natural_gas,0
18,88,440,832,22,20,-42,copper_ore,2.0298406e+07
18,88,440,832,22,20,-42,iron_ore,0
18,88,440,832,22,20,-42,gold_ore,2.239336e+06
18,88,440,832,22,20,-42,silver_ore,1.1305415e+06
18,88,440,832,22,20,-42,salt,12534.552
18,88,440,832,22,20,-42,saltpeter,0
18,88,440,832,22,20,-42,rare_earth,0
18,88,440,832,22,20,-42,clay,1.9519734e+07
18,88,440,832,22,20,-42,wild_game,13561.552
18,88,440,832,22,20,-42,marine_fish,0
18,88,440,832,22,20,-42,arable_land,125000
18,88,440,832,22,20,-42,paddy_land,0
18,88,440,832,22,20,-42,plantation_land,0
18,88,440,832,22,20,-42,pasture,125000
18,88,440,832,22,20,-42,bauxite,0
18,88,440,832,22,20,-42,limestone,0
18,88,440,832,22,20,-42,silica_sand,0
18,88,440,832,22,20,-42,phosphate_rock,0
18,88,440,832,22,20,-42,tin_ore,0
18,88,440,832,22,20,-42,lead_ore,0
18,88,440,832,22,20,-42,zinc_ore,0
18,88,440,832,22,20,-42,manganese_ore,0
18,88,440,832,22,20,-42,sulfur,0
18,88,440,832,22,20,-42,flint,9.2722504e+07
19,89,445,832,22,20,-42,timber,86.247856
19,89,445,832,22,20,-42,stone,1.2754056e+08
19,89,445,832,22,20,-42,fertile_soil,461463.5
19,89,445,832,22,20,-42,coal,3.230436e+08
19,89,445,832,22,20,-42,oil,6.924097e+06
19,89,445,832,22,20,-42,natural_gas,0
19,89,445,832,22,20,-42,copper_ore,2.0298406e+07
19,89,445,832,22,20,-42,iron_ore,0
19,89,445,832,22,20,-42,gold_ore,2.239336e+06
19,89,445,832,22,20,-42,silver_ore,1.1305415e+06
19,89,445,832,22,20,-42,salt,12509.2295
19,89,445,832,22,20,-42,saltpeter,0
19,89,445,832,22,20,-42,rare_earth,0
19,89,445,832,22,20,-42,clay,1.9465452e+07
19,89,445,832,22,20,-42,wild_game,13715.665
19,89,445,832,22,20,-42,marine_fish,0
19,89,445,832,22,20,-42,arable_land,125000
19,89,445,832,22,20,-42,paddy_land,0
19,89,445,832,22,20,-42,plantation_land,0
19,89,445,832,22,20,-42,pasture,125000
19,89,445,832,22,20,-42,bauxite,0
19,89,445,832,22,20,-42,limestone,0
19,89,445,832,22,20,-42,silica_sand,0
19,89,445,832,22,20,-42,phosphate_rock,0
19,89,445,832,22,20,-42,tin_ore,0
19,89,445,832,22,20,-42,lead_ore,0
19,89,445,832,22,20,-42,zinc_ore,0
19,89,445,832,22,20,-42,manganese_ore,0
19,89,445,832,22,20,-42,sulfur,0
19,89,445,832,22,20,-42,flint,9.2722504e+07
20,90,450,832,22,20,-42,timber,86.33249
20,90,450,832,22,20,-42,stone,1.2754056e+08
20,90,450,832,22,20,-42,fertile_soil,462478.97
20,90,450,832,22,20,-42,coal,3.230436e+08
20,90,450,832,22,20,-42,oil,6.924072e+06
20,90,450,832,22,20,-42,natural_gas,0
20,90,450,832,22,20,-42,copper_ore,2.0298406e+07
20,90,450,832,22,20,-42,iron_ore,0
20,90,450,832,22,20,-42,gold_ore,2.239336e+06
20,90,450,832,22,20,-42,silver_ore,1.1305415e+06
20,90,450,832,22,20,-42,salt,12652.807
20,90,450,832,22,20,-42,saltpeter,0
20,90,450,832,22,20,-42,rare_earth,0
20,90,450,832,22,20,-42,clay,1.9407952e+07
20,90,450,832,22,20,-42,wild_game,13833.808
20,90,450,832,22,20,-42,marine_fish,0
20,90,450,832,22,20,-42,arable_land,125000
20,90,450,832,22,20,-42,paddy_land,0
20,90,450,832,22,20,-42,plantation_land,0
20,90,450,832,22,20,-42,pasture,125000
20,90,450,832,22,20,-42,bauxite,0
20,90,450,832,22,20,-42,limestone,0
20,90,450,832,22,20,-42,silica_sand,0
20,90,450,832,22,20,-42,phosphate_rock,0
20,90,450,832,22,20,-42,tin_ore,0
20,90,450,832,22,20,-42,lead_ore,0
20,90,450,832,22,20,-42,zinc_ore,0
20,90,450,832,22,20,-42,manganese_ore,0
20,90,450,832,22,20,-42,sulfur,0
20,90,450,832,22,20,-42,flint,9.2722504e+07
21,91,455,832,22,20,-42,timber,86.41362
21,91,455,832,22,20,-42,stone,1.2754056e+08
21,91,455,832,22,20,-42,fertile_soil,463560.53
21,91,455,832,22,20,-42,coal,3.230436e+08
21,91,455,832,22,20,-42,oil,6.924047e+06
21,91,455,832,22,20,-42,natural_gas,0
21,91,455,832,22,20,-42,copper_ore,2.0298406e+07
21,91,455,832,22,20,-42,iron_ore,0
21,91,455,832,22,20,-42,gold_ore,2.239336e+06
21,91,455,832,22,20,-42,silver_ore,1.1305415e+06
21,91,455,832,22,20,-42,salt,12659.47
21,91,455,832,22,20,-42,saltpeter,0
21,91,455,832,22,20,-42,rare_earth,0
21,91,455,832,22,20,-42,clay,1.9353544e+07
21,91,455,832,22,20,-42,wild_game,13983.508
21,91,455,832,22,20,-42,marine_fish,0
21,91,455,832,22,20,-42,arable_land,125000
21,91,455,832,22,20,-42,paddy_land,0
21,91,455,832,22,20,-42,plantation_land,0
21,91,455,832,22,20,-42,pasture,125000
21,91,455,832,22,20,-42,bauxite,0
21,91,455,832,22,20,-42,limestone,0
21,91,455,832,22,20,-42,silica_sand,0
21,91,455,832,22,20,-42,phosphate_rock,0
21,91,455,832,22,20,-42,tin_ore,0
21,91,455,832,22,20,-42,lead_ore,0
21,91,455,832,22,20,-42,zinc_ore,0
21,91,455,832,22,20,-42,manganese_ore,0
21,91,455,832,22,20,-42,sulfur,0
21,91,455,832,22,20,-42,flint,9.2722504e+07
22,92,460,832,22,20,-42,timber,86.49138
22,92,460,832,22,20,-42,stone,1.2754056e+08
22,92,460,832,22,20,-42,fertile_soil,464539.75
22,92,460,832,22,20,-42,coal,3.230436e+08
22,92,460,832,22,20,-42,oil,6.924022e+06
22,92,460,832,22,20,-42,natural_gas,0
22,92,460,832,22,20,-42,copper_ore,2.0298406e+07
22,92,460,832,22,20,-42,iron_ore,0
22,92,460,832,22,20,-42,gold_ore,2.239336e+06
22,92,460,832,22,20,-42,silver_ore,1.1305415e+06
22,92,460,832,22,20,-42,salt,12850.3
22,92,460,832,22,20,-42,saltpeter,0
22,92,460,832,22,20,-42,rare_earth,0
22,92,460,832,22,20,-42,clay,1.9295612e+07
22,92,460,832,22,20,-42,wild_game,14064.306
22,92,460,832,22,20,-42,marine_fish,0
22,92,460,832,22,20,-42,arable_land,125000
22,92,460,832,22,20,-42,paddy_land,0
22,92,460,832,22,20,-42,plantation_land,0
22,92,460,832,22,20,-42,pasture,125000
22,92,460,832,22,20,-42,bauxite,0
22,92,460,832,22,20,-42,limestone,0
22,92,460,832,22,20,-42,silica_sand,0
22,92,460,832,22,20,-42,phosphate_rock,0
22,92,460,832,22,20,-42,tin_ore,0
22,92,460,832,22,20,-42,lead_ore,0
22,92,460,832,22,20,-42,zinc_ore,0
22,92,460,832,22,20,-42,manganese_ore,0
22,92,460,832,22,20,-42,sulfur,0
22,92,460,832,22,20,-42,flint,9.2722504e+07
23,93,465,832,22,20,-42,timber,86.565926
23,93,465,832,22,20,-42,stone,1.2754056e+08
23,93,465,832,22,20,-42,fertile_soil,465580.53
23,93,465,832,22,20,-42,coal,3.230436e+08
23,93,465,832,22,20,-42,oil,6.923997e+06
23,93,465,832,22,20,-42,natural_gas,0
23,93,465,832,22,20,-42,copper_ore,2.0298406e+07
23,93,465,832,22,20,-42,iron_ore,0
23,93,465,832,22,20,-42,gold_ore,2.239336e+06
23,93,465,832,22,20,-42,silver_ore,1.1305415e+06
23,93,465,832,22,20,-42,salt,12900.81
23,93,465,832,22,20,-42,saltpeter,0
23,93,465,832,22,20,-42,rare_earth,0
23,93,465,832,22,20,-42,clay,1.9240826e+07
23,93,465,832,22,20,-42,wild_game,14132.75
23,93,465,832,22,20,-42,marine_fish,0
23,93,465,832,22,20,-42,arable_land,125000
23,93,465,832,22,20,-42,paddy_land,0
23,93,465,832,22,20,-42,plantation_land,0
23,93,465,832,22,20,-42,pasture,125000
23,93,465,832,22,20,-42,bauxite,0
23,93,465,832,22,20,-42,limestone,0
23,93,465,832,22,20,-42,silica_sand,0
23,93,465,832,22,20,-42,phosphate_rock,0
23,93,465,832,22,20,-42,tin_ore,0
23,93,465,832,22,20,-42,lead_ore,0
23,93,465,832,22,20,-42,zinc_ore,0
23,93,465,832,22,20,-42,manganese_ore,0
23,93,465,832,22,20,-42,sulfur,0
23,93,465,832,22,20,-42,flint,9.27225e+07
24,94,470,832,22,20,-42,timber,86.6374
24,94,470,832,22,20,-42,stone,1.2754056e+08
24,94,470,832,22,20,-42,fertile_soil,466537.16
24,94,470,832,22,20,-42,coal,3.230436e+08
24,94,470,832,22,20,-42,oil,6.923972e+06
24,94,470,832,22,20,-42,natural_gas,0
24,94,470,832,22,20,-42,copper_ore,2.0298406e+07
24,94,470,832,22,20,-42,iron_ore,0
24,94,470,832,22,20,-42,gold_ore,2.239336e+06
24,94,470,832,22,20,-42,silver_ore,1.1305415e+06
24,94,470,832,22,20,-42,salt,13095.302
24,94,470,832,22,20,-42,saltpeter,0
24,94,470,832,22,20,-42,rare_earth,0
24,94,470,832,22,20,-42,clay,1.9183332e+07
24,94,470,832,22,20,-42,wild_game,14202.609
24,94,470,832,22,20,-42,marine_fish,0
24,94,470,832,22,20,-42,arable_land,125000
24,94,470,832,22,20,-42,paddy_land,0
24,94,470,832,22,20,-42,plantation_land,0
24,94,470,832,22,20,-42,pasture,125000
24,94,470,832,22,20,-42,bauxite,0
24,94,470,832,22,20,-42,limestone,0
24,94,470,832,22,20,-42,silica_sand,0
24,94,470,832,22,20,-42,phosphate_rock,0
24,94,470,832,22,20,-42,tin_ore,0
24,94,470,832,22,20,-42,lead_ore,0
24,94,470,832,22,20,-42,zinc_ore,0
24,94,470,832,22,20,-42,manganese_ore,0
24,94,470,832,22,20,-42,sulfur,0
24,94,470,832,22,20,-42,flint,9.27225e+07
25,95,475,832,22,20,-42,timber,86.70591
25,95,475,832,22,20,-42,stone,1.2754056e+08
25,95,475,832,22,20,-42,fertile_soil,467554.88
25,95,475,832,22,20,-42,coal,3.230436e+08
25,95,475,832,22,20,-42,oil,6.923947e+06
25,95,475,832,22,20,-42,natural_gas,0
25,95,475,832,22,20,-42,copper_ore,2.0298406e+07
25,95,475,832,22,20,-42,iron_ore,0
25,95,475,832,22,20,-42,gold_ore,2.239336e+06
25,95,475,832,22,20,-42,silver_ore,1.1305415e+06
25,95,475,832,22,20,-42,salt,13154.165
25,95,475,832,22,20,-42,saltpeter,0
25,95,475,832,22,20,-42,rare_earth,0
25,95,475,832,22,20,-42,clay,1.9128888e+07
25,95,475,832,22,20,-42,wild_game,14343.891
25,95,475,832,22,20,-42,marine_fish,0
25,95,475,832,22,20,-42,arable_land,125000
25,95,475,832,22,20,-42,paddy_land,0
25,95,475,832,22,20,-42,plantation_land,0
25,95,475,832,22,20,-42,pasture,125000
25,95,475,832,22,20,-42,bauxite,0
25,95,475,832,22,20,-42,limestone,0
25,95,475,832,22,20,-42,silica_sand,0
25,95,475,832,22,20,-42,phosphate_rock,0
25,95,475,832,22,20,-42,tin_ore,0
25,95,475,832,22,20,-42,lead_ore,0
25,95,475,832,22,20,-42,zinc_ore,0
25,95,475,832,22,20,-42,manganese_ore,0
25,95,475,832,22,20,-42,sulfur,0
25,95,475,832,22,20,-42,flint,9.27225e+07
26,96,480,832,22,20,-42,timber,86.77157
26,96,480,832,22,20,-42,stone,1.2754056e+08
26,96,480,832,22,20,-42,fertile_soil,468486.56
26,96,480,832,22,20,-42,coal,3.230436e+08
26,96,480,832,22,20,-42,oil,6.923922e+06
26,96,480,832,22,20,-42,natural_gas,0
26,96,480,832,22,20,-42,copper_ore,2.0298406e+07
26,96,480,832,22,20,-42,iron_ore,0
26,96,480,832,22,20,-42,gold_ore,2.239336e+06
26,96,480,832,22,20,-42,silver_ore,1.1305415e+06
26,96,480,832,22,20,-42,salt,13362.956
26,96,480,832,22,20,-42,saltpeter,0
26,96,480,832,22,20,-42,rare_earth,0
26,96,480,832,22,20,-42,clay,1.9071614e+07
26,96,480,832,22,20,-42,wild_game,14395.763
26,96,480,832,22,20,-42,marine_fish,0
26,96,480,832,22,20,-42,arable_land,125000
26,96,480,832,22,20,-42,paddy_land,0
26,96,480,832,22,20,-42,plantation_land,0
26,96,480,832,22,20,-42,pasture,125000
26,96,480,832,22,20,-42,bauxite,0
26,96,480,832,22,20,-42,limestone,0
26,96,480,832,22,20,-42,silica_sand,0
26,96,480,832,22,20,-42,phosphate_rock,0
26,96,480,832,22,20,-42,tin_ore,0
26,96,480,832,22,20,-42,lead_ore,0
26,96,480,832,22,20,-42,zinc_ore,0
26,96,480,832,22,20,-42,manganese_ore,0
26,96,480,832,22,20,-42,sulfur,0
26,96,480,832,22,20,-42,flint,9.27225e+07
27,97,485,832,22,20,-42,timber,86.8345
27,97,485,832,22,20,-42,stone,1.2754055e+08
27,97,485,832,22,20,-42,fertile_soil,469475.03
27,97,485,832,22,20,-42,coal,3.230436e+08
27,97,485,832,22,20,-42,oil,6.923897e+06
27,97,485,832,22,20,-42,natural_gas,0
27,97,485,832,22,20,-42,copper_ore,2.0298406e+07
27,97,485,832,22,20,-42,iron_ore,0
27,97,485,832,22,20,-42,gold_ore,2.239336e+06
27,97,485,832,22,20,-42,silver_ore,1.1305415e+06
27,97,485,832,22,20,-42,salt,13439.99
27,97,485,832,22,20,-42,saltpeter,0
27,97,485,832,22,20,-42,rare_earth,0
27,97,485,832,22,20,-42,clay,1.9017306e+07
27,97,485,832,22,20,-42,wild_game,14533.348
27,97,485,832,22,20,-42,marine_fish,0
27,97,485,832,22,20,-42,arable_land,125000
27,97,485,832,22,20,-42,paddy_land,0
27,97,485,832,22,20,-42,plantation_land,0
27,97,485,832,22,20,-42,pasture,125000
27,97,485,832,22,20,-42,bauxite,0
27,97,485,832,22,20,-42,limestone,0
27,97,485,832,22,20,-42,silica_sand,0
27,97,485,832,22,20,-42,phosphate_rock,0
27,97,485,832,22,20,-42,tin_ore,0
27,97,485,832,22,20,-42,lead_ore,0
27,97,485,832,22,20,-42,zinc_ore,0
27,97,485,832,22,20,-42,manganese_ore,0
27,97,485,832,22,20,-42,sulfur,0
27,97,485,832,22,20,-42,flint,9.27225e+07
28,98,490,832,22,20,-42,timber,86.89482
28,98,490,832,22,20,-42,stone,1.2754055e+08
28,98,490,832,22,20,-42,fertile_soil,470377.56
28,98,490,832,22,20,-42,coal,3.230436e+08
28,98,490,832,22,20,-42,oil,6.923872e+06
28,98,490,832,22,20,-42,natural_gas,0
28,98,490,832,22,20,-42,copper_ore,2.0298406e+07
28,98,490,832,22,20,-42,iron_ore,0
28,98,490,832,22,20,-42,gold_ore,2.239336e+06
28,98,490,832,22,20,-42,silver_ore,1.1305415e+06
28,98,490,832,22,20,-42,salt,13669.902
28,98,490,832,22,20,-42,saltpeter,0
28,98,490,832,22,20,-42,rare_earth,0
28,98,490,832,22,20,-42,clay,1.8960104e+07
28,98,490,832,22,20,-42,wild_game,14560.791
28,98,490,832,22,20,-42,marine_fish,0
28,98,490,832,22,20,-42,arable_land,125000
28,98,490,832,22,20,-42,paddy_land,0
28,98,490,832,22,20,-42,plantation_land,0
28,98,490,832,22,20,-42,pasture,125000
28,98,490,832,22,20,-42,bauxite,0
28,98,490,832,22,20,-42,limestone,0
28,98,490,832,22,20,-42,silica_sand,0
28,98,490,832,22,20,-42,phosphate_rock,0
28,98,490,832,22,20,-42,tin_ore,0
28,98,490,832,22,20,-42,lead_ore,0
28,98,490,832,22,20,-42,zinc_ore,0
28,98,490,832,22,20,-42,manganese_ore,0
28,98,490,832,22,20,-42,sulfur,0
28,98,490,832,22,20,-42,flint,9.27225e+07
29,99,495,832,22,20,-42,timber,86.95265
29,99,495,832,22,20,-42,stone,1.2754055e+08
29,99,495,832,22,20,-42,fertile_soil,471334.47
29,99,495,832,22,20,-42,coal,3.230436e+08
29,99,495,832,22,20,-42,oil,6.923847e+06
29,99,495,832,22,20,-42,natural_gas,0
29,99,495,832,22,20,-42,copper_ore,2.0298406e+07
29,99,495,832,22,20,-42,iron_ore,0
29,99,495,832,22,20,-42,gold_ore,2.239336e+06
29,99,495,832,22,20,-42,silver_ore,1.1305415e+06
29,99,495,832,22,20,-42,salt,13774.621
29,99,495,832,22,20,-42,saltpeter,0
29,99,495,832,22,20,-42,rare_earth,0
29,99,495,832,22,20,-42,clay,1.8905732e+07
29,99,495,832,22,20,-42,wild_game,14682.027
29,99,495,832,22,20,-42,marine_fish,0
29,99,495,832,22,20,-42,arable_land,125000
29,99,495,832,22,20,-42,paddy_land,0
29,99,495,832,22,20,-42,plantation_land,0
29,99,495,832,22,20,-42,pasture,125000
29,99,495,832,22,20,-42,bauxite,0
29,99,495,832,22,20,-42,limestone,0
29,99,495,832,22,20,-42,silica_sand,0
29,99,495,832,22,20,-42,phosphate_rock,0
29,99,495,832,22,20,-42,tin_ore,0
29,99,495,832,22,20,-42,lead_ore,0
29,99,495,832,22,20,-42,zinc_ore,0
29,99,495,832,22,20,-42,manganese_ore,0
29,99,495,832,22,20,-42,sulfur,0
29,99,495,832,22,20,-42,flint,9.27225e+07
30,100,500,832,22,20,-42,timber,87.008095
30,100,500,832,22,20,-42,stone,1.2754055e+08
30,100,500,832,22,20,-42,fertile_soil,472212.44
30,100,500,832,22,20,-42,coal,3.230436e+08
30,100,500,832,22,20,-42,oil,6.923822e+06
30,100,500,832,22,20,-42,natural_gas,0
30,100,500,832,22,20,-42,copper_ore,2.0298406e+07
30,100,500,832,22,20,-42,iron_ore,0
30,100,500,832,22,20,-42,gold_ore,2.239336e+06
30,100,500,832,22,20,-42,silver_ore,1.1305415e+06
30,100,500,832,22,20,-42,salt,14021.346
30,100,500,832,22,20,-42,saltpeter,0
30,100,500,832,22,20,-42,rare_earth,0
30,100,500,832,22,20,-42,clay,1.884869e+07
30,100,500,832,22,20,-42,wild_game,14615.257
30,100,500,832,22,20,-42,marine_fish,0
30,100,500,832,22,20,-42,arable_land,125000
30,100,500,832,22,20,-42,paddy_land,0
30,100,500,832,22,20,-42,plantation_land,0
30,100,500,832,22,20,-42,pasture,125000
30,100,500,832,22,20,-42,bauxite,0
30,100,500,832,22,20,-42,limestone,0
30,100,500,832,22,20,-42,silica_sand,0
30,100,500,832,22,20,-42,phosphate_rock,0
30,100,500,832,22,20,-42,tin_ore,0
30,100,500,832,22,20,-42,lead_ore,0
30,100,500,832,22,20,-42,zinc_ore,0
30,100,500,832,22,20,-42,manganese_ore,0
30,100,500,832,22,20,-42,sulfur,0
30,100,500,832,22,20,-42,flint,9.27225e+07
31,101,505,832,22,20,-42,timber,87.06123
31,101,505,832,22,20,-42,stone,1.2754055e+08
31,101,505,832,22,20,-42,fertile_soil,473136.62
31,101,505,832,22,20,-42,coal,3.230436e+08
31,101,505,832,22,20,-42,oil,6.923797e+06
31,101,505,832,22,20,-42,natural_gas,0
31,101,505,832,22,20,-42,copper_ore,2.0298406e+07
31,101,505,832,22,20,-42,iron_ore,0
31,101,505,832,22,20,-42,gold_ore,2.239336e+06
31,101,505,832,22,20,-42,silver_ore,1.1305415e+06
31,101,505,832,22,20,-42,salt,14149.848
31,101,505,832,22,20,-42,saltpeter,0
31,101,505,832,22,20,-42,rare_earth,0
31,101,505,832,22,20,-42,clay,1.8794324e+07
31,101,505,832,22,20,-42,wild_game,14709.301
31,101,505,832,22,20,-42,marine_fish,0
31,101,505,832,22,20,-42,arable_land,125000
31,101,505,832,22,20,-42,paddy_land,0
31,101,505,832,22,20,-42,plantation_land,0
31,101,505,832,22,20,-42,pasture,125000
31,101,505,832,22,20,-42,bauxite,0
31,101,505,832,22,20,-42,limestone,0
31,101,505,832,22,20,-42,silica_sand,0
31,101,505,832,22,20,-42,phosphate_rock,0
31,101,505,832,22,20,-42,tin_ore,0
31,101,505,832,22,20,-42,lead_ore,0
31,101,505,832,22,20,-42,zinc_ore,0
31,101,505,832,22,20,-42,manganese_ore,0
31,101,505,832,22,20,-42,sulfur,0
31,101,505,832,22,20,-42,flint,9.27225e+07
32,102,510,832,22,20,-42,timber,87.1122
32,102,510,832,22,20,-42,stone,1.2754055e+08
32,102,510,832,22,20,-42,fertile_soil,473990.94
32,102,510,832,22,20,-42,coal,3.230436e+08
32,102,510,832,22,20,-42,oil,6.923772e+06
32,102,510,832,22,20,-42,natural_gas,0
32,102,510,832,22,20,-42,copper_ore,2.0298406e+07
32,102,510,832,22,20,-42,iron_ore,0
32,102,510,832,22,20,-42,gold_ore,2.239336e+06
32,102,510,832,22,20,-42,silver_ore,1.1305415e+06
32,102,510,832,22,20,-42,salt,14406.163
32,102,510,832,22,20,-42,saltpeter,0
32,102,510,832,22,20,-42,rare_earth,0
32,102,510,832,22,20,-42,clay,1.873758e+07
32,102,510,832,22,20,-42,wild_game,14701.416
32,102,510,832,22,20,-42,marine_fish,0
32,102,510,832,22,20,-42,arable_land,125000
32,102,510,832,22,20,-42,paddy_land,0
32,102,510,832,22,20,-42,plantation_land,0
32,102,510,832,22,20,-42,pasture,125000
32,102,510,832,22,20,-42,bauxite,0
32,102,510,832,22,20,-42,limestone,0
32,102,510,832,22,20,-42,silica_sand,0
32,102,510,832,22,20,-42,phosphate_rock,0
32,102,510,832,22,20,-42,tin_ore,0
32,102,510,832,22,20,-42,lead_ore,0
32,102,510,832,22,20,-42,zinc_ore,0
32,102,510,832,22,20,-42,manganese_ore,0
32,102,510,832,22,20,-42,sulfur,0
32,102,510,832,22,20,-42,flint,9.27225e+07
33,103,515,832,22,20,-42,timber,87.16102
33,103,515,832,22,20,-42,stone,1.2754055e+08
33,103,515,832,22,20,-42,fertile_soil,474883.66
33,103,515,832,22,20,-42,coal,3.230436e+08
33,103,515,832,22,20,-42,oil,6.923747e+06
33,103,515,832,22,20,-42,natural_gas,0
33,103,515,832,22,20,-42,copper_ore,2.0298406e+07
33,103,515,832,22,20,-42,iron_ore,0
33,103,515,832,22,20,-42,gold_ore,2.239336e+06
33,103,515,832,22,20,-42,silver_ore,1.1305415e+06
33,103,515,832,22,20,-42,salt,14556.1
33,103,515,832,22,20,-42,saltpeter,0
33,103,515,832,22,20,-42,rare_earth,0
33,103,515,832,22,20,-42,clay,1.868326e+07
33,103,515,832,22,20,-42,wild_game,14769.386
33,103,515,832,22,20,-42,marine_fish,0
33,103,515,832,22,20,-42,arable_land,125000
33,103,515,832,22,20,-42,paddy_land,0
33,103,515,832,22,20,-42,plantation_land,0
33,103,515,832,22,20,-42,pasture,125000
33,103,515,832,22,20,-42,bauxite,0
33,103,515,832,22,20,-42,limestone,0
33,103,515,832,22,20,-42,silica_sand,0
33,103,515,832,22,20,-42,phosphate_rock,0
33,103,515,832,22,20,-42,tin_ore,0
33,103,515,832,22,20,-42,lead_ore,0
33,103,515,832,22,20,-42,zinc_ore,0
33,103,515,832,22,20,-42,manganese_ore,0
33,103,515,832,22,20,-42,sulfur,0
33,103,515,832,22,20,-42,flint,9.27225e+07
34,104,520,832,22,20,-42,timber,87.20784
34,104,520,832,22,20,-42,stone,1.2754055e+08
34,104,520,832,22,20,-42,fertile_soil,475712.16
34,104,520,832,22,20,-42,coal,3.230436e+08
34,104,520,832,22,20,-42,oil,6.923722e+06
34,104,520,832,22,20,-42,natural_gas,0
34,104,520,832,22,20,-42,copper_ore,2.0298406e+07
34,104,520,832,22,20,-42,iron_ore,0
34,104,520,832,22,20,-42,gold_ore,2.239336e+06
34,104,520,832,22,20,-42,silver_ore,1.1305415e+06
34,104,520,832,22,20,-42,salt,14826.078
34,104,520,832,22,20,-42,saltpeter,0
34,104,520,832,22,20,-42,rare_earth,0
34,104,520,832,22,20,-42,clay,1.8626722e+07
34,104,520,832,22,20,-42,wild_game,14742.02
34,104,520,832,22,20,-42,marine_fish,0
34,104,520,832,22,20,-42,arable_land,125000
34,104,520,832,22,20,-42,paddy_land,0
34,104,520,832,22,20,-42,plantation_land,0
34,104,520,832,22,20,-42,pasture,125000
34,104,520,832,22,20,-42,bauxite,0
34,104,520,832,22,20,-42,limestone,0
34,104,520,832,22,20,-42,silica_sand,0
34,104,520,832,22,20,-42,phosphate_rock,0
34,104,520,832,22,20,-42,tin_ore,0
34,104,520,832,22,20,-42,lead_ore,0
34,104,520,832,22,20,-42,zinc_ore,0
34,104,520,832,22,20,-42,manganese_ore,0
34,104,520,832,22,20,-42,sulfur,0
34,104,520,832,22,20,-42,flint,9.272249e+07
35,105,525,832,22,20,-42,timber,87.252686
35,105,525,832,22,20,-42,stone,1.2754055e+08
35,105,525,832,22,20,-42,fertile_soil,476569.78
35,105,525,832,22,20,-42,coal,3.230436e+08
35,105,525,832,22,20,-42,oil,6.923697e+06
35,105,525,832,22,20,-42,natural_gas,0
35,105,525,832,22,20,-42,copper_ore,2.0298406e+07
35,105,525,832,22,20,-42,iron_ore,0
35,105,525,832,22,20,-42,gold_ore,2.239336e+06
35,105,525,832,22,20,-42,silver_ore,1.1305415e+06
35,105,525,832,22,20,-42,salt,15003.407
35,105,525,832,22,20,-42,saltpeter,0
35,105,525,832,22,20,-42,rare_earth,0
35,105,525,832,22,20,-42,clay,1.8572318e+07
35,105,525,832,22,20,-42,wild_game,14778.531
35,105,525,832,22,20,-42,marine_fish,0
35,105,525,832,22,20,-42,arable_land,125000
35,105,525,832,22,20,-42,paddy_land,0
35,105,525,832,22,20,-42,plantation_land,0
35,105,525,832,22,20,-42,pasture,125000
35,105,525,832,22,20,-42,bauxite,0
35,105,525,832,22,20,-42,limestone,0
35,105,525,832,22,20,-42,silica_sand,0
35,105,525,832,22,20,-42,phosphate_rock,0
35,105,525,832,22,20,-42,tin_ore,0
35,105,525,832,22,20,-42,lead_ore,0
35,105,525,832,22,20,-42,zinc_ore,0
35,105,525,832,22,20,-42,manganese_ore,0
35,105,525,832,22,20,-42,sulfur,0
35,105,525,832,22,20,-42,flint,9.272249e+07
36,106,530,832,22,20,-42,timber,87.29567
36,106,530,832,22,20,-42,stone,1.2754055e+08
36,106,530,832,22,20,-42,fertile_soil,477377.75
36,106,530,832,22,20,-42,coal,3.230436e+08
36,106,530,832,22,20,-42,oil,6.923672e+06
36,106,530,832,22,20,-42,natural_gas,0
36,106,530,832,22,20,-42,copper_ore,2.0298406e+07
36,106,530,832,22,20,-42,iron_ore,0
36,106,530,832,22,20,-42,gold_ore,2.239336e+06
36,106,530,832,22,20,-42,silver_ore,1.1305415e+06
36,106,530,832,22,20,-42,salt,15274.563
36,106,530,832,22,20,-42,saltpeter,0
36,106,530,832,22,20,-42,rare_earth,0
36,106,530,832,22,20,-42,clay,1.8516236e+07
36,106,530,832,22,20,-42,wild_game,14741.094
36,106,530,832,22,20,-42,marine_fish,0
36,106,530,832,22,20,-42,arable_land,125000
36,106,530,832,22,20,-42,paddy_land,0
36,106,530,832,22,20,-42,plantation_land,0
36,106,530,832,22,20,-42,pasture,125000
36,106,530,832,22,20,-42,bauxite,0
36,106,530,832,22,20,-42,limestone,0
36,106,530,832,22,20,-42,silica_sand,0
36,106,530,832,22,20,-42,phosphate_rock,0
36,106,530,832,22,20,-42,tin_ore,0
36,106,530,832,22,20,-42,lead_ore,0
36,106,530,832,22,20,-42,zinc_ore,0
36,106,530,832,22,20,-42,manganese_ore,0
36,106,530,832,22,20,-42,sulfur,0
36,106,530,832,22,20,-42,flint,9.272249e+07
37,107,535,832,22,20,-42,timber,87.33688
37,107,535,832,22,20,-42,stone,1.2754055e+08
37,107,535,832,22,20,-42,fertile_soil,478207.6
37,107,535,832,22,20,-42,coal,3.230436e+08
37,107,535,832,22,20,-42,oil,6.923647e+06
37,107,535,832,22,20,-42,natural_gas,0
37,107,535,832,22,20,-42,copper_ore,2.0298406e+07
37,107,535,832,22,20,-42,iron_ore,0
37,107,535,832,22,20,-42,gold_ore,2.239336e+06
37,107,535,832,22,20,-42,silver_ore,1.1305415e+06
37,107,535,832,22,20,-42,salt,15467.023
37,107,535,832,22,20,-42,saltpeter,0
37,107,535,832,22,20,-42,rare_earth,0
37,107,535,832,22,20,-42,clay,1.8461998e+07
37,107,535,832,22,20,-42,wild_game,14682.322
37,107,535,832,22,20,-42,marine_fish,0
37,107,535,832,22,20,-42,arable_land,125000
37,107,535,832,22,20,-42,paddy_land,0
37,107,535,832,22,20,-42,plantation_land,0
37,107,535,832,22,20,-42,pasture,125000
37,107,535,832,22,20,-42,bauxite,0
37,107,535,832,22,20,-42,limestone,0
37,107,535,832,22,20,-42,silica_sand,0
37,107,535,832,22,20,-42,phosphate_rock,0
37,107,535,832,22,20,-42,tin_ore,0
37,107,535,832,22,20,-42,lead_ore,0
37,107,535,832,22,20,-42,zinc_ore,0
37,107,535,832,22,20,-42,manganese_ore,0
37,107,535,832,22,20,-42,sulfur,0
37,107,535,832,22,20,-42,flint,9.272249e+07
38,108,540,832,22,20,-42,timber,87.37638
38,108,540,832,22,20,-42,stone,1.2754055e+08
38,108,540,832,22,20,-42,fertile_soil,478989.84
38,108,540,832,22,20,-42,coal,3.230436e+08
38,108,540,832,22,20,-42,oil,6.923622e+06
38,108,540,832,22,20,-42,natural_gas,0
38,108,540,832,22,20,-42,copper_ore,2.0298406e+07
38,108,540,832,22,20,-42,iron_ore,0
38,108,540,832,22,20,-42,gold_ore,2.239336e+06
38,108,540,832,22,20,-42,silver_ore,1.1305415e+06
38,108,540,832,22,20,-42,salt,15752.117
38,108,540,832,22,20,-42,saltpeter,0
38,108,540,832,22,20,-42,rare_earth,0
38,108,540,832,22,20,-42,clay,1.8406106e+07
38,108,540,832,22,20,-42,wild_game,14626.933
38,108,540,832,22,20,-42,marine_fish,0
38,108,540,832,22,20,-42,arable_land,125000
38,108,540,832,22,20,-42,paddy_land,0
38,108,540,832,22,20,-42,plantation_land,0
38,108,540,832,22,20,-42,pasture,125000
38,108,540,832,22,20,-42,bauxite,0
38,108,540,832,22,20,-42,limestone,0
38,108,540,832,22,20,-42,silica_sand,0
38,108,540,832,22,20,-42,phosphate_rock,0
38,108,540,832,22,20,-42,tin_ore,0
38,108,540,832,22,20,-42,lead_ore,0
38,108,540,832,22,20,-42,zinc_ore,0
38,108,540,832,22,20,-42,manganese_ore,0
38,108,540,832,22,20,-42,sulfur,0
38,108,540,832,22,20,-42,flint,9.272249e+07
39,109,545,832,22,20,-42,timber,87.41421
39,109,545,832,22,20,-42,stone,1.2754054e+08
39,109,545,832,22,20,-42,fertile_soil,479796.97
39,109,545,832,22,20,-42,coal,3.230436e+08
39,109,545,832,22,20,-42,oil,6.923597e+06
39,109,545,832,22,20,-42,natural_gas,0
39,109,545,832,22,20,-42,copper_ore,2.0298406e+07
39,109,545,832,22,20,-42,iron_ore,0
39,109,545,832,22,20,-42,gold_ore,2.239336e+06
39,109,545,832,22,20,-42,silver_ore,1.1305415e+06
39,109,545,832,22,20,-42,salt,15969.1875
39,109,545,832,22,20,-42,saltpeter,0
39,109,545,832,22,20,-42,rare_earth,0
39,109,545,832,22,20,-42,clay,1.8351856e+07
39,109,545,832,22,20,-42,wild_game,14621.6045
39,109,545,832,22,20,-42,marine_fish,0
39,109,545,832,22,20,-42,arable_land,125000
39,109,545,832,22,20,-42,paddy_land,0
39,109,545,832,22,20,-42,plantation_land,0
39,109,545,832,22,20,-42,pasture,125000
39,109,545,832,22,20,-42,bauxite,0
39,109,545,832,22,20,-42,limestone,0
39,109,545,832,22,20,-42,silica_sand,0
39,109,545,832,22,20,-42,phosphate_rock,0
39,109,545,832,22,20,-42,tin_ore,0
39,109,545,832,22,20,-42,lead_ore,0
39,109,545,832,22,20,-42,zinc_ore,0
39,109,545,832,22,20,-42,manganese_ore,0
39,109,545,832,22,20,-42,sulfur,0
39,109,545,832,22,20,-42,flint,9.272249e+07
40,110,550,832,22,20,-42,timber,87.45047
40,110,550,832,22,20,-42,stone,1.2754054e+08
40,110,550,832,22,20,-42,fertile_soil,480566.9
40,110,550,832,22,20,-42,coal,3.230436e+08
40,110,550,832,22,20,-42,oil,6.923572e+06
40,110,550,832,22,20,-42,natural_gas,0
40,110,550,832,22,20,-42,copper_ore,2.0298406e+07
40,110,550,832,22,20,-42,iron_ore,0
40,110,550,832,22,20,-42,gold_ore,2.239336e+06
40,110,550,832,22,20,-42,silver_ore,1.1305415e+06
40,110,550,832,22,20,-42,salt,16257.161
40,110,550,832,22,20,-42,saltpeter,0
40,110,550,832,22,20,-42,rare_earth,0
40,110,550,832,22,20,-42,clay,1.8296396e+07
40,110,550,832,22,20,-42,wild_game,14561.719
40,110,550,832,22,20,-42,marine_fish,0
40,110,550,832,22,20,-42,arable_land,125000
40,110,550,832,22,20,-42,paddy_land,0
40,110,550,832,22,20,-42,plantation_land,0
40,110,550,832,22,20,-42,pasture,125000
40,110,550,832,22,20,-42,bauxite,0
40,110,550,832,22,20,-42,limestone,0
40,110,550,832,22,20,-42,silica_sand,0
40,110,550,832,22,20,-42,phosphate_rock,0
40,110,550,832,22,20,-42,tin_ore,0
40,110,550,832,22,20,-42,lead_ore,0
40,110,550,832,22,20,-42,zinc_ore,0
40,110,550,832,22,20,-42,manganese_ore,0
40,110,550,832,22,20,-42,sulfur,0
40,110,550,832,22,20,-42,flint,9.272249e+07
41,111,555,832,22,20,-42,timber,87.48523
41,111,555,832,22,20,-42,stone,1.2754054e+08
41,111,555,832,22,20,-42,fertile_soil,481359.38
41,111,555,832,22,20,-42,coal,3.230436e+08
41,111,555,832,22,20,-42,oil,6.923547e+06
41,111,555,832,22,20,-42,natural_gas,0
41,111,555,832,22,20,-42,copper_ore,2.0298406e+07
41,111,555,832,22,20,-42,iron_ore,0
41,111,555,832,22,20,-42,gold_ore,2.239336e+06
41,111,555,832,22,20,-42,silver_ore,1.1305415e+06
41,111,555,832,22,20,-42,salt,16482.516
41,111,555,832,22,20,-42,saltpeter,0
41,111,555,832,22,20,-42,rare_earth,0
41,111,555,832,22,20,-42,clay,1.8242466e+07
41,111,555,832,22,20,-42,wild_game,14547.746
41,111,555,832,22,20,-42,marine_fish,0
41,111,555,832,22,20,-42,arable_land,125000
41,111,555,832,22,20,-42,paddy_land,0
41,111,555,832,22,20,-42,plantation_land,0
41,111,555,832,22,20,-42,pasture,125000
41,111,555,832,22,20,-42,bauxite,0
41,111,555,832,22,20,-42,limestone,0
41,111,555,832,22,20,-42,silica_sand,0
41,111,555,832,22,20,-42,phosphate_rock,0
41,111,555,832,22,20,-42,tin_ore,0
41,111,555,832,22,20,-42,lead_ore,0
41,111,555,832,22,20,-42,zinc_ore,0
41,111,555,832,22,20,-42,manganese_ore,0
41,111,555,832,22,20,-42,sulfur,0
41,111,555,832,22,20,-42,flint,9.272249e+07
42,112,560,832,22,20,-42,timber,87.51856
42,112,560,832,22,20,-42,stone,1.2754054e+08
42,112,560,832,22,20,-42,fertile_soil,482119.2
42,112,560,832,22,20,-42,coal,3.230436e+08
42,112,560,832,22,20,-42,oil,6.923522e+06
42,112,560,832,22,20,-42,natural_gas,0
42,112,560,832,22,20,-42,copper_ore,2.0298406e+07
42,112,560,832,22,20,-42,iron_ore,0
42,112,560,832,22,20,-42,gold_ore,2.239336e+06
42,112,560,832,22,20,-42,silver_ore,1.1305415e+06
42,112,560,832,22,20,-42,salt,16769.29
42,112,560,832,22,20,-42,saltpeter,0
42,112,560,832,22,20,-42,rare_earth,0
42,112,560,832,22,20,-42,clay,1.818752e+07
42,112,560,832,22,20,-42,wild_game,14486.823
42,112,560,832,22,20,-42,marine_fish,0
42,112,560,832,22,20,-42,arable_land,125000
42,112,560,832,22,20,-42,paddy_land,0
42,112,560,832,22,20,-42,plantation_land,0
42,112,560,832,22,20,-42,pasture,125000
42,112,560,832,22,20,-42,bauxite,0
42,112,560,832,22,20,-42,limestone,0
42,112,560,832,22,20,-42,silica_sand,0
42,112,560,832,22,20,-42,phosphate_rock,0
42,112,560,832,22,20,-42,tin_ore,0
42,112,560,832,22,20,-42,lead_ore,0
42,112,560,832,22,20,-42,zinc_ore,0
42,112,560,832,22,20,-42,manganese_ore,0
42,112,560,832,22,20,-42,sulfur,0
42,112,560,832,22,20,-42,flint,9.272249e+07
43,113,565,832,22,20,-42,timber,87.5505
43,113,565,832,22,20,-42,stone,1.2754054e+08
43,113,565,832,22,20,-42,fertile_soil,482896.62
43,113,565,832,22,20,-42,coal,3.230436e+08
43,113,565,832,22,20,-42,oil,6.923497e+06
43,113,565,832,22,20,-42,natural_gas,0
43,113,565,832,22,20,-42,copper_ore,2.0298406e+07
43,113,565,832,22,20,-42,iron_ore,0
43,113,565,832,22,20,-42,gold_ore,2.239336e+06
43,113,565,832,22,20,-42,silver_ore,1.1305415e+06
43,113,565,832,22,20,-42,salt,17000.486
43,113,565,832,22,20,-42,saltpeter,0
43,113,565,832,22,20,-42,rare_earth,0
43,113,565,832,22,20,-42,clay,1.8133952e+07
43,113,565,832,22,20,-42,wild_game,14391.064
43,113,565,832,22,20,-42,marine_fish,0
43,113,565,832,22,20,-42,arable_land,125000
43,113,565,832,22,20,-42,paddy_land,0
43,113,565,832,22,20,-42,plantation_land,0
43,113,565,832,22,20,-42,pasture,125000
43,113,565,832,22,20,-42,bauxite,0
43,113,565,832,22,20,-42,limestone,0
43,113,565,832,22,20,-42,silica_sand,0
43,113,565,832,22,20,-42,phosphate_rock,0
43,113,565,832,22,20,-42,tin_ore,0
43,113,565,832,22,20,-42,lead_ore,0
43,113,565,832,22,20,-42,zinc_ore,0
43,113,565,832,22,20,-42,manganese_ore,0
43,113,565,832,22,20,-42,sulfur,0
43,113,565,832,22,20,-42,flint,9.272249e+07
44,114,570,832,22,20,-42,timber,87.58114
44,114,570,832,22,20,-42,stone,1.2754054e+08
44,114,570,832,22,20,-42,fertile_soil,483651.9
44,114,570,832,22,20,-42,coal,3.230436e+08
44,114,570,832,22,20,-42,oil,6.923472e+06
44,114,570,832,22,20,-42,natural_gas,0
44,114,570,832,22,20,-42,copper_ore,2.0298406e+07
44,114,570,832,22,20,-42,iron_ore,0
44,114,570,832,22,20,-42,gold_ore,2.239336e+06
44,114,570,832,22,20,-42,silver_ore,1.1305415e+06
44,114,570,832,22,20,-42,salt,17270.828
44,114,570,832,22,20,-42,saltpeter,0
44,114,570,832,22,20,-42,rare_earth,0
44,114,570,832,22,20,-42,clay,1.8079822e+07
44,114,570,832,22,20,-42,wild_game,14340.686
44,114,570,832,22,20,-42,marine_fish,0
44,114,570,832,22,20,-42,arable_land,125000
44,114,570,832,22,20,-42,paddy_land,0
44,114,570,832,22,20,-42,plantation_land,0
44,114,570,832,22,20,-42,pasture,125000
44,114,570,832,22,20,-42,bauxite,0
44,114,570,832,22,20,-42,limestone,0
44,114,570,832,22,20,-42,silica_sand,0
44,114,570,832,22,20,-42,phosphate_rock,0
44,114,570,832,22,20,-42,tin_ore,0
44,114,570,832,22,20,-42,lead_ore,0
44,114,570,832,22,20,-42,zinc_ore,0
44,114,570,832,22,20,-42,manganese_ore,0
44,114,570,832,22,20,-42,sulfur,0
44,114,570,832,22,20,-42,flint,9.272248e+07
45,115,575,832,22,20,-42,timber,87.61049
45,115,575,832,22,20,-42,stone,1.2754054e+08
45,115,575,832,22,20,-42,fertile_soil,484422.72
45,115,575,832,22,20,-42,coal,3.230436e+08
45,115,575,832,22,20,-42,oil,6.923447e+06
45,115,575,832,22,20,-42,natural_gas,0
45,115,575,832,22,20,-42,copper_ore,2.0298406e+07
45,115,575,832,22,20,-42,iron_ore,0
45,115,575,832,22,20,-42,gold_ore,2.239336e+06
45,115,575,832,22,20,-42,silver_ore,1.1305415e+06
45,115,575,832,22,20,-42,salt,17492.502
45,115,575,832,22,20,-42,saltpeter,0
45,115,575,832,22,20,-42,rare_earth,0
45,115,575,832,22,20,-42,clay,1.8026928e+07
45,115,575,832,22,20,-42,wild_game,14324.658
45,115,575,832,22,20,-42,marine_fish,0
45,115,575,832,22,20,-42,arable_land,125000
45,115,575,832,22,20,-42,paddy_land,0
45,115,575,832,22,20,-42,plantation_land,0
45,115,575,832,22,20,-42,pasture,125000
45,115,575,832,22,20,-42,bauxite,0
45,115,575,832,22,20,-42,limestone,0
45,115,575,832,22,20,-42,silica_sand,0
45,115,575,832,22,20,-42,phosphate_rock,0
45,115,575,832,22,20,-42,tin_ore,0
45,115,575,832,22,20,-42,lead_ore,0
45,115,575,832,22,20,-42,zinc_ore,0
45,115,575,832,22,20,-42,manganese_ore,0
45,115,575,832,22,20,-42,sulfur,0
45,115,575,832,22,20,-42,flint,9.272248e+07
46,116,580,832,22,20,-42,timber,87.63864
46,116,580,832,22,20,-42,stone,1.2754054e+08
46,116,580,832,22,20,-42,fertile_soil,485174.16
46,116,580,832,22,20,-42,coal,3.230436e+08
46,116,580,832,22,20,-42,oil,6.923422e+06
46,116,580,832,22,20,-42,natural_gas,0
46,116,580,832,22,20,-42,copper_ore,2.0298406e+07
46,116,580,832,22,20,-42,iron_ore,0
46,116,580,832,22,20,-42,gold_ore,2.239336e+06
46,116,580,832,22,20,-42,silver_ore,1.1305415e+06
46,116,580,832,22,20,-42,salt,17747.504
46,116,580,832,22,20,-42,saltpeter,0
46,116,580,832,22,20,-42,rare_earth,0
46,116,580,832,22,20,-42,clay,1.7973592e+07
46,116,580,832,22,20,-42,wild_game,14283.385
46,116,580,832,22,20,-42,marine_fish,0
46,116,580,832,22,20,-42,arable_land,125000
46,116,580,832,22,20,-42,paddy_land,0
46,116,580,832,22,20,-42,plantation_land,0
46,116,580,832,22,20,-42,pasture,125000
46,116,580,832,22,20,-42,bauxite,0
46,116,580,832,22,20,-42,limestone,0
46,116,580,832,22,20,-42,silica_sand,0
46,116,580,832,22,20,-42,phosphate_rock,0
46,116,580,832,22,20,-42,tin_ore,0
46,116,580,832,22,20,-42,lead_ore,0
46,116,580,832,22,20,-42,zinc_ore,0
46,116,580,832,22,20,-42,manganese_ore,0
46,116,580,832,22,20,-42,sulfur,0
46,116,580,832,22,20,-42,flint,9.272248e+07
47,117,585,832,22,20,-42,timber,87.66561
47,117,585,832,22,20,-42,stone,1.2754054e+08
47,117,585,832,22,20,-42,fertile_soil,485939.88
47,117,585,832,22,20,-42,coal,3.230436e+08
47,117,585,832,22,20,-42,oil,6.923397e+06
47,117,585,832,22,20,-42,natural_gas,0
47,117,585,832,22,20,-42,copper_ore,2.0298406e+07
47,117,585,832,22,20,-42,iron_ore,0
47,117,585,832,22,20,-42,gold_ore,2.239336e+06
47,117,585,832,22,20,-42,silver_ore,1.1305415e+06
47,117,585,832,22,20,-42,salt,17959.379
47,117,585,832,22,20,-42,saltpeter,0
47,117,585,832,22,20,-42,rare_earth,0
47,117,585,832,22,20,-42,clay,1.792138e+07
47,117,585,832,22,20,-42,wild_game,14272.983
47,117,585,832,22,20,-42,marine_fish,0
47,117,585,832,22,20,-42,arable_land,125000
47,117,585,832,22,20,-42,paddy_land,0
47,117,585,832,22,20,-42,plantation_land,0
47,117,585,832,22,20,-42,pasture,125000
47,117,585,832,22,20,-42,bauxite,0
47,117,585,832,22,20,-42,limestone,0
47,117,585,832,22,20,-42,silica_sand,0
47,117,585,832,22,20,-42,phosphate_rock,0
47,117,585,832,22,20,-42,tin_ore,0
47,117,585,832,22,20,-42,lead_ore,0
47,117,585,832,22,20,-42,zinc_ore,0
47,117,585,832,22,20,-42,manganese_ore,0
47,117,585,832,22,20,-42,sulfur,0
47,117,585,832,22,20,-42,flint,9.272248e+07
48,118,590,832,22,20,-42,timber,87.69146
48,118,590,832,22,20,-42,stone,1.2754054e+08
48,118,590,832,22,20,-42,fertile_soil,486688.75
48,118,590,832,22,20,-42,coal,3.230436e+08
48,118,590,832,22,20,-42,oil,6.923372e+06
48,118,590,832,22,20,-42,natural_gas,0
48,118,590,832,22,20,-42,copper_ore,2.0298406e+07
48,118,590,832,22,20,-42,iron_ore,0
48,118,590,832,22,20,-42,gold_ore,2.239336e+06
48,118,590,832,22,20,-42,silver_ore,1.1305415e+06
48,118,590,832,22,20,-42,salt,18199.176
48,118,590,832,22,20,-42,saltpeter,0
48,118,590,832,22,20,-42,rare_earth,0
48,118,590,832,22,20,-42,clay,1.7868832e+07
48,118,590,832,22,20,-42,wild_game,14241.374
48,118,590,832,22,20,-42,marine_fish,0
48,118,590,832,22,20,-42,arable_land,125000
48,118,590,832,22,20,-42,paddy_land,0
48,118,590,832,22,20,-42,plantation_land,0
48,118,590,832,22,20,-42,pasture,125000
48,118,590,832,22,20,-42,bauxite,0
48,118,590,832,22,20,-42,limestone,0
48,118,590,832,22,20,-42,silica_sand,0
48,118,590,832,22,20,-42,phosphate_rock,0
48,118,590,832,22,20,-42,tin_ore,0
48,118,590,832,22,20,-42,lead_ore,0
48,118,590,832,22,20,-42,zinc_ore,0
48,118,590,832,22,20,-42,manganese_ore,0
48,118,590,832,22,20,-42,sulfur,0
48,118,590,832,22,20,-42,flint,9.272248e+07
49,119,595,832,22,20,-42,timber,87.71625
49,119,595,832,22,20,-42,stone,1.2754054e+08
49,119,595,832,22,20,-42,fertile_soil,487452.44
49,119,595,832,22,20,-42,coal,3.230436e+08
49,119,595,832,22,20,-42,oil,6.923347e+06
49,119,595,832,22,20,-42,natural_gas,0
49,119,595,832,22,20,-42,copper_ore,2.0298406e+07
49,119,595,832,22,20,-42,iron_ore,0
49,119,595,832,22,20,-42,gold_ore,2.239336e+06
49,119,595,832,22,20,-42,silver_ore,1.1305415e+06
49,119,595,832,22,20,-42,salt,18398.006
49,119,595,832,22,20,-42,saltpeter,0
49,119,595,832,22,20,-42,rare_earth,0
49,119,595,832,22,20,-42,clay,1.7817364e+07
49,119,595,832,22,20,-42,wild_game,14239.856
49,119,595,832,22,20,-42,marine_fish,0
49,119,595,832,22,20,-42,arable_land,125000
49,119,595,832,22,20,-42,paddy_land,0
49,119,595,832,22,20,-42,plantation_land,0
49,119,595,832,22,20,-42,pasture,125000
49,119,595,832,22,20,-42,bauxite,0
49,119,595,832,22,20,-42,limestone,0
49,119,595,832,22,20,-42,silica_sand,0
49,119,595,832,22,20,-42,phosphate_rock,0
49,119,595,832,22,20,-42,tin_ore,0
49,119,595,832,22,20,-42,lead_ore,0
49,119,595,832,22,20,-42,zinc_ore,0
49,119,595,832,22,20,-42,manganese_ore,0
49,119,595,832,22,20,-42,sulfur,0
49,119,595,832,22,20,-42,flint,9.272248e+07
50,120,600,832,22,20,-42,timber,87.74001
50,120,600,832,22,20,-42,stone,1.2754054e+08
50,120,600,832,22,20,-42,fertile_soil,488197.8
50,120,600,832,22,20,-42,coal,3.230436e+08
50,120,600,832,22,20,-42,oil,6.923322e+06
50,120,600,832,22,20,-42,natural_gas,0
50,120,600,832,22,20,-42,copper_ore,2.0298406e+07
50,120,600,832,22,20,-42,iron_ore,0
50,120,600,832,22,20,-42,gold_ore,2.239336e+06
50,120,600,832,22,20,-42,silver_ore,1.1305415e+06
50,120,600,832,22,20,-42,salt,18628.021
50,120,600,832,22,20,-42,saltpeter,0
50,120,600,832,22,20,-42,rare_earth,0
50,120,600,832,22,20,-42,clay,1.7765492e+07
50,120,600,832,22,20,-42,wild_game,14140.591
50,120,600,832,22,20,-42,marine_fish,0
50,120,600,832,22,20,-42,arable_land,125000
50,120,600,832,22,20,-42,paddy_land,0
50,120,600,832,22,20,-42,plantation_land,0
50,120,600,832,22,20,-42,pasture,125000
50,120,600,832,22,20,-42,bauxite,0
50,120,600,832,22,20,-42,limestone,0
50,120,600,832,22,20,-42,silica_sand,0
50,120,600,832,22,20,-42,phosphate_rock,0
50,120,600,832,22,20,-42,tin_ore,0
50,120,600,832,22,20,-42,lead_ore,0
50,120,600,832,22,20,-42,zinc_ore,0
50,120,600,832,22,20,-42,manganese_ore,0
50,120,600,832,22,20,-42,sulfur,0
50,120,600,832,22,20,-42,flint,9.272248e+07
51,121,605,832,22,20,-42,timber,87.7628
51,121,605,832,22,20,-42,stone,1.27540536e+08
51,121,605,832,22,20,-42,fertile_soil,488958.44
51,121,605,832,22,20,-42,coal,3.230436e+08
51,121,605,832,22,20,-42,oil,6.923297e+06
51,121,605,832,22,20,-42,natural_gas,0
51,121,605,832,22,20,-42,copper_ore,2.0298406e+07
51,121,605,832,22,20,-42,iron_ore,0
51,121,605,832,22,20,-42,gold_ore,2.239336e+06
51,121,605,832,22,20,-42,silver_ore,1.1305415e+06
51,121,605,832,22,20,-42,salt,18817.46
51,121,605,832,22,20,-42,saltpeter,0
51,121,605,832,22,20,-42,rare_earth,0
51,121,605,832,22,20,-42,clay,1.7714692e+07
51,121,605,832,22,20,-42,wild_game,14146.307
51,121,605,832,22,20,-42,marine_fish,0
51,121,605,832,22,20,-42,arable_land,125000
51,121,605,832,22,20,-42,paddy_land,0
51,121,605,832,22,20,-42,plantation_land,0
51,121,605,832,22,20,-42,pasture,125000
51,121,605,832,22,20,-42,bauxite,0
51,121,605,832,22,20,-42,limestone,0
51,121,605,832,22,20,-42,silica_sand,0
51,121,605,832,22,20,-42,phosphate_rock,0
51,121,605,832,22,20,-42,tin_ore,0
51,121,605,832,22,20,-42,lead_ore,0
51,121,605,832,22,20,-42,zinc_ore,0
51,121,605,832,22,20,-42,manganese_ore,0
51,121,605,832,22,20,-42,sulfur,0
51,121,605,832,22,20,-42,flint,9.272248e+07
52,122,610,832,22,20,-42,timber,87.78464
52,122,610,832,22,20,-42,stone,1.27540536e+08
52,122,610,832,22,20,-42,fertile_soil,489705.72
52,122,610,832,22,20,-42,coal,3.230436e+08
52,122,610,832,22,20,-42,oil,6.923272e+06
52,122,610,832,22,20,-42,natural_gas,0
52,122,610,832,22,20,-42,copper_ore,2.0298406e+07
52,122,610,832,22,20,-42,iron_ore,0
52,122,610,832,22,20,-42,gold_ore,2.239336e+06
52,122,610,832,22,20,-42,silver_ore,1.1305415e+06
52,122,610,832,22,20,-42,salt,19027.104
52,122,610,832,22,20,-42,saltpeter,0
52,122,610,832,22,20,-42,rare_earth,0
52,122,610,832,22,20,-42,clay,1.766371e+07
52,122,610,832,22,20,-42,wild_game,14136.478
52,122,610,832,22,20,-42,marine_fish,0
52,122,610,832,22,20,-42,arable_land,125000
52,122,610,832,22,20,-42,paddy_land,0
52,122,610,832,22,20,-42,plantation_land,0
52,122,610,832,22,20,-42,pasture,125000
52,122,610,832,22,20,-42,bauxite,0
52,122,610,832,22,20,-42,limestone,0
52,122,610,832,22,20,-42,silica_sand,0
52,122,610,832,22,20,-42,phosphate_rock,0
52,122,610,832,22,20,-42,tin_ore,0
52,122,610,832,22,20,-42,lead_ore,0
52,122,610,832,22,20,-42,zinc_ore,0
52,122,610,832,22,20,-42,manganese_ore,0
52,122,610,832,22,20,-42,sulfur,0
52,122,610,832,22,20,-42,flint,9.272248e+07
53,123,615,832,22,20,-42,timber,87.80557
53,123,615,832,22,20,-42,stone,1.27540536e+08
53,123,615,832,22,20,-42,fertile_soil,490469.4
53,123,615,832,22,20,-42,coal,3.230436e+08
53,123,615,832,22,20,-42,oil,6.923247e+06
53,123,615,832,22,20,-42,natural_gas,0
53,123,615,832,22,20,-42,copper_ore,2.0298406e+07
53,123,615,832,22,20,-42,iron_ore,0
53,123,615,832,22,20,-42,gold_ore,2.239336e+06
53,123,615,832,22,20,-42,silver_ore,1.1305415e+06
53,123,615,832,22,20,-42,salt,19195.955
53,123,615,832,22,20,-42,saltpeter,0
53,123,615,832,22,20,-42,rare_earth,0
53,123,615,832,22,20,-42,clay,1.7613804e+07
53,123,615,832,22,20,-42,wild_game,14157.257
53,123,615,832,22,20,-42,marine_fish,0
53,123,615,832,22,20,-42,arable_land,125000
53,123,615,832,22,20,-42,paddy_land,0
53,123,615,832,22,20,-42,plantation_land,0
53,123,615,832,22,20,-42,pasture,125000
53,123,615,832,22,20,-42,bauxite,0
53,123,615,832,22,20,-42,limestone,0
53,123,615,832,22,20,-42,silica_sand,0
53,123,615,832,22,20,-42,phosphate_rock,0
53,123,615,832,22,20,-42,tin_ore,0
53,123,615,832,22,20,-42,lead_ore,0
53,123,615,832,22,20,-42,zinc_ore,0
53,123,615,832,22,20,-42,manganese_ore,0
53,123,615,832,22,20,-42,sulfur,0
53,123,615,832,22,20,-42,flint,9.272248e+07
54,124,620,832,22,20,-42,timber,87.82564
54,124,620,832,22,20,-42,stone,1.27540536e+08
54,124,620,832,22,20,-42,fertile_soil,491217.6
54,124,620,832,22,20,-42,coal,3.230436e+08
54,124,620,832,22,20,-42,oil,6.923222e+06
54,124,620,832,22,20,-42,natural_gas,0
54,124,620,832,22,20,-42,copper_ore,2.0298406e+07
54,124,620,832,22,20,-42,iron_ore,0
54,124,620,832,22,20,-42,gold_ore,2.239336e+06
54,124,620,832,22,20,-42,silver_ore,1.1305415e+06
54,124,620,832,22,20,-42,salt,19391.7
54,124,620,832,22,20,-42,saltpeter,0
54,124,620,832,22,20,-42,rare_earth,0
54,124,620,832,22,20,-42,clay,1.756358e+07
54,124,620,832,22,20,-42,wild_game,14158.057
54,124,620,832,22,20,-42,marine_fish,0
54,124,620,832,22,20,-42,arable_land,125000
54,124,620,832,22,20,-42,paddy_land,0
54,124,620,832,22,20,-42,plantation_land,0
54,124,620,832,22,20,-42,pasture,125000
54,124,620,832,22,20,-42,bauxite,0
54,124,620,832,22,20,-42,limestone,0
54,124,620,832,22,20,-42,silica_sand,0
54,124,620,832,22,20,-42,phosphate_rock,0
54,124,620,832,22,20,-42,tin_ore,0
54,124,620,832,22,20,-42,lead_ore,0
54,124,620,832,22,20,-42,zinc_ore,0
54,124,620,832,22,20,-42,manganese_ore,0
54,124,620,832,22,20,-42,sulfur,0
54,124,620,832,22,20,-42,flint,9.272248e+07
55,125,625,832,22,20,-42,timber,87.84488
55,125,625,832,22,20,-42,stone,1.27540536e+08
55,125,625,832,22,20,-42,fertile_soil,491983.38
55,125,625,832,22,20,-42,coal,3.230436e+08
55,125,625,832,22,20,-42,oil,6.923197e+06
55,125,625,832,22,20,-42,natural_gas,0
55,125,625,832,22,20,-42,copper_ore,2.0298406e+07
55,125,625,832,22,20,-42,iron_ore,0
55,125,625,832,22,20,-42,gold_ore,2.239336e+06
55,125,625,832,22,20,-42,silver_ore,1.1305415e+06
55,125,625,832,22,20,-42,salt,19545.545
55,125,625,832,22,20,-42,saltpeter,0
55,125,625,832,22,20,-42,rare_earth,0
55,125,625,832,22,20,-42,clay,1.7514454e+07
55,125,625,832,22,20,-42,wild_game,14190.663
55,125,625,832,22,20,-42,marine_fish,0
55,125,625,832,22,20,-42,arable_land,125000
55,125,625,832,22,20,-42,paddy_land,0
55,125,625,832,22,20,-42,plantation_land,0
55,125,625,832,22,20,-42,pasture,125000
55,125,625,832,22,20,-42,bauxite,0
55,125,625,832,22,20,-42,limestone,0
55,125,625,832,22,20,-42,silica_sand,0
55,125,625,832,22,20,-42,phosphate_rock,0
55,125,625,832,22,20,-42,tin_ore,0
55,125,625,832,22,20,-42,lead_ore,0
55,125,625,832,22,20,-42,zinc_ore,0
55,125,625,832,22,20,-42,manganese_ore,0
55,125,625,832,22,20,-42,sulfur,0
55,125,625,832,22,20,-42,flint,9.272247e+07
56,126,630,832,22,20,-42,timber,87.86332
56,126,630,832,22,20,-42,stone,1.27540536e+08
56,126,630,832,22,20,-42,fertile_soil,492741.16
56,126,630,832,22,20,-42,coal,3.230436e+08
56,126,630,832,22,20,-42,oil,6.923172e+06
56,126,630,832,22,20,-42,natural_gas,0
56,126,630,832,22,20,-42,copper_ore,2.0298406e+07
56,126,630,832,22,20,-42,iron_ore,0
56,126,630,832,22,20,-42,gold_ore,2.239336e+06
56,126,630,832,22,20,-42,silver_ore,1.1305415e+06
56,126,630,832,22,20,-42,salt,19707.686
56,126,630,832,22,20,-42,saltpeter,0
56,126,630,832,22,20,-42,rare_earth,0
56,126,630,832,22,20,-42,clay,1.7465386e+07
56,126,630,832,22,20,-42,wild_game,14216.2705
56,126,630,832,22,20,-42,marine_fish,0
56,126,630,832,22,20,-42,arable_land,125000
56,126,630,832,22,20,-42,paddy_land,0
56,126,630,832,22,20,-42,plantation_land,0
56,126,630,832,22,20,-42,pasture,125000
56,126,630,832,22,20,-42,bauxite,0
56,126,630,832,22,20,-42,limestone,0
56,126,630,832,22,20,-42,silica_sand,0
56,126,630,832,22,20,-42,phosphate_rock,0
56,126,630,832,22,20,-42,tin_ore,0
56,126,630,832,22,20,-42,lead_ore,0
56,126,630,832,22,20,-42,zinc_ore,0
56,126,630,832,22,20,-42,manganese_ore,0
56,126,630,832,22,20,-42,sulfur,0
56,126,630,832,22,20,-42,flint,9.272247e+07
57,127,635,832,22,20,-42,timber,87.881004
57,127,635,832,22,20,-42,stone,1.27540536e+08
57,127,635,832,22,20,-42,fertile_soil,493517.78
57,127,635,832,22,20,-42,coal,3.230436e+08
57,127,635,832,22,20,-42,oil,6.923147e+06
57,127,635,832,22,20,-42,natural_gas,0
57,127,635,832,22,20,-42,copper_ore,2.0298406e+07
57,127,635,832,22,20,-42,iron_ore,0
57,127,635,832,22,20,-42,gold_ore,2.239336e+06
57,127,635,832,22,20,-42,silver_ore,1.1305415e+06
57,127,635,832,22,20,-42,salt,19831.488
57,127,635,832,22,20,-42,saltpeter,0
57,127,635,832,22,20,-42,rare_earth,0
57,127,635,832,22,20,-42,clay,1.7417348e+07
57,127,635,832,22,20,-42,wild_game,14198.371
57,127,635,832,22,20,-42,marine_fish,0
57,127,635,832,22,20,-42,arable_land,125000
57,127,635,832,22,20,-42,paddy_land,0
57,127,635,832,22,20,-42,plantation_land,0
57,127,635,832,22,20,-42,pasture,125000
57,127,635,832,22,20,-42,bauxite,0
57,127,635,832,22,20,-42,limestone,0
57,127,635,832,22,20,-42,silica_sand,0
57,127,635,832,22,20,-42,phosphate_rock,0
57,127,635,832,22,20,-42,tin_ore,0
57,127,635,832,22,20,-42,lead_ore,0
57,127,635,832,22,20,-42,zinc_ore,0
57,127,635,832,22,20,-42,manganese_ore,0
57,127,635,832,22,20,-42,sulfur,0
57,127,635,832,22,20,-42,flint,9.272247e+07
58,128,640,832,22,20,-42,timber,87.89796
58,128,640,832,22,20,-42,stone,1.27540536e+08
58,128,640,832,22,20,-42,fertile_soil,494285.25
58,128,640,832,22,20,-42,coal,3.230436e+08
58,128,640,832,22,20,-42,oil,6.923122e+06
58,128,640,832,22,20,-42,natural_gas,0
58,128,640,832,22,20,-42,copper_ore,2.0298406e+07
58,128,640,832,22,20,-42,iron_ore,0
58,128,640,832,22,20,-42,gold_ore,2.239336e+06
58,128,640,832,22,20,-42,silver_ore,1.1305415e+06
58,128,640,832,22,20,-42,salt,19966.037
58,128,640,832,22,20,-42,saltpeter,0
58,128,640,832,22,20,-42,rare_earth,0
58,128,640,832,22,20,-42,clay,1.7369316e+07
58,128,640,832,22,20,-42,wild_game,14246.668
58,128,640,832,22,20,-42,marine_fish,0
58,128,640,832,22,20,-42,arable_land,125000
58,128,640,832,22,20,-42,paddy_land,0
58,128,640,832,22,20,-42,plantation_land,0
58,128,640,832,22,20,-42,pasture,125000
58,128,640,832,22,20,-42,bauxite,0
58,128,640,832,22,20,-42,limestone,0
58,128,640,832,22,20,-42,silica_sand,0
58,128,640,832,22,20,-42,phosphate_rock,0
58,128,640,832,22,20,-42,tin_ore,0
58,128,640,832,22,20,-42,lead_ore,0
58,128,640,832,22,20,-42,zinc_ore,0
58,128,640,832,22,20,-42,manganese_ore,0
58,128,640,832,22,20,-42,sulfur,0
58,128,640,832,22,20,-42,flint,9.272247e+07
59,129,645,832,22,20,-42,timber,87.91421
59,129,645,832,22,20,-42,stone,1.27540536e+08
59,129,645,832,22,20,-42,fertile_soil,495072.72
59,129,645,832,22,20,-42,coal,3.230436e+08
59,129,645,832,22,20,-42,oil,6.923097e+06
59,129,645,832,22,20,-42,natural_gas,0
59,129,645,832,22,20,-42,copper_ore,2.0298406e+07
59,129,645,832,22,20,-42,iron_ore,0
59,129,645,832,22,20,-42,gold_ore,2.239336e+06
59,129,645,832,22,20,-42,silver_ore,1.1305415e+06
59,129,645,832,22,20,-42,salt,20062.627
59,129,645,832,22,20,-42,saltpeter,0
59,129,645,832,22,20,-42,rare_earth,0
59,129,645,832,22,20,-42,clay,1.7322306e+07
59,129,645,832,22,20,-42,wild_game,14326.573
59,129,645,832,22,20,-42,marine_fish,0
59,129,645,832,22,20,-42,arable_land,125000
59,129,645,832,22,20,-42,paddy_land,0
59,129,645,832,22,20,-42,plantation_land,0
59,129,645,832,22,20,-42,pasture,125000
59,129,645,832,22,20,-42,bauxite,0
59,129,645,832,22,20,-42,limestone,0
59,129,645,832,22,20,-42,silica_sand,0
59,129,645,832,22,20,-42,phosphate_rock,0
59,129,645,832,22,20,-42,tin_ore,0
59,129,645,832,22,20,-42,lead_ore,0
59,129,645,832,22,20,-42,zinc_ore,0
59,129,645,832,22,20,-42,manganese_ore,0
59,129,645,832,22,20,-42,sulfur,0
59,129,645,832,22,20,-42,flint,9.272247e+07
