epoch_row_id,epoch_id,day_index,epoch_active,stage,progress_q16,sample_day,commit_day,cohort_count,market_count,good_count,building_type_count,building_group_count,pending_construction_count,filled_owner_jobs,filled_employee_jobs,unemployed_population,births,deaths,production_inputs_consumed,production_output_stock,production_output_discarded,production_output_retained,production_output_supported,owner_output_consumed,producer_revenue,producer_support_money_issued,bullion_money_issued,bullion_stock_consumed,gold_accepted,silver_accepted,gold_money_issued,silver_money_issued,cycle_flow_produced,cycle_flow_consumed,cycle_flow_discarded,building_wages_paid,building_wages_unpaid,building_resource_generated,building_resource_consumed,building_resource_net_delta,loss_suspended_building_groups,merchant_procurement_budget,merchant_procurement_reserved,merchant_procurement_spent,owner_working_capital_reserved,production_input_reserved,production_input_reserve_shortfall,trade_runtime_mode,trade_topology_ready,trade_topology_generation,trade_topology_hash,trade_country_generation,trade_plan_phase,trade_scan_cursor,trade_scan_total,trade_route_cursor,trade_route_total,trade_completed_scans,trade_plan_reset_count,trade_topology_content_change_count,trade_last_plan_reset_reason,trade_source_signals,trade_destination_signals,trade_ready_candidates,trade_route_expansions,trade_route_cache_hits,trade_route_cache_misses,trade_candidates_generated,trade_candidates_accepted,trade_rejected_profit,trade_rejected_no_spread,trade_rejected_margin,trade_quantity_profit_clips,trade_relief_candidates,trade_rejected_capacity,trade_rejected_stock,trade_rejected_cash,trade_rejected_route,trade_rejected_order_cap,trade_orders_in_flight,trade_orders_dispatched,trade_orders_arrived,trade_unclaimed_orders,trade_capacity_available,trade_capacity_used,population_error,money_error,goods_error
1,1,6,false,trade_planning,65535,2,6,7115,2400,120,260,13145,0,117948,2522,1437,0,0,0,1174427362,0,160421103,0,160421103,7449527808,0,856987500,11237250,393500,10843750,314800000,542187500,0,0,0,573631875,0,0,44056670,-44056670,0,37731841221,5390264000,6592540308,926913830,0,139875100,ACTIVE,true,1,7217601830262183541,5713655570603361079,SCAN,0,288000,0,0,0,0,0,initial_topology_capture,0,0,0,0,0,0,0,0,0,0,0,0,0,0,0,0,0,0,0,0,0,0,18979225600,0,0,0,0
2,2,11,false,trade_planning,65535,7,11,7374,2400,120,260,13145,0,119118,2525,264,0,0,56404664,1250772472,13854916,161707648,10888,161707648,9536746913,32922,857925000,11256000,393500,10862500,314800000,543125000,0,0,0,574293750,0,0,43970393,-43970393,0,20668426516,2952633103,8678788991,1031050810,16396470,123477190,ACTIVE,true,1,7217601830262183541,5713655570603361079,SCAN,16384,288000,0,34,0,0,0,initial_topology_capture,34,136,0,0,0,0,0,0,0,0,0,0,0,0,0,0,0,0,0,0,0,0,12964593664,0,0,0,0
3,3,16,false,trade_planning,65535,12,16,7374,2400,120,260,13145,0,119118,2525,264,0,0,65267519,1421308392,14422432,161710918,12632506,161710918,12863343442,17192994,857925000,11256000,393500,10862500,314800000,543125000,0,0,0,574293750,0,0,73937312,-73937312,0,17006738624,2429534800,11988225448,1203576923,27900340,111929596,ACTIVE,true,1,7217601830262183541,5713655570603361079,SCAN,32768,288000,0,194,0,0,0,initial_topology_capture,194,586,0,0,0,0,0,0,0,0,0,0,0,0,0,0,0,0,0,0,0,0,12964593664,0,0,0,0
4,4,21,false,trade_planning,65535,17,21,7374,2400,120,260,13145,0,119118,2525,264,0,0,138225605,1299190038,170614919,161712736,372575029,161712736,10961926348,706149510,857925000,11256000,393500,10862500,314800000,543125000,0,0,0,574293750,0,0,69517793,-69517793,0,11349106880,1621301694,9397851838,1263874004,137310397,2410321,ACTIVE,true,1,7217601830262183541,5713655570603361079,SCAN,49152,288000,0,451,0,0,0,initial_topology_capture,451,1187,0,0,0,0,0,0,0,0,0,0,0,0,0,0,0,0,0,0,0,0,12964593664,0,0,0,0
5,5,26,false,trade_planning,65535,22,26,7374,2400,120,260,13145,0,119118,2525,264,0,0,138596663,762847707,608647220,161712123,137009037,161712123,9876749084,378749723,857925000,11256000,393500,10862500,314800000,543125000,0,0,0,574293750,0,0,65942313,-65942313,0,9993945385,1427707206,8640074361,1323502313,137686236,1970195,ACTIVE,true,1,7217601830262183541,5713655570603361079,SCAN,65536,288000,0,829,0,0,0,initial_topology_capture,829,1931,0,0,0,0,0,0,0,0,0,0,0,0,0,0,0,0,0,0,0,0,12964593664,0,0,0,0
6,6,31,false,trade_planning,65535,27,31,7374,2400,120,260,13145,0,119118,2525,264,0,0,138760608,615421404,406738140,161709645,82628185,161709645,9672417720,261794892,857925000,11256000,393500,10862500,314800000,543125000,0,0,0,574293750,0,0,59042951,-59042951,0,9738339429,1391192052,8552697828,1411255961,137854866,1721355,ACTIVE,true,1,7217601830262183541,5713655570603361079,SCAN,81920,288000,0,1149,0,0,0,initial_topology_capture,1149,2609,0,0,0,0,0,0,0,0,0,0,0,0,0,0,0,0,0,0,0,0,12964593664,0,0,0,0
7,7,36,false,trade_planning,65535,32,36,7374,2400,120,260,13145,0,119118,2525,264,0,0,138895209,387312469,403298754,161709926,23808725,161709926,9297953066,120552485,857925000,11256000,393500,10862500,314800000,543125000,0,0,0,574293750,0,0,54845987,-54845987,0,9958875731,1422697241,8319475581,1557786762,137995882,2965766,ACTIVE,true,1,7217601830262183541,5713655570603361079,SCAN,98304,288000,0,1383,0,0,0,initial_topology_capture,1383,3096,0,0,0,0,0,0,0,0,0,0,0,0,0,0,0,0,0,0,0,0,12964593664,0,0,0,0
8,8,41,false,trade_planning,65535,37,41,7374,2400,120,260,13145,0,119118,2525,264,0,0,136354937,401762227,208830189,161709940,6461617,161709940,10179645899,39245092,857925000,11256000,393500,10862500,314800000,543125000,0,0,0,574293750,0,0,61029315,-61029315,0,10635331358,1519333780,9282475807,1620569696,134104663,7185160,ACTIVE,true,1,7217601830262183541,5713655570603361079,SCAN,114688,288000,0,1569,0,0,0,initial_topology_capture,1569,3529,0,0,0,0,0,0,0,0,0,0,0,0,0,0,0,0,0,0,0,0,12964593664,0,0,0,0
9,9,46,false,trade_planning,65535,42,46,7374,2400,120,260,13145,0,119118,2525,264,0,0,135936569,464736033,94788967,161711335,13339857,161711335,10624988811,73204114,857925000,11256000,393500,10862500,314800000,543125000,0,0,0,574293750,0,0,56725789,-56725789,0,10864817649,1552117548,9693859697,1774580472,133526691,6072408,ACTIVE,true,1,7217601830262183541,5713655570603361079,SCAN,131072,288000,0,1804,0,0,0,initial_topology_capture,1804,4197,0,0,0,0,0,0,0,0,0,0,0,0,0,0,0,0,0,0,0,0,12964593664,0,0,0,0
10,10,51,false,trade_planning,65535,47,51,7374,2400,120,260,13145,0,119118,2525,264,0,0,138899019,444216650,147877313,161713842,4086028,161713842,11028272710,25420094,857925000,11256000,393500,10862500,314800000,543125000,0,0,0,574293750,0,0,55713926,-55713926,0,11356068226,1622296181,10144927616,1847196294,138010165,1539434,ACTIVE,true,1,7217601830262183541,5713655570603361079,SCAN,147456,288000,0,2208,0,0,0,initial_topology_capture,2208,5141,0,0,0,0,0,0,0,0,0,0,0,0,0,0,0,0,0,0,0,0,12964593664,0,0,0,0
11,11,56,false,trade_planning,65535,52,56,7374,2400,120,260,13145,0,119118,2525,264,0,0,138886645,443709015,197672390,161715976,11107899,161715976,11282690520,58458451,857925000,11256000,393500,10862500,314800000,543125000,0,0,0,574293750,0,0,49928179,-49928179,0,11927140680,1703877958,10366307069,2160673572,138063122,1339163,ACTIVE,true,1,7217601830262183541,5713655570603361079,SCAN,163840,288000,0,2578,0,0,0,initial_topology_capture,2578,5951,0,0,0,0,0,0,0,0,0,0,0,0,0,0,0,0,0,0,0,0,12964593664,0,0,0,0
12,12,61,false,trade_planning,65535,57,61,7374,2400,120,260,13145,0,119118,2525,264,0,0,138861205,607282161,221994368,161718313,86665450,161718313,13515321714,453269776,857925000,11256000,393500,10862500,314800000,543125000,0,0,0,574293750,0,0,47359294,-47359294,0,13312760651,1901823659,12204126938,2684730800,138066723,1305177,ACTIVE,true,1,7217601830262183541,5713655570603361079,SCAN,180224,288000,0,2844,0,0,0,initial_topology_capture,2844,6462,0,0,0,0,0,0,0,0,0,0,0,0,0,0,0,0,0,0,0,0,12964593664,0,0,0,0
13,13,66,false,trade_planning,65535,62,66,7374,2400,120,260,13145,0,119097,2525,264,0,21,138938258,527399113,273115853,161720275,30229311,161720275,14216158759,206236421,857925000,11256000,393500,10862500,314800000,543125000,0,0,0,574293750,0,0,52425610,-52425610,0,14536858322,2076694766,13151997338,2985487721,138172163,3925118,ACTIVE,true,1,7217601830262183541,5713655570603361079,SCAN,196608,288000,0,3024,0,0,0,initial_topology_capture,3024,7068,0,0,0,0,0,0,0,0,0,0,0,0,0,0,0,0,0,0,0,0,12964593664,0,0,0,0
14,14,71,false,trade_planning,65535,67,71,7374,2400,120,260,13145,0,119066,2525,264,0,31,133625224,655528519,114848743,161678786,83226527,161678786,16500525419,463437499,857925000,11256000,393500,10862500,314800000,543125000,0,0,0,574293750,0,0,52917694,-52917694,0,15843252094,2263322447,15179162920,3060473700,130208762,9405371,ACTIVE,true,1,7217601830262183541,5713655570603361079,SCAN,212992,288000,0,3209,0,0,0,initial_topology_capture,3209,7716,0,0,0,0,0,0,0,0,0,0,0,0,0,0,0,0,0,0,0,0,12964593664,0,0,0,0
15,15,76,false,trade_planning,65535,72,76,7374,2400,120,260,13145,0,119012,2525,264,0,54,138423778,534607720,181116722,161616448,21529504,161616448,15885923798,170366819,857925000,11256000,393500,10862500,314800000,543125000,0,0,0,574293750,0,0,48611941,-48611941,0,15825290727,2260756537,14857631979,3086132581,137472767,1813225,ACTIVE,true,1,7217601830262183541,5713655570603361079,SCAN,229376,288000,0,3481,0,0,0,initial_topology_capture,3481,8511,0,0,0,0,0,0,0,0,0,0,0,0,0,0,0,0,0,0,0,0,12964593664,0,0,0,0
16,16,81,false,trade_planning,65535,77,81,7373,2400,120,260,13145,0,118961,2525,263,0,52,138778118,544878199,99680844,161506377,19577044,161506377,16055449631,119561143,857925000,11256000,393500,10862500,314800000,543125000,0,0,0,574293750,0,0,44691444,-44691444,0,16536493592,2362356930,15077963488,3115193996,138045501,1231310,ACTIVE,true,1,7217601830262183541,5713655570603361079,SCAN,245760,288000,0,3681,0,0,0,initial_topology_capture,3681,9363,0,0,0,0,0,0,0,0,0,0,0,0,0,0,0,0,0,0,0,0,12964593664,0,0,0,0
17,17,86,false,trade_planning,65535,82,86,7362,2400,120,260,13145,0,118873,2525,252,0,99,138620993,485469948,108559325,161402182,14144150,161402182,15723550024,117755038,857925000,11256000,393500,10862500,314800000,543125000,0,0,0,574293750,0,0,39404574,-39404574,0,17110507730,2444358963,14747869986,3140317029,137833586,1432162,ACTIVE,true,1,7217601830262183541,5713655570603361079,SCAN,262144,288000,0,4008,0,0,0,initial_topology_capture,4008,9993,0,0,0,0,0,0,0,0,0,0,0,0,0,0,0,0,0,0,0,0,12964593664,0,0,0,0
18,18,91,false,trade_planning,65535,87,91,7357,2400,120,260,13145,0,118825,2525,247,0,53,138629867,669204732,100831803,161221936,156036507,161221936,17728692264,945973637,857925000,11256000,393500,10862500,314800000,543125000,0,0,0,574293750,0,0,42278804,-42278804,0,17963163749,2566166983,15924793627,3216910795,137781564,2024989,ACTIVE,true,1,7217601830262183541,5713655570603361079,SCAN,278528,288000,0,4166,0,0,0,initial_topology_capture,4166,10178,0,0,0,0,0,0,0,0,0,0,0,0,0,0,0,0,0,0,0,0,12964593664,0,0,0,0
19,19,96,false,trade_planning,65535,92,96,7356,2400,120,260,13145,0,118731,2525,246,0,95,137700679,556729884,294212069,161123705,59013254,161123705,17826286859,373403148,857925000,11256000,393500,10862500,314800000,543125000,0,0,0,574293750,0,0,47887183,-47887183,0,18073346104,2581907310,16594958711,3320831472,136458089,3078080,ACTIVE,true,1,7217601830262183541,5713655570603361079,ROUTE,288000,288000,0,32,0,0,0,initial_topology_capture,32,72,0,0,0,0,0,0,0,0,0,0,0,0,0,0,0,0,0,0,0,0,12964593664,0,0,0,0
20,20,101,false,trade_planning,65535,97,101,7354,2400,120,260,13145,0,118672,2525,244,0,61,138242748,479826207,230023520,160930588,22157066,160930588,16875910287,184033717,857925000,11256000,393500,10862500,314800000,543125000,0,0,0,574293750,0,0,44779108,-44779108,0,18142800454,2591829367,15833951570,3428184717,137564237,2444110,ACTIVE,true,1,7217601830262183541,5713655570603361079,SCAN,0,288000,0,0,1,0,0,initial_topology_capture,0,0,0,24984,0,224,112,47,0,0,0,0,49,0,65,0,0,0,47,47,0,0,12964593664,1717200594,0,0,0
21,21,106,false,trade_planning,65535,102,106,7354,2400,120,260,13145,0,118589,2525,244,0,83,137040174,473238387,143787631,160810152,31432549,160810152,16503879165,247950684,857925000,11256000,393500,10862500,314800000,543125000,0,0,0,574293750,0,0,38378603,-38378603,0,19287742135,2755392482,15398003481,3526634131,136026640,3269989,ACTIVE,true,1,7217601830262183541,5713655570603361079,SCAN,16384,288000,0,66,1,0,0,initial_topology_capture,66,104,0,24984,0,224,112,47,0,0,0,0,49,0,65,0,0,0,27,0,20,0,12964593664,0,0,0,0
22,22,111,false,trade_planning,65535,107,111,7354,2400,120,260,13145,0,118524,2525,244,0,65,137546313,499010643,69391465,160638330,36303363,160638330,16750517581,299453209,857925000,11256000,393500,10862500,314800000,543125000,0,0,0,574293750,0,0,34667000,-34667000,0,21041431850,3005919575,15593139372,3601118843,136854055,2749924,ACTIVE,true,1,7217601830262183541,5713655570603361079,SCAN,32768,288000,0,285,1,0,0,initial_topology_capture,285,495,0,24984,0,224,112,47,0,0,0,0,49,0,65,0,0,0,0,0,27,0,12964593664,0,0,0,0
23,23,116,false,trade_planning,65535,112,116,7353,2400,120,260,13145,0,118453,2525,243,0,72,132470144,696397246,123886975,160504990,75277379,160504990,20847671116,598049695,857925000,11256000,393500,10862500,314800000,543125000,0,0,0,574293750,0,0,42970929,-42970929,0,22421782202,3203112443,19391696421,3685853054,130992527,4794424,ACTIVE,true,1,7217601830262183541,5713655570603361079,SCAN,49152,288000,0,531,1,0,0,initial_topology_capture,531,1107,0,24984,0,224,112,47,0,0,0,0,49,0,65,0,0,0,0,0,0,0,12964593664,0,0,0,0
24,24,121,false,trade_planning,65535,117,121,7353,2400,120,260,13145,0,118390,2525,243,0,63,118867490,541070653,305098091,160355762,58066134,160355762,18902505463,491001260,857925000,11256000,393500,10862500,314800000,543125000,0,0,0,574293750,0,0,45092766,-45092766,0,20703433352,2957634050,17553579203,3550674053,117564406,3960673,ACTIVE,true,1,7217601830262183541,5713655570603361079,SCAN,65536,288000,0,901,1,0,0,initial_topology_capture,901,1859,0,24984,0,224,112,47,0,0,0,0,49,0,65,0,0,0,0,0,0,0,12964593664,0,0,0,0
25,25,126,false,trade_planning,65535,122,126,7352,2400,120,260,13145,0,118338,2525,242,0,53,112820256,409941514,279166680,160223691,24087351,160223691,16793933876,242498209,857925000,11256000,393500,10862500,314800000,543125000,0,0,0,574293750,0,0,41895504,-41895504,0,20920593855,2988656970,15693510667,3509077421,111843098,3885242,ACTIVE,true,1,7217601830262183541,5713655570603361079,SCAN,81920,288000,0,1182,1,0,0,initial_topology_capture,1182,2576,0,24984,0,224,112,47,0,0,0,0,49,0,65,0,0,0,0,0,0,0,12964593664,0,0,0,0
26,26,131,false,trade_planning,65535,127,131,7352,2400,120,260,13145,0,118317,2525,242,0,21,103752492,409694403,151379455,160115723,18347162,160115723,16334399559,173299614,857925000,11256000,393500,10862500,314800000,543125000,0,0,0,574293750,0,0,38719552,-38719552,0,22827029191,3261004898,15303174945,3399762104,102048727,5404014,ACTIVE,true,1,7217601830262183541,5713655570603361079,SCAN,98304,288000,0,1424,1,0,0,initial_topology_capture,1424,3055,0,24984,0,224,112,47,0,0,0,0,49,0,65,0,0,0,0,0,0,0,12964593664,0,0,0,0
27,27,136,false,trade_planning,65535,132,136,7358,2400,120,260,13145,0,118283,2525,251,0,25,110493573,471498287,150301195,160127236,32316808,160127236,16930403954,274352963,857925000,11256000,393500,10862500,314800000,543125000,0,0,0,574293750,0,0,36706051,-36706051,43,24898892000,3556985300,15798125991,3604283574,109269849,4303937,ACTIVE,true,1,7217601830262183541,5713655570603361079,SCAN,114688,288000,0,1637,1,0,0,initial_topology_capture,1637,3461,0,24984,0,224,112,47,0,0,0,0,49,0,65,0,0,0,0,0,0,0,12964593664,0,0,0,0
28,28,141,false,trade_planning,65535,137,141,7360,2400,120,260,13145,0,118251,2525,255,0,28,111259947,460039433,211324551,160077883,40830908,160077883,18179527116,326826878,857925000,11256000,393500,10862500,314800000,543125000,0,0,0,574293750,0,0,41068260,-41068260,45,26628522735,3804075389,16994775238,3711207756,109748653,5117575,ACTIVE,true,1,7217601830262183541,5713655570603361079,SCAN,131072,288000,0,1988,1,0,0,initial_topology_capture,1988,4012,0,24984,0,224,112,47,0,0,0,0,49,0,65,0,0,0,0,0,0,0,12964593664,0,0,0,0
29,29,146,false,trade_planning,65535,142,146,7353,2400,120,260,13145,0,118250,2525,245,0,11,108488591,513016863,176877383,160028805,37234461,160028805,19944222357,309226498,857925000,11256000,393500,10862500,314800000,543125000,0,0,0,574293750,0,0,43345004,-43345004,2,27589463873,3941352694,18777070859,3879613718,109994326,8702919,ACTIVE,true,1,7217601830262183541,5713655570603361079,SCAN,147456,288000,0,2431,1,0,0,initial_topology_capture,2431,4917,0,24984,0,224,112,47,0,0,0,0,49,0,65,0,0,0,0,0,0,0,12964593664,0,0,0,0
30,30,151,false,trade_planning,65535,147,151,7351,2400,120,260,13145,0,118223,2525,241,0,31,106900154,542615760,157653559,160009113,48943726,160009113,20692862557,366520699,857925000,11256000,393500,10862500,314800000,543125000,0,0,0,574293750,0,0,43118599,-43118599,0,27326339322,3903763477,19468416858,4041151095,108552264,9665842,ACTIVE,true,1,7217601830262183541,5713655570603361079,SCAN,163840,288000,0,2751,1,0,0,initial_topology_capture,2751,5777,0,24984,0,224,112,47,0,0,0,0,49,0,65,0,0,0,0,0,0,0,12964593664,0,0,0,0
31,31,156,false,trade_planning,65535,152,156,7353,2400,120,260,13145,0,118189,2525,245,0,30,111556865,524846324,158560518,159940808,51783177,159940808,19703336599,381424446,857925000,11256000,393500,10862500,314800000,543125000,0,0,0,574293750,0,0,39153390,-39153390,2,26871347870,3838764694,18463987153,4228199480,114077916,6425881,ACTIVE,true,1,7217601830262183541,5713655570603361079,SCAN,180224,288000,0,2942,1,0,0,initial_topology_capture,2942,6363,0,24984,0,224,112,47,0,0,0,0,49,0,65,0,0,0,0,0,0,0,12964593664,0,0,0,0
32,32,161,false,trade_planning,65535,157,161,7354,2400,120,260,13145,0,118171,2525,247,0,16,105940823,553301224,165005620,159836836,49539008,159836836,19154470903,367040654,857925000,11256000,393500,10862500,314800000,543125000,0,0,0,574293750,0,0,35840448,-35840448,3,27713786693,3959113105,17929505249,4147486937,108355815,6857091,ACTIVE,true,1,7217601830262183541,5713655570603361079,SCAN,196608,288000,0,3135,1,0,0,initial_topology_capture,3135,6956,0,24984,0,224,112,47,0,0,0,0,49,0,65,0,0,0,0,0,0,0,12964593664,0,0,0,0
33,33,166,false,trade_planning,65535,162,166,7359,2400,120,260,13145,0,118137,2525,257,0,24,106921065,527725601,230865501,159792111,39668700,159792111,19732612645,299134680,857925000,11256000,393500,10862500,314800000,543125000,0,0,0,574293750,0,0,37829759,-37829759,8,28673193116,4096171160,18575552965,4283587639,108104930,10887222,ACTIVE,true,1,7217601830262183541,5713655570603361079,SCAN,212992,288000,0,3380,1,0,0,initial_topology_capture,3380,7544,0,24984,0,224,112,47,0,0,0,0,49,0,65,0,0,0,0,0,0,0,12964593664,0,0,0,0
34,34,171,false,trade_planning,65535,167,171,7369,2400,120,260,13145,0,118076,2525,276,0,42,108946854,475883638,242673051,159726676,36184002,159726676,20536893356,299925741,857925000,11256000,393500,10862500,314800000,543125000,0,0,0,574293750,0,0,40846856,-40846856,18,29119437617,4159920391,19379042615,4437827746,109602496,11786932,ACTIVE,true,1,7217601830262183541,5713655570603361079,SCAN,229376,288000,0,3676,1,0,0,initial_topology_capture,3676,8314,0,24984,0,224,112,47,0,0,0,0,49,0,65,0,0,0,0,0,0,0,12964593664,0,0,0,0
35,35,176,false,trade_planning,65535,172,176,7363,2400,120,260,13145,0,118075,2525,265,0,12,112061256,454511383,206623000,159659979,25098572,159659979,21073347723,210497145,857925000,11256000,393500,10862500,314800000,543125000,0,0,0,574293750,0,0,42186319,-42186319,13,29326832434,4189548203,20004925578,4533819574,113469715,9117189,ACTIVE,true,1,7217601830262183541,5713655570603361079,SCAN,245760,288000,0,4004,1,0,0,initial_topology_capture,4004,9038,0,24984,0,224,112,47,0,0,0,0,49,0,65,0,0,0,0,0,0,0,12964593664,0,0,0,0
36,36,181,false,trade_planning,65535,177,181,7361,2400,120,260,13145,0,118022,2525,262,0,56,111576719,463131835,165207692,159640095,22508786,159640095,20619202525,189127294,857925000,11256000,393500,10862500,314800000,543125000,0,0,0,574293750,0,0,40243478,-40243478,11,29305533755,4186505551,19572150231,4570168766,113820841,7334533,ACTIVE,true,1,7217601830262183541,5713655570603361079,SCAN,262144,288000,0,4352,1,0,0,initial_topology_capture,4352,9647,0,24984,0,224,112,47,0,0,0,0,49,0,65,0,0,0,0,0,0,0,12964593664,0,0,0,0
37,37,186,false,trade_planning,65535,182,186,7360,2400,120,260,13145,0,117988,2525,261,0,35,114007941,484956438,153970670,159529953,33546164,159529953,19861567398,256909912,857925000,11256000,393500,10862500,314800000,543125000,0,0,0,574293750,0,0,37456273,-37456273,11,29891531467,4270219504,18746732486,4613355817,116738659,5788134,ACTIVE,true,1,7217601830262183541,5713655570603361079,SCAN,278528,288000,0,4499,1,0,0,initial_topology_capture,4499,9843,0,24984,0,224,112,47,0,0,0,0,49,0,65,0,0,0,0,0,0,0,12964593664,0,0,0,0
38,38,191,false,trade_planning,65535,187,191,7359,2400,120,260,13145,0,117958,2525,259,0,32,109888191,479695998,180217413,159467493,27663918,159467493,19619379266,217090261,857925000,11256000,393500,10862500,314800000,543125000,0,0,0,574293750,0,0,37266072,-37266072,10,31316526929,4473790285,18544364005,4556380826,111911297,8727864,ACTIVE,true,1,7217601830262183541,5713655570603361079,ROUTE,288000,288000,0,36,1,0,0,initial_topology_capture,36,72,0,24984,0,224,112,47,0,0,0,0,49,0,65,0,0,0,0,0,0,0,12964593664,0,0,0,0
39,39,196,false,trade_planning,65535,192,196,7359,2400,120,260,13145,0,117887,2525,260,0,70,107453718,468691381,197226273,159412352,24814277,159412352,20700670326,195533579,857925000,11256000,393500,10862500,314800000,543125000,0,0,0,574293750,0,0,39813093,-39813093,11,32445578853,4635083427,19647211747,4633123406,108277911,13841873,ACTIVE,true,1,7217601830262183541,5713655570603361079,SCAN,0,288000,0,0,2,0,0,initial_topology_capture,0,0,0,44578,0,480,240,115,0,0,0,0,126,0,125,0,0,0,68,68,0,0,12964593664,1621089349,0,0,0
40,40,201,false,trade_planning,65535,197,201,7363,2400,120,260,13145,0,117851,2525,269,0,27,103635759,443115352,191611509,159332534,18543410,159332534,20692945463,153929123,857925000,11256000,393500,10862500,314800000,543125000,0,0,0,574293750,0,0,40256175,-40256175,17,32697033442,4671005464,19681091340,4592920357,104560538,12125705,ACTIVE,true,1,7217601830262183541,5713655570603361079,SCAN,16384,288000,0,73,2,0,0,initial_topology_capture,73,97,0,44578,0,480,240,115,0,0,0,0,126,0,125,0,0,0,23,0,45,0,12968787968,0,0,0,0
41,41,206,false,trade_planning,65535,202,206,7373,2400,120,260,13145,0,117783,2525,291,0,46,104445785,468122895,163157007,159260950,21381584,159260950,20577117713,177445560,857925000,11256000,393500,10862500,314800000,543125000,0,0,0,574293750,0,0,39388825,-39388825,28,33036680157,4719526434,19541747153,4576238985,106881759,9151934,ACTIVE,true,1,7217601830262183541,5713655570603361079,SCAN,32768,288000,0,316,2,0,0,initial_topology_capture,316,464,0,44578,0,480,240,115,0,0,0,0,126,0,125,0,0,0,0,0,23,0,12964593664,0,0,0,0
42,42,211,false,trade_planning,65535,207,211,7320,2400,120,260,13145,0,117712,2524,258,0,105,102154116,470076075,179141729,159149744,17112267,159149744,20046796547,144739587,857925000,11256000,393500,10862500,314800000,543125000,0,0,0,574293750,0,0,37831923,-37831923,46,33491769461,4784539202,19044131960,4492623852,104466332,7992658,ACTIVE,true,1,7217601830262183541,5713655570603361079,SCAN,49152,288000,0,612,2,0,0,initial_topology_capture,612,1026,0,44578,0,480,240,115,0,0,0,0,126,0,125,0,0,0,0,0,0,0,12964593664,0,0,0,0
43,43,216,false,trade_planning,65535,212,216,7347,2400,120,260,13145,0,117612,2524,324,0,34,100923347,433612765,198036481,159008838,12700101,159008838,19359426478,121173026,857612500,11249750,393500,10856250,314800000,542812500,0,0,0,574073125,0,0,36771437,-36771437,81,34185727278,4883676042,18380640952,4389740421,103888296,6684052,ACTIVE,true,1,7217601830262183541,5713655570603361079,SCAN,65536,288000,0,929,2,0,0,initial_topology_capture,929,1831,0,44578,0,480,240,115,0,0,0,0,126,0,125,0,0,0,0,0,0,0,12964593664,0,0,0,0
44,44,221,false,trade_planning,65535,217,221,7365,2400,120,260,13145,0,117528,2524,369,0,39,95980697,436752164,182485366,158896260,14795774,158896260,19837398631,136180712,857612500,11249750,393500,10856250,314800000,542812500,0,0,0,574073125,0,0,38737945,-38737945,104,35055667797,5007953248,18843605419,4262949658,98561035,8383655,ACTIVE,true,1,7217601830262183541,5713655570603361079,SCAN,81920,288000,0,1218,2,0,0,initial_topology_capture,1218,2540,0,44578,0,480,240,115,0,0,0,0,126,0,125,0,0,0,0,0,0,0,12960399360,0,0,0,0
45,45,226,false,trade_planning,65535,222,226,7376,2400,120,260,13145,0,117432,2524,413,0,52,93274153,435059556,175353976,158790815,15536917,158790815,19854915572,141254954,857612500,11249750,393500,10856250,314800000,542812500,0,0,0,574073125,0,0,39903131,-39903131,126,35417010182,5059573600,18856048118,4171219178,95810751,8378728,ACTIVE,true,1,7217601830262183541,5713655570603361079,SCAN,98304,288000,0,1466,2,0,0,initial_topology_capture,1466,3013,0,44578,0,480,240,115,0,0,0,0,126,0,125,0,0,0,0,0,0,0,12960399360,0,0,0,0
46,46,231,false,trade_planning,65535,227,231,7386,2400,120,260,13145,0,117359,2523,451,0,36,90609138,436575310,163328849,158655506,16505196,158655506,19394966114,136861438,857612500,11249750,393500,10856250,314800000,542812500,0,0,0,574073125,0,0,38945312,-38945312,145,35749550728,5107079400,18400492176,4015003434,93363380,6745356,ACTIVE,true,1,7217601830262183541,5713655570603361079,SCAN,114688,288000,0,1711,2,0,0,initial_topology_capture,1711,3386,0,44578,0,480,240,115,0,0,0,0,126,0,125,0,0,0,0,0,0,0,12956205056,0,0,0,0
47,47,236,false,trade_planning,65535,232,236,7400,2400,120,260,13145,0,117247,2523,517,0,46,90199479,435936718,180433514,158534843,11114415,158534843,19144621558,94536940,857300000,11243500,393500,10850000,314800000,542500000,0,0,0,573852500,0,0,37228790,-37228790,178,36217668313,5173953323,18192784618,3918360871,93501762,6367258,ACTIVE,true,1,7217601830262183541,5713655570603361079,SCAN,131072,288000,0,2095,2,0,0,initial_topology_capture,2095,3905,0,44578,0,480,240,115,0,0,0,0,126,0,125,0,0,0,0,0,0,0,12956205056,0,0,0,0
48,48,241,false,trade_planning,65535,237,241,7424,2400,120,260,13145,0,117134,2523,577,0,53,86791239,417348755,183019066,158389093,8081247,158389093,18272006420,73256689,857300000,11243500,393500,10850000,314800000,542500000,0,0,0,573852500,0,0,34920291,-34920291,209,36502283913,5214612708,17341449731,3788647535,90342203,6513968,ACTIVE,true,1,7217601830262183541,5713655570603361079,SCAN,147456,288000,0,2628,2,0,0,initial_topology_capture,2628,4720,0,44578,0,480,240,115,0,0,0,0,126,0,125,0,0,0,0,0,0,0,12956205056,0,0,0,0
49,49,246,false,trade_planning,65535,242,246,7446,2400,120,260,13145,0,117028,2523,641,0,42,81648697,416655060,183815286,158231290,7804811,158231290,18481988347,70186078,857300000,11243500,393500,10850000,314800000,542500000,0,0,0,573852500,0,0,36744458,-36744458,242,37035289840,5290756419,17554502269,3625335830,85268215,6343640,ACTIVE,true,1,7217601830262183541,5713655570603361079,SCAN,163840,288000,0,3192,2,0,0,initial_topology_capture,3192,5336,0,44578,0,480,240,115,0,0,0,0,126,0,125,0,0,0,0,0,0,0,12956205056,0,0,0,0
50,50,251,false,trade_planning,65535,247,251,7465,2400,120,260,13145,0,116935,2523,677,0,57,79346726,400613982,180742779,158089493,7734972,158089493,18166114464,71765641,857300000,11243500,393500,10850000,314800000,542500000,0,0,0,573852500,0,0,37021032,-37021032,261,37219375086,5317054300,17237048823,3491946000,82333090,5826157,ACTIVE,true,1,7217601830262183541,5713655570603361079,SCAN,180224,288000,0,3530,2,0,0,initial_topology_capture,3530,5775,0,44578,0,480,240,115,0,0,0,0,126,0,125,0,0,0,0,0,0,0,12952010752,0,0,0,0
51,51,256,false,trade_planning,65535,252,256,7498,2400,120,260,13145,0,116816,2521,744,0,54,78777372,399136300,178004186,157930395,10422114,157930395,18077329644,92575824,857300000,11243500,393500,10850000,314800000,542500000,0,0,0,573852500,0,0,36722329,-36722329,297,37484270047,5354896443,17127453820,3372231857,81762497,5706672,ACTIVE,true,1,7217601830262183541,5713655570603361079,SCAN,196608,288000,0,3835,2,0,0,initial_topology_capture,3835,6256,0,44578,0,480,240,115,0,0,0,0,126,0,125,0,0,0,0,0,0,0,12947816448,0,0,0,0
52,52,261,false,trade_planning,65535,257,261,7523,2400,120,260,13145,0,116669,2517,790,0,105,75847134,408146209,166319606,157830637,14644045,157830637,18144464763,128852033,856675000,11231000,393500,10837500,314800000,541875000,0,0,0,573411250,0,0,36456910,-36456910,321,37729328986,5389904837,17158937730,3285663453,79225321,5849606,ACTIVE,true,1,7217601830262183541,5713655570603361079,SCAN,212992,288000,0,4113,2,0,0,initial_topology_capture,4113,6811,0,44578,0,480,240,115,0,0,0,0,126,0,125,0,0,0,0,0,0,0,12939427840,0,0,0,0
53,53,266,false,trade_planning,65535,262,266,7547,2400,120,260,13145,0,116551,2517,847,0,61,73735382,411476515,173938194,157689493,15339603,157689493,18023244261,132331672,855425000,11206000,393500,10812500,314800000,540625000,0,0,0,572528750,0,0,36813642,-36813642,352,37784500247,5397786473,17035487589,3170616079,76835836,5031854,ACTIVE,true,1,7217601830262183541,5713655570603361079,SCAN,229376,288000,0,4419,2,0,0,initial_topology_capture,4419,7572,0,44578,0,480,240,115,0,0,0,0,126,0,125,0,0,0,0,0,0,0,12931039232,0,0,0,0
54,54,271,false,trade_planning,65535,267,271,7570,2400,120,260,13145,0,116460,2517,891,0,47,73508230,419721878,177412597,157570242,16392874,157570242,18380492272,139948207,855425000,11206000,393500,10812500,314800000,540625000,0,0,0,572528750,0,0,37858240,-37858240,376,38027593268,5432514024,17385119065,3147434936,77223069,5486804,ACTIVE,true,1,7217601830262183541,5713655570603361079,SCAN,245760,288000,0,4728,2,0,0,initial_topology_capture,4728,8315,0,44578,0,480,240,115,0,0,0,0,126,0,125,0,0,0,0,0,0,0,12931039232,0,0,0,0
55,55,276,false,trade_planning,65535,272,276,7576,2400,120,260,13145,0,116421,2516,885,0,46,73645404,413851939,192053942,157523247,14546871,157523247,18232887316,135024717,855425000,11206000,393500,10812500,314800000,540625000,0,0,0,572528750,0,0,37482844,-37482844,380,37900400276,5414343617,17242437599,3154894211,77071704,5817917,ACTIVE,true,1,7217601830262183541,5713655570603361079,SCAN,262144,288000,0,5056,2,0,0,initial_topology_capture,5056,8944,0,44578,0,480,240,115,0,0,0,0,126,0,125,0,0,0,0,0,0,0,12931039232,0,0,0,0
56,56,281,false,trade_planning,65535,277,281,7597,2400,120,260,13145,0,116368,2515,900,0,39,73826867,403660548,185831113,157452916,21509855,157452916,17669925004,197968462,855112500,11199750,393500,10806250,314800000,540312500,0,0,0,572308125,0,0,35679726,-35679726,388,37763489214,5394784880,16616844042,3098078505,77593220,4530851,ACTIVE,true,1,7217601830262183541,5713655570603361079,SCAN,278528,288000,0,5210,2,0,0,initial_topology_capture,5210,9133,0,44578,0,480,240,115,0,0,0,0,126,0,125,0,0,0,0,0,0,0,12926844928,0,0,0,0
57,57,286,false,trade_planning,65535,282,286,7615,2400,120,260,13145,0,116291,2513,916,0,63,73055354,390787604,186376656,157382824,21818146,157382824,17562624682,200915185,854800000,11193500,393500,10800000,314800000,540000000,0,0,0,572087500,0,0,35667326,-35667326,394,38121935317,5445991479,16506909497,3099295079,76862246,5529719,ACTIVE,true,1,7217601830262183541,5713655570603361079,ROUTE,288000,288000,0,40,2,0,0,initial_topology_capture,40,72,0,44578,0,480,240,115,0,0,0,0,126,0,125,0,0,0,0,0,0,0,12922650624,0,0,0,0
58,58,291,false,trade_planning,65535,287,291,7607,2400,120,260,13145,0,116217,2513,924,0,66,75337233,399401287,178373995,157278769,27827878,157278769,18298180725,270700563,854175000,11181000,393500,10787500,314800000,539375000,0,0,0,571646250,0,0,36816927,-36816927,396,38795147050,5542164598,17173305162,3144266869,79298531,5488810,ACTIVE,true,1,7217601830262183541,5713655570603361079,SCAN,0,288000,0,0,3,0,0,initial_topology_capture,0,0,0,75836,0,768,383,162,5,5,0,0,186,0,221,0,0,0,47,47,0,0,12918456320,2572239611,0,0,0
59,59,296,false,trade_planning,65535,292,296,7608,2400,120,260,13145,0,116162,2513,933,0,46,77673264,416645083,176568287,157168641,27134236,157168641,19056078034,279416609,854175000,11181000,393500,10787500,314800000,539375000,0,0,0,571646250,0,0,37748235,-37748235,400,39189288688,5598470537,17922486425,3258706439,81639119,6296920,ACTIVE,true,1,7217601830262183541,5713655570603361079,SCAN,16384,288000,0,59,3,0,0,initial_topology_capture,59,111,0,75836,0,768,383,162,5,5,0,0,186,0,221,0,0,0,26,0,21,0,12918456320,0,0,0,0
60,60,301,false,trade_planning,65535,297,301,7607,2400,120,260,13145,0,116096,2513,938,0,61,78869506,416187809,180439273,157090034,23346250,157090034,19754928860,242079578,854175000,11181000,393500,10787500,314800000,539375000,0,0,0,571646250,0,0,37238592,-37238592,405,39365742730,5623678263,18658674282,3297565883,83006896,5050288,ACTIVE,true,1,7217601830262183541,5713655570603361079,SCAN,32768,288000,0,269,3,0,0,initial_topology_capture,269,511,0,75836,0,768,383,162,5,5,0,0,186,0,221,0,0,0,7,0,19,0,12918456320,0,0,0,0
61,61,306,false,trade_planning,65535,302,306,7594,2400,120,260,13145,0,116079,2513,908,0,47,80258359,413972790,183488356,157047776,21352193,157047776,19942997477,226967074,853915000,11180675,393175,10787500,314540000,539375000,0,0,0,571603750,0,0,37278076,-37278076,396,39300396169,5614343029,18862115403,3367334965,84713419,5105644,ACTIVE,true,1,7217601830262183541,5713655570603361079,SCAN,49152,288000,0,602,3,0,0,initial_topology_capture,602,1036,0,75836,0,768,383,162,5,5,0,0,186,0,221,0,0,0,0,0,7,0,12918456320,0,0,0,0
62,62,311,false,trade_planning,65535,307,311,7568,2400,120,260,13145,0,116025,2513,855,0,107,80468244,412910252,185357892,157047003,26248178,157047003,20354999096,288277173,853775800,11180501,393001,10787500,314400800,539375000,0,0,0,571603750,0,0,37201618,-37201618,376,39283271587,5611896660,19212946123,3436259137,84529932,5850888,ACTIVE,true,1,7217601830262183541,5713655570603361079,SCAN,65536,288000,0,1008,3,0,0,initial_topology_capture,1008,1752,0,75836,0,768,383,162,5,5,0,0,186,0,221,0,0,0,0,0,0,0,12918456320,0,0,0,0
63,63,316,false,trade_planning,65535,312,316,7553,2400,120,260,13145,0,116001,2513,814,0,65,83752652,420160059,183284783,156927894,19415099,156927894,21230693967,226151961,853499800,11180156,392656,10787500,314124800,539375000,0,0,0,571561250,0,0,37760005,-37760005,360,39430610715,5632945108,20151042206,3584168439,87744101,6780941,ACTIVE,true,1,7217601830262183541,5713655570603361079,SCAN,81920,288000,0,1359,3,0,0,initial_topology_capture,1359,2399,0,75836,0,768,383,162,5,5,0,0,186,0,221,0,0,0,0,0,0,0,12918456320,0,0,0,0
64,64,321,false,trade_planning,65535,317,321,7528,2400,120,260,13145,0,116001,2512,750,0,65,88686301,428834150,180208928,156908473,31103050,156908473,21681838838,360242328,853375800,11180001,392501,10787500,314000800,539375000,0,0,0,571361250,0,0,38348350,-38348350,340,39062775054,5580397156,20468220710,3837218955,92949434,7369049,ACTIVE,true,1,7217601830262183541,5713655570603361079,SCAN,98304,288000,0,1599,3,0,0,initial_topology_capture,1599,2880,0,75836,0,768,383,162,5,5,0,0,186,0,221,0,0,0,0,0,0,0,12914262016,0,0,0,0
65,65,326,false,trade_planning,65535,322,326,7509,2400,120,260,13145,0,115992,2511,695,0,65,87780088,441382804,176334191,156891331,32784467,156891331,22228171944,354221536,853375800,11180001,392501,10787500,314000800,539375000,0,0,0,571361250,0,0,38184347,-38184347,320,39071485973,5581641567,21020574608,3847793244,91421565,7395824,ACTIVE,true,1,7217601830262183541,5713655570603361079,SCAN,114688,288000,0,1805,3,0,0,initial_topology_capture,1805,3293,0,75836,0,768,383,162,5,5,0,0,186,0,221,0,0,0,0,0,0,0,12910067712,0,0,0,0
66,66,331,false,trade_planning,65535,327,331,7515,2400,120,260,13145,0,115890,2510,697,0,101,87733071,429865892,186373763,156803240,25142540,156803240,22100064705,292549252,853063300,11173751,392501,10781250,314000800,539062500,0,0,0,571140625,0,0,36494302,-36494302,328,38992940882,5570420844,20954452153,3868142535,91798420,7489002,ACTIVE,true,1,7217601830262183541,5713655570603361079,SCAN,131072,288000,0,2107,3,0,0,initial_topology_capture,2107,3894,0,75836,0,768,383,162,5,5,0,0,186,0,221,0,0,0,0,0,0,0,12905873408,0,0,0,0
67,67,336,false,trade_planning,65535,332,336,7501,2400,120,260,13145,0,115844,2509,651,0,93,89919310,431691566,184450658,156709372,28933433,156709372,22354894304,318477037,852750800,11167501,392501,10775000,314000800,538750000,0,0,0,570920000,0,0,36904967,-36904967,317,38974729886,5567819286,21183666467,3937497315,93865312,7852106,ACTIVE,true,1,7217601830262183541,5713655570603361079,SCAN,147456,288000,0,2541,3,0,0,initial_topology_capture,2541,4808,0,75836,0,768,383,162,5,5,0,0,186,0,221,0,0,0,0,0,0,0,12905873408,0,0,0,0
68,68,341,false,trade_planning,65535,337,341,7484,2400,120,260,13145,0,115772,2510,620,0,102,91061599,436348078,183750883,156606474,30979628,156606474,22825845626,342750306,852439100,11161252,392502,10768750,314001600,538437500,0,0,0,570899375,0,0,37588757,-37588757,301,38965901813,5566558115,21630656220,3991212990,95028386,8248678,ACTIVE,true,1,7217601830262183541,5713655570603361079,SCAN,163840,288000,0,2960,3,0,0,initial_topology_capture,2960,5569,0,75836,0,768,383,162,5,5,0,0,186,0,221,0,0,0,0,0,0,0,12905873408,0,0,0,0
69,69,346,false,trade_planning,65535,342,346,7477,2400,120,260,13145,0,115717,2509,589,0,87,90711610,449751771,180260709,156508886,32752292,156508886,23677163848,389468507,852438300,11161251,392501,10768750,314000800,538437500,0,0,0,570699375,0,0,39270740,-39270740,286,38989731656,5569962393,22435257041,4010731765,95361476,8076888,ACTIVE,true,1,7217601830262183541,5713655570603361079,SCAN,180224,288000,0,3276,3,0,0,initial_topology_capture,3276,6030,0,75836,0,768,383,162,5,5,0,0,186,0,221,0,0,0,0,0,0,0,12901679104,0,0,0,0
70,70,351,false,trade_planning,65535,347,351,7456,2400,120,260,13145,0,115692,2509,530,0,84,92778897,447704616,185771239,156464603,35777808,156464603,23984160008,396467933,852438300,11161251,392501,10768750,314000800,538437500,0,0,0,570699375,0,0,38942564,-38942564,259,38665713615,5523674101,22735253775,4198250820,97936923,8999291,ACTIVE,true,1,7217601830262183541,5713655570603361079,SCAN,196608,288000,0,3556,3,0,0,initial_topology_capture,3556,6536,0,75836,0,768,383,162,5,5,0,0,186,0,221,0,0,0,0,0,0,0,12901679104,0,0,0,0
71,71,356,false,trade_planning,65535,352,356,7454,2400,120,260,13145,0,115608,2509,519,0,95,96376795,454866782,178413372,156375721,34684449,156375721,24273814260,393314073,852438300,11161251,392501,10768750,314000800,538437500,0,0,0,570699375,0,0,38323270,-38323270,258,38637457488,5519637509,23028061887,4243873325,102099866,7031016,ACTIVE,true,1,7217601830262183541,5713655570603361079,SCAN,212992,288000,0,3846,3,0,0,initial_topology_capture,3846,7079,0,75836,0,768,383,162,5,5,0,0,186,0,221,0,0,0,0,0,0,0,12901679104,0,0,0,0
72,72,361,false,trade_planning,65535,357,361,7443,2400,120,260,13145,0,115515,2508,494,0,119,98095042,458092471,182076305,156284439,32864268,156284439,24561029430,384842905,852438300,11161251,392501,10768750,314000800,538437500,0,0,0,570699375,0,0,38999837,-38999837,247,38674424869,5524918558,23323748225,4322255249,104428186,6672481,ACTIVE,true,1,7217601830262183541,5713655570603361079,SCAN,229376,288000,0,4161,3,0,0,initial_topology_capture,4161,7831,0,75836,0,768,383,162,5,5,0,0,186,0,221,0,0,0,0,0,0,0,12901679104,0,0,0,0
73,73,366,false,trade_planning,65535,362,366,7435,2400,120,260,13145,0,115455,2509,468,0,85,98357872,471364133,179639017,156173389,38210532,156173389,25042358471,445813168,852126600,11155002,392502,10762500,314001600,538125000,0,0,0,570678750,0,0,39755845,-39755845,237,38707796072,5529685862,23744418703,4358233258,105077622,6713200,ACTIVE,true,1,7217601830262183541,5713655570603361079,SCAN,245760,288000,0,4446,3,0,0,initial_topology_capture,4446,8598,0,75836,0,768,383,162,5,5,0,0,186,0,221,0,0,0,0,0,0,0,12905873408,0,0,0,0
74,74,371,false,trade_planning,65535,367,371,7431,2400,120,260,13145,0,115369,2508,467,0,88,96921742,460281100,187439552,156063512,29749613,156063512,25000917634,359167678,852125800,11155001,392501,10762500,314000800,538125000,0,0,0,570478750,0,0,39912374,-39912374,237,38571907654,5510273253,23789624156,4314975432,104356611,6571456,ACTIVE,true,1,7217601830262183541,5713655570603361079,SCAN,262144,288000,0,4735,3,0,0,initial_topology_capture,4735,9266,0,75836,0,768,383,162,5,5,0,0,186,0,221,0,0,0,0,0,0,0,12901679104,0,0,0,0
75,75,376,false,trade_planning,65535,372,376,7417,2400,120,260,13145,0,115324,2507,445,0,68,98539130,458433766,184778050,155965948,32667388,155965948,24838940888,390612546,852125800,11155001,392501,10762500,314000800,538125000,0,0,0,570478750,0,0,39879375,-39879375,218,38387256736,5483894546,23596202542,4350424335,107455838,6616201,ACTIVE,true,1,7217601830262183541,5713655570603361079,SCAN,278528,288000,0,4857,3,0,0,initial_topology_capture,4857,9487,0,75836,0,768,383,162,5,5,0,0,186,0,221,0,0,0,0,0,0,0,12901679104,0,0,0,0
76,76,381,false,trade_planning,65535,377,381,7403,2400,120,260,13145,0,115258,2507,424,0,87,98156215,445422998,186200618,155902396,31757725,155902396,24552848364,382169872,851813300,11148751,392501,10756250,314000800,537812500,0,0,0,570258125,0,0,39508749,-39508749,201,38576742041,5510963880,23318865192,4366962038,107453044,7604988,ACTIVE,true,1,7217601830262183541,5713655570603361079,ROUTE,288000,288000,0,40,3,0,0,initial_topology_capture,40,72,0,75836,0,768,383,162,5,5,0,0,186,0,221,0,0,0,0,0,0,0,12893290496,0,0,0,0
77,77,386,false,trade_planning,65535,382,386,7395,2400,120,260,13145,0,115202,2507,411,0,69,99762594,443868571,183231700,155802981,30489730,155802981,24570846843,370538415,851813300,11148751,392501,10756250,314000800,537812500,0,0,0,570258125,0,0,39299498,-39299498,188,39005455635,5572208662,23348495128,4387217047,110203701,6098185,ACTIVE,true,1,7217601830262183541,5713655570603361079,SCAN,0,288000,0,0,4,0,0,initial_topology_capture,0,0,0,109272,0,1056,509,206,43,43,0,3,264,0,303,0,0,0,44,44,0,0,12893290496,1115431872,0,0,0
78,78,391,false,trade_planning,65535,387,391,7393,2400,120,260,13145,0,115152,2508,406,0,54,97929252,446446660,178070817,155720272,31689752,155720272,24441846595,397241180,851814100,11148752,392502,10756250,314001600,537812500,0,0,0,570458125,0,0,38548422,-38548422,187,39481997266,5640286053,23192791315,4347537745,108453875,6689480,ACTIVE,true,1,7217601830262183541,5713655570603361079,SCAN,16384,288000,0,55,4,0,0,initial_topology_capture,55,115,0,109272,0,1056,509,206,43,43,0,3,264,0,303,0,0,0,16,0,28,0,12897484800,0,0,0,0
79,79,396,false,trade_planning,65535,392,396,7384,2400,120,260,13145,0,115101,2507,395,0,63,97702308,452608418,180459963,155657527,27495431,155657527,24849684495,342979458,851813300,11148751,392501,10756250,314000800,537812500,0,0,0,570258125,0,0,39317798,-39317798,185,40033213888,5719031272,23654891737,4336468400,108815513,6317169,ACTIVE,true,1,7217601830262183541,5713655570603361079,SCAN,32768,288000,0,290,4,0,0,initial_topology_capture,290,490,0,109272,0,1056,509,206,43,43,0,3,264,0,303,0,0,0,0,0,16,0,12893290496,0,0,0,0
80,80,401,false,trade_planning,65535,397,401,7385,2400,120,260,13145,0,115029,2505,401,0,68,96618648,470409279,172612526,155560090,25626210,155560090,25519860312,312724391,851813300,11148751,392501,10756250,314000800,537812500,0,0,0,570258125,0,0,40548185,-40548185,185,40317147028,5759593135,24355322621,4289483373,108276303,6886645,ACTIVE,true,1,7217601830262183541,5713655570603361079,SCAN,49152,288000,0,637,4,0,0,initial_topology_capture,637,1001,0,109272,0,1056,509,206,43,43,0,3,264,0,303,0,0,0,0,0,0,0,12893290496,0,0,0,0
81,81,406,false,trade_planning,65535,402,406,7375,2400,120,260,13145,0,114986,2504,394,0,51,99164599,471890019,180422423,155472674,29266427,155472674,25307318614,354580851,851188300,11136251,392501,10743750,314000800,537187500,0,0,0,569816875,0,0,39827542,-39827542,178,40045557668,5720794651,24101549463,4370665793,111544607,6944082,ACTIVE,true,1,7217601830262183541,5713655570603361079,SCAN,65536,288000,0,1020,4,0,0,initial_topology_capture,1020,1740,0,109272,0,1056,509,206,43,43,0,3,264,0,303,0,0,0,0,0,0,0,12884901888,0,0,0,0
82,82,411,false,trade_planning,65535,407,411,7364,2400,120,260,13145,0,114936,2504,385,0,59,98147673,464604271,191768943,155407462,26172313,155407462,25509119272,328318292,850727800,11129816,392316,10737500,313852800,536875000,0,0,0,569559250,0,0,39971136,-39971136,175,40235886179,5747984456,24330073180,4357603477,109995490,7858733,ACTIVE,true,1,7217601830262183541,5713655570603361079,SCAN,81920,288000,0,1302,4,0,0,initial_topology_capture,1302,2456,0,109272,0,1056,509,206,43,43,0,3,264,0,303,0,0,0,0,0,0,0,12880707584,0,0,0,0
83,83,416,false,trade_planning,65535,412,416,7363,2400,120,260,13145,0,114871,2504,387,0,63,98207526,458337281,188993374,155328288,28965020,155328288,25211503770,353904568,850477400,11129503,392003,10737500,313602400,536875000,0,0,0,569753750,0,0,39131469,-39131469,179,40190565926,5741510146,24007121802,4321711735,110832622,6355228,ACTIVE,true,1,7217601830262183541,5713655570603361079,SCAN,98304,288000,0,1498,4,0,0,initial_topology_capture,1498,2981,0,109272,0,1056,509,206,43,43,0,3,264,0,303,0,0,0,0,0,0,0,12884901888,0,0,0,0
84,84,421,false,trade_planning,65535,417,421,7354,2400,120,260,13145,0,114827,2503,375,0,57,97302757,442238147,192402185,155265346,25387014,155265346,24590734652,305408219,850164100,11123252,392002,10731250,313601600,536562500,0,0,0,569333125,0,0,38748187,-38748187,174,40535554382,5790794214,23435162333,4302509460,110026864,7027710,ACTIVE,true,1,7217601830262183541,5713655570603361079,SCAN,114688,288000,0,1675,4,0,0,initial_topology_capture,1675,3423,0,109272,0,1056,509,206,43,43,0,3,264,0,303,0,0,0,0,0,0,0,12880707584,0,0,0,0
85,85,426,false,trade_planning,65535,422,426,7349,2400,120,260,13145,0,114770,2503,372,0,60,95454936,453287096,178470817,155201484,21212439,155201484,24894871731,255878129,850164100,11123252,392002,10731250,313601600,536562500,0,0,0,569333125,0,0,39101462,-39101462,172,41262048951,5894579149,23788829502,4266103328,108187690,8917120,ACTIVE,true,1,7217601830262183541,5713655570603361079,SCAN,131072,288000,0,1953,4,0,0,initial_topology_capture,1953,4048,0,109272,0,1056,509,206,43,43,0,3,264,0,303,0,0,0,0,0,0,0,12880707584,0,0,0,0
86,86,431,false,trade_planning,65535,427,431,7340,2400,120,260,13145,0,114722,2502,365,0,56,95610014,447124441,190409745,155131434,20438985,155131434,24923468929,261137559,850163300,11123251,392001,10731250,313600800,536562500,0,0,0,569133125,0,0,39968766,-39968766,172,41472916807,5924703124,23812168070,4250105990,108246555,9276157,ACTIVE,true,1,7217601830262183541,5713655570603361079,SCAN,147456,288000,0,2343,4,0,0,initial_topology_capture,2343,5005,0,109272,0,1056,509,206,43,43,0,3,264,0,303,0,0,0,0,0,0,0,12876513280,0,0,0,0
87,87,436,false,trade_planning,65535,432,436,7333,2400,120,260,13145,0,114682,2502,352,0,53,96815782,449474346,181929338,155067706,21863204,155067706,24920108421,256489842,850163300,11123251,392001,10731250,313600800,536562500,0,0,0,569133125,0,0,39413537,-39413537,169,41549589483,5935656377,23813455279,4244940447,110178581,7464142,ACTIVE,true,1,7217601830262183541,5713655570603361079,SCAN,163840,288000,0,2755,4,0,0,initial_topology_capture,2755,5772,0,109272,0,1056,509,206,43,43,0,3,264,0,303,0,0,0,0,0,0,0,12876513280,0,0,0,0
88,88,441,false,trade_planning,65535,437,441,7336,2400,120,260,13145,0,114596,2503,360,0,77,96552502,442908197,185524067,154993048,17615384,154993048,24623287000,212445980,850164900,11123253,392003,10731250,313602400,536562500,0,0,0,569533125,0,0,39113355,-39113355,175,41646560418,5949509350,23560676120,4231931469,109946606,7031584,ACTIVE,true,1,7217601830262183541,5713655570603361079,SCAN,180224,288000,0,3049,4,0,0,initial_topology_capture,3049,6255,0,109272,0,1056,509,206,43,43,0,3,264,0,303,0,0,0,0,0,0,0,12884901888,0,0,0,0
89,89,446,false,trade_planning,65535,442,446,7333,2400,120,260,13145,0,114558,2502,347,0,52,95098344,449393598,181694952,154906122,20325088,154906122,24307792092,230543066,849851600,11117002,392002,10725000,313601600,536250000,0,0,0,569112500,0,0,38643413,-38643413,173,41832571073,5976082317,23227397426,4182590212,108347398,7514800,ACTIVE,true,1,7217601830262183541,5713655570603361079,SCAN,196608,288000,0,3323,4,0,0,initial_topology_capture,3323,6767,0,109272,0,1056,509,206,43,43,0,3,264,0,303,0,0,0,0,0,0,0,12880707584,0,0,0,0
90,90,451,false,trade_planning,65535,447,451,7334,2400,120,260,13145,0,114484,2501,359,0,63,93937497,435318263,189841506,154826215,17821854,154826215,24045583200,208198667,849851600,11117002,392002,10725000,313601600,536250000,0,0,0,569112500,0,0,38205714,-38205714,182,42209814228,6029974174,22987532933,4129092487,107588099,7270453,ACTIVE,true,1,7217601830262183541,5713655570603361079,SCAN,212992,288000,0,3565,4,0,0,initial_topology_capture,3565,7358,0,109272,0,1056,509,206,43,43,0,3,264,0,303,0,0,0,0,0,0,0,12880707584,0,0,0,0
91,91,456,false,trade_planning,65535,452,456,7332,2400,120,260,13145,0,114440,2499,353,0,52,95213184,452905349,180208706,154760748,20894753,154760748,24699489191,238115376,849538300,11110751,392001,10718750,313600800,535937500,0,0,0,568691875,0,0,39814023,-39814023,183,42656332713,6093762526,23611835515,4207199851,108235036,8771744,ACTIVE,true,1,7217601830262183541,5713655570603361079,SCAN,229376,288000,0,3870,4,0,0,initial_topology_capture,3870,8120,0,109272,0,1056,509,206,43,43,0,3,264,0,303,0,0,0,0,0,0,0,12868124672,0,0,0,0
92,92,461,false,trade_planning,65535,457,461,7329,2400,120,260,13145,0,114381,2499,348,0,64,94741792,452050280,180823736,154706723,17884435,154706723,24711253768,198534769,849225800,11104501,392001,10712500,313600800,535625000,0,0,0,568471250,0,0,39845097,-39845097,182,42700386304,6100055901,23663493199,4192093591,108075604,8628583,ACTIVE,true,1,7217601830262183541,5713655570603361079,SCAN,245760,288000,0,4180,4,0,0,initial_topology_capture,4180,8862,0,109272,0,1056,509,206,43,43,0,3,264,0,303,0,0,0,0,0,0,0,12863930368,0,0,0,0
93,93,466,false,trade_planning,65535,462,466,7326,2400,120,260,13145,0,114331,2498,344,0,55,93766107,450180752,182119485,154622287,17784508,154622287,24404832506,200176563,849227400,11104503,392003,10712500,313602400,535625000,0,0,0,568871250,0,0,38663716,-38663716,181,42568116150,6081160156,23355428543,4169194059,106873404,8746633,ACTIVE,true,1,7217601830262183541,5713655570603361079,SCAN,262144,288000,0,4464,4,0,0,initial_topology_capture,4464,9535,0,109272,0,1056,509,206,43,43,0,3,264,0,303,0,0,0,0,0,0,0,12863930368,0,0,0,0
94,94,471,false,trade_planning,65535,467,471,7319,2400,120,260,13145,0,114283,2497,334,0,59,95423045,442146207,186718968,154559766,17666685,154559766,23998427410,192605905,848289100,11085752,392002,10693750,313601600,534687500,0,0,0,568009375,0,0,37894078,-37894078,180,42570739952,6081535008,22957532405,4175855221,109451633,7171691,ACTIVE,true,1,7217601830262183541,5713655570603361079,SCAN,278528,288000,0,4575,4,0,0,initial_topology_capture,4575,9767,0,109272,0,1056,509,206,43,43,0,3,264,0,303,0,0,0,0,0,0,0,12859736064,0,0,0,0
95,95,476,false,trade_planning,65535,472,476,7316,2400,120,260,13145,0,114226,2497,334,0,57,92415918,444521153,181108774,154492710,16500656,154492710,23818085402,178544787,848289100,11085752,392002,10693750,313601600,534687500,0,0,0,568009375,0,0,38064739,-38064739,180,42917643253,6131092605,22791251515,4095838863,106314214,8026105,ACTIVE,true,1,7217601830262183541,5713655570603361079,ROUTE,288000,288000,0,40,4,0,0,initial_topology_capture,40,72,0,109272,0,1056,509,206,43,43,0,3,264,0,303,0,0,0,0,0,0,0,12859736064,0,0,0,0
96,96,481,false,trade_planning,65535,477,481,7311,2400,120,260,13145,0,114168,2496,335,0,58,91415520,444588739,184721289,154409890,13539599,154409890,24076213354,161849315,848288300,11085751,392001,10693750,313600800,534687500,0,0,0,567809375,0,0,38424597,-38424597,182,43128730274,6161247897,23066075739,4093914871,105041492,9597599,ACTIVE,true,1,7217601830262183541,5713655570603361079,SCAN,0,288000,0,0,5,0,0,initial_topology_capture,0,0,0,143146,0,1344,647,260,59,59,0,3,330,0,387,0,0,0,54,54,0,0,12851347456,2296913691,0,0,0
97,97,486,false,trade_planning,65535,482,486,7312,2400,120,260,13145,0,114117,2496,336,0,50,91723916,444097348,182338403,154332592,17408219,154332592,24037782344,196122567,848288300,11085751,392001,10693750,313600800,534687500,0,0,0,567809375,0,0,38454854,-38454854,184,43090792361,6155828224,22993371477,4082717612,105435613,8910446,ACTIVE,true,1,7217601830262183541,5713655570603361079,SCAN,16384,288000,0,41,5,0,0,initial_topology_capture,41,129,0,143146,0,1344,647,260,59,59,0,3,330,0,387,0,0,0,37,0,17,0,12851347456,0,0,0,0
98,98,491,false,trade_planning,65535,487,491,7309,2400,120,260,13145,0,114076,2498,321,0,54,92348156,450428295,180317950,154289208,14053691,154289208,24417462909,160063775,848289900,11085753,392003,10693750,313602400,534687500,0,0,0,568209375,0,0,39140818,-39140818,183,43137972341,6162568201,23409109234,4103851258,106333045,8978673,ACTIVE,true,1,7217601830262183541,5713655570603361079,SCAN,32768,288000,0,246,5,0,0,initial_topology_capture,246,534,0,143146,0,1344,647,260,59,59,0,3,330,0,387,0,0,0,8,0,29,0,12859736064,0,0,0,0
99,99,496,false,trade_planning,65535,492,496,7306,2400,120,260,13145,0,114028,2496,317,0,54,91778162,447840923,183578196,154236627,13950481,154236627,23994660413,161707257,848289100,11085752,392002,10693750,313601600,534687500,0,0,0,568009375,0,0,38148129,-38148129,186,42727630682,6103947967,22984664056,4070349917,106064452,7866803,ACTIVE,true,1,7217601830262183541,5713655570603361079,SCAN,49152,288000,0,559,5,0,0,initial_topology_capture,559,1079,0,143146,0,1344,647,260,59,59,0,3,330,0,387,0,0,0,0,0,8,0,12855541760,0,0,0,0
100,100,501,false,trade_planning,65535,497,501,7305,2400,120,260,13145,0,113975,2496,319,0,51,91580036,434734546,190875152,154186396,15940243,154186396,23452410664,173838387,847976600,11079502,392002,10687500,313601600,534375000,0,0,0,567788750,0,0,37026405,-37026405,190,42668667103,6095524592,22430595677,4054755698,106296748,7845450,ACTIVE,true,1,7217601830262183541,5713655570603361079,SCAN,65536,288000,0,899,5,0,0,initial_topology_capture,899,1861,0,143146,0,1344,647,260,59,59,0,3,330,0,387,0,0,0,0,0,0,0,12855541760,0,0,0,0
101,101,506,false,trade_planning,65535,502,506,7297,2400,120,260,13145,0,113932,2495,311,0,52,91233204,430541729,186407556,154140264,14571913,154140264,23482552995,159046361,847975800,11079501,392001,10687500,313600800,534375000,0,0,0,567588750,0,0,37745130,-37745130,193,43040164387,6148595635,22475530834,4066856278,106209289,8195037,ACTIVE,true,1,7217601830262183541,5713655570603361079,SCAN,81920,288000,0,1193,5,0,0,initial_topology_capture,1193,2565,0,143146,0,1344,647,260,59,59,0,3,330,0,387,0,0,0,0,0,0,0,12847153152,0,0,0,0
102,102,511,false,trade_planning,65535,507,511,7290,2400,120,260,13145,0,113870,2495,305,0,68,90931673,416397541,187004954,154098954,12604186,154098954,23062042402,144378336,847975800,11079501,392001,10687500,313600800,534375000,0,0,0,567588750,0,0,37719782,-37719782,194,43287754836,6183965699,22069688266,4035711107,106143633,7804435,ACTIVE,true,1,7217601830262183541,5713655570603361079,SCAN,98304,288000,0,1428,5,0,0,initial_topology_capture,1428,3051,0,143146,0,1344,647,260,59,59,0,3,330,0,387,0,0,0,0,0,0,0,12851347456,0,0,0,0
103,103,516,false,trade_planning,65535,512,516,7294,2400,120,260,13145,0,113836,2497,295,0,42,88747544,420773057,175406010,154041289,12362555,154041289,23046729624,140524872,847977400,11079503,392003,10687500,313602400,534375000,0,0,0,567988750,0,0,37664616,-37664616,196,43727882231,6246841020,22058227352,3962898071,104360884,7791120,ACTIVE,true,1,7217601830262183541,5713655570603361079,SCAN,114688,288000,0,1662,5,0,0,initial_topology_capture,1662,3436,0,143146,0,1344,647,260,59,59,0,3,330,0,387,0,0,0,0,0,0,0,12855541760,0,0,0,0
104,104,521,false,trade_planning,65535,517,521,7299,2400,120,260,13145,0,113767,2496,308,0,57,88589718,417791372,179221068,153977461,10850127,153977461,22523505487,119861665,847976600,11079502,392002,10687500,313601600,534375000,0,0,0,567788750,0,0,36566343,-36566343,206,43949473206,6278496889,21555667222,3945269011,104620706,7318246,ACTIVE,true,1,7217601830262183541,5713655570603361079,SCAN,131072,288000,0,1998,5,0,0,initial_topology_capture,1998,4003,0,143146,0,1344,647,260,59,59,0,3,330,0,387,0,0,0,0,0,0,0,12851347456,0,0,0,0
105,105,526,false,trade_planning,65535,522,526,7305,2400,120,260,13145,0,113698,2496,318,0,59,87011431,421042095,175662244,153846935,11996122,153846935,22635642404,130465143,847976600,11079502,392002,10687500,313601600,534375000,0,0,0,567788750,0,0,36780325,-36780325,214,44408668206,6344096175,21657200661,3901700233,103067960,7536570,ACTIVE,true,1,7217601830262183541,5713655570603361079,SCAN,147456,288000,0,2434,5,0,0,initial_topology_capture,2434,4915,0,143146,0,1344,647,260,59,59,0,3,330,0,387,0,0,0,0,0,0,0,12851347456,0,0,0,0
106,106,531,false,trade_planning,65535,527,531,7308,2400,120,260,13145,0,113646,2495,317,0,54,86354095,426612051,181040383,153776490,13098320,153776490,22978268827,147235333,847975800,11079501,392001,10687500,313600800,534375000,0,0,0,567588750,0,0,37595627,-37595627,217,44682175686,6383168661,21983057694,3906784812,102484263,8368730,ACTIVE,true,1,7217601830262183541,5713655570603361079,SCAN,163840,288000,0,2784,5,0,0,initial_topology_capture,2784,5745,0,143146,0,1344,647,260,59,59,0,3,330,0,387,0,0,0,0,0,0,0,12847153152,0,0,0,0
107,107,536,false,trade_planning,65535,532,536,7313,2400,120,260,13145,0,113585,2494,329,0,50,86185903,420848139,178751382,153715505,11933528,153715505,22763775552,127943229,847975800,11079501,392001,10687500,313600800,534375000,0,0,0,567588750,0,0,37518932,-37518932,226,44771819932,6395974980,21787856523,3909181727,102822266,8488008,ACTIVE,true,1,7217601830262183541,5713655570603361079,SCAN,180224,288000,0,2992,5,0,0,initial_topology_capture,2992,6314,0,143146,0,1344,647,260,59,59,0,3,330,0,387,0,0,0,0,0,0,0,12842958848,0,0,0,0
108,108,541,false,trade_planning,65535,537,541,7319,2400,120,260,13145,0,113509,2496,346,0,57,85554362,440534611,167562696,153645754,12790234,153645754,23154195934,132553980,847577400,11079003,391503,10687500,313202400,534375000,0,0,0,567746250,0,0,37704590,-37704590,232,44911478400,6415926225,22174064554,3906458003,102140246,8718485,ACTIVE,true,1,7217601830262183541,5713655570603361079,SCAN,196608,288000,0,3225,5,0,0,initial_topology_capture,3225,6867,0,143146,0,1344,647,260,59,59,0,3,330,0,387,0,0,0,0,0,0,0,12855541760,0,0,0,0
109,109,546,false,trade_planning,65535,542,546,7318,2400,120,260,13145,0,113456,2495,352,0,48,86512473,432399083,181890493,153577885,12627869,153577885,22487681218,132257329,847576600,11079002,391502,10687500,313201600,534375000,0,0,0,567546250,0,0,36513111,-36513111,240,44730676279,6390097346,21507847289,3910180784,104028198,7179986,ACTIVE,true,1,7217601830262183541,5713655570603361079,SCAN,212992,288000,0,3464,5,0,0,initial_topology_capture,3464,7461,0,143146,0,1344,647,260,59,59,0,3,330,0,387,0,0,0,0,0,0,0,12851347456,0,0,0,0
110,110,551,false,trade_planning,65535,547,551,7317,2400,120,260,13145,0,113402,2495,350,0,56,84084379,421085659,187562361,153536108,12067970,153536108,22137282674,130733633,847576600,11079002,391502,10687500,313201600,534375000,0,0,0,567546250,0,0,36888879,-36888879,240,45041354625,6434479935,21158972441,3848772919,102283978,7687284,ACTIVE,true,1,7217601830262183541,5713655570603361079,SCAN,229376,288000,0,3848,5,0,0,initial_topology_capture,3848,8143,0,143146,0,1344,647,260,59,59,0,3,330,0,387,0,0,0,0,0,0,0,12847153152,0,0,0,0
111,111,556,false,trade_planning,65535,552,556,7310,2400,120,260,13145,0,113366,2494,343,0,44,83529116,430485702,177112678,153486035,11370562,153486035,22474613282,116711419,847575800,11079001,391501,10687500,313200800,534375000,0,0,0,567346250,0,0,36925818,-36925818,238,45498924447,6499847064,21510326063,3838443708,101995320,7664520,ACTIVE,true,1,7217601830262183541,5713655570603361079,SCAN,245760,288000,0,4183,5,0,0,initial_topology_capture,4183,8860,0,143146,0,1344,647,260,59,59,0,3,330,0,387,0,0,0,0,0,0,0,12842958848,0,0,0,0
112,112,561,false,trade_planning,65535,557,561,7286,2400,120,260,13145,0,113296,2493,344,0,70,83949996,434047390,176134479,153448355,12436163,153448355,22540384119,129727973,847575800,11079001,391501,10687500,313200800,534375000,0,0,0,567346250,0,0,37515491,-37515491,235,45655444799,6522207145,21563080346,3877215360,102801567,8446441,ACTIVE,true,1,7217601830262183541,5713655570603361079,SCAN,262144,288000,0,4443,5,0,0,initial_topology_capture,4443,9557,0,143146,0,1344,647,260,59,59,0,3,330,0,387,0,0,0,0,0,0,0,12842958848,0,0,0,0
113,113,566,false,trade_planning,65535,562,566,7281,2400,120,260,13145,0,113241,2494,341,0,57,83211610,432083580,182395431,153402463,11023060,153402463,22682750460,107764637,847264900,11072753,391503,10681250,313202400,534062500,0,0,0,567525625,0,0,37538770,-37538770,236,45742329312,6534619201,21727720923,3850093563,102740407,7940673,ACTIVE,true,1,7217601830262183541,5713655570603361079,SCAN,278528,288000,0,4547,5,0,0,initial_topology_capture,4547,9796,0,143146,0,1344,647,260,59,59,0,3,330,0,387,0,0,0,0,0,0,0,12851347456,0,0,0,0
114,114,571,false,trade_planning,65535,567,571,7276,2400,120,260,13145,0,113208,2493,331,0,44,83935589,425624621,188668575,153377460,10696057,153377460,22253527888,111845399,846951600,11066502,391502,10675000,313201600,533750000,0,0,0,567105000,0,0,37251989,-37251989,238,45600724667,6514389937,21294730889,3861013850,103603660,8140571,ACTIVE,true,1,7217601830262183541,5713655570603361079,ROUTE,288000,288000,0,40,5,0,0,initial_topology_capture,40,72,0,143146,0,1344,647,260,59,59,0,3,330,0,387,0,0,0,0,0,0,0,12842958848,0,0,0,0
115,115,576,false,trade_planning,65535,572,576,7272,2400,120,260,13145,0,113162,2493,335,0,42,83555225,424718781,183618480,153332847,7935561,153332847,22305683857,91653923,846951600,11066502,391502,10675000,313201600,533750000,0,0,0,567105000,0,0,37564883,-37564883,235,45813470363,6544782202,21367078334,3851817572,104277874,8031482,ACTIVE,true,1,7217601830262183541,5713655570603361079,SCAN,0,288000,0,0,6,0,0,initial_topology_capture,0,0,0,171969,0,1632,791,335,59,59,0,3,395,0,456,0,0,0,75,75,0,0,12842958848,3986962090,0,0,0
116,116,581,false,trade_planning,65535,577,581,7260,2400,120,260,13145,0,113140,2492,315,0,43,83504681,416242890,182301471,153317073,8486804,153317073,22255687611,91532407,846950800,11066501,391501,10675000,313200800,533750000,0,0,0,566905000,0,0,37097629,-37097629,219,45824208164,6546316170,21317204404,3883362809,104551635,8786408,ACTIVE,true,1,7217601830262183541,5713655570603361079,SCAN,16384,288000,0,38,6,0,0,initial_topology_capture,38,132,0,171969,0,1632,791,335,59,59,0,3,395,0,456,0,0,0,42,0,33,0,12834570240,0,0,0,0
117,117,586,false,trade_planning,65535,582,586,7263,2400,120,260,13145,0,113097,2491,323,0,36,83407001,414210984,182838448,153262915,10001896,153262915,22177275038,98181891,846950800,11066501,391501,10675000,313200800,533750000,0,0,0,566905000,0,0,37419352,-37419352,226,45939021968,6562718154,21232142347,3876884487,104656831,8532043,ACTIVE,true,1,7217601830262183541,5713655570603361079,SCAN,32768,288000,0,228,6,0,0,initial_topology_capture,228,552,0,171969,0,1632,791,335,59,59,0,3,395,0,456,0,0,0,6,0,36,0,12834570240,0,0,0,0
118,118,591,false,trade_planning,65535,587,591,7252,2400,120,260,13145,0,113083,2493,293,0,42,84824941,417653250,175319815,153264464,9899589,153264464,22059649324,99129406,846639900,11060253,391503,10668750,313202400,533437500,0,0,0,567084375,0,0,36947556,-36947556,208,46200386152,6600055888,21113880018,3927613862,106818131,7789404,ACTIVE,true,1,7217601830262183541,5713655570603361079,SCAN,49152,288000,0,508,6,0,0,initial_topology_capture,508,1129,0,171969,0,1632,791,335,59,59,0,3,395,0,456,0,0,0,0,0,6,0,12842958848,0,0,0,0
119,119,596,false,trade_planning,65535,592,596,7245,2400,120,260,13145,0,113039,2492,293,0,45,84215460,419338673,175914978,153226128,9971153,153226128,22219556472,97089507,846639100,11060252,391502,10668750,313201600,533437500,0,0,0,566884375,0,0,37097755,-37097755,208,46506467381,6643781782,21275827865,3906152042,106253821,8075820,ACTIVE,true,1,7217601830262183541,5713655570603361079,SCAN,65536,288000,0,825,6,0,0,initial_topology_capture,825,1933,0,171969,0,1632,791,335,59,59,0,3,395,0,456,0,0,0,0,0,0,0,12838764544,0,0,0,0
120,120,601,false,trade_planning,65535,597,601,7242,2400,120,260,13145,0,112997,2491,297,0,39,84429338,417638290,177722473,153184995,8775215,153184995,22085507588,99259674,846639100,11060252,391502,10668750,313201600,533437500,0,0,0,566884375,0,0,36605276,-36605276,206,46764114918,6680588585,21139608814,3901470139,106995489,8206353,ACTIVE,true,1,7217601830262183541,5713655570603361079,SCAN,81920,288000,0,1151,6,0,0,initial_topology_capture,1151,2605,0,171969,0,1632,791,335,59,59,0,3,395,0,456,0,0,0,0,0,0,0,12838764544,0,0,0,0
121,121,606,false,trade_planning,65535,602,606,7240,2400,120,260,13145,0,112961,2490,299,0,35,82903030,431631527,175826318,153148868,9097189,153148868,22593827666,102688407,846238300,11059751,391001,10668750,312800800,533437500,0,0,0,566441875,0,0,37574192,-37574192,209,46944787249,6706398875,21644900959,3888160797,105529091,9199238,ACTIVE,true,1,7217601830262183541,5713655570603361079,SCAN,98304,288000,0,1397,6,0,0,initial_topology_capture,1397,3078,0,171969,0,1632,791,335,59,59,0,3,395,0,456,0,0,0,0,0,0,0,12830375936,0,0,0,0
122,122,611,false,trade_planning,65535,607,611,7237,2400,120,260,13145,0,112918,2490,301,0,41,83675051,428541111,177276358,153122479,7808465,153122479,22712420674,85221677,846238300,11059751,391001,10668750,312800800,533437500,0,0,0,566441875,0,0,37611886,-37611886,211,46629304238,6661329901,21780960697,3913293376,107016684,8604962,ACTIVE,true,1,7217601830262183541,5713655570603361079,SCAN,114688,288000,0,1635,6,0,0,initial_topology_capture,1635,3459,0,171969,0,1632,791,335,59,59,0,3,395,0,456,0,0,0,0,0,0,0,12834570240,0,0,0,0
123,123,616,false,trade_planning,65535,612,616,7228,2400,120,260,13145,0,112891,2492,281,0,45,84688931,431439570,175479528,153097735,11257830,153097735,22494601510,113502366,846239900,11059753,391003,10668750,312802400,533437500,0,0,0,566841875,0,0,37447450,-37447450,202,46393162446,6627595341,21534859244,3936523600,108416929,8380023,ACTIVE,true,1,7217601830262183541,5713655570603361079,SCAN,131072,288000,0,1970,6,0,0,initial_topology_capture,1970,4027,0,171969,0,1632,791,335,59,59,0,3,395,0,456,0,0,0,0,0,0,0,12842958848,0,0,0,0
124,124,621,false,trade_planning,65535,617,621,7219,2400,120,260,13145,0,112873,2490,264,0,37,83828303,424951367,183141492,153073581,10860534,153073581,22272575238,106647836,846239100,11059752,391002,10668750,312801600,533437500,0,0,0,566641875,0,0,37110213,-37110213,195,46349978194,6621426172,21319688302,3926082339,107783361,9071346,ACTIVE,true,1,7217601830262183541,5713655570603361079,SCAN,147456,288000,0,2426,6,0,0,initial_topology_capture,2426,4917,0,171969,0,1632,791,335,59,59,0,3,395,0,456,0,0,0,0,0,0,0,12834570240,0,0,0,0
125,125,626,false,trade_planning,65535,622,626,7216,2400,120,260,13145,0,112828,2489,269,0,41,83659260,418611925,186033816,153035066,10056828,153035066,22262077695,99167102,845926600,11053502,391002,10662500,312801600,533125000,0,0,0,566421250,0,0,37586528,-37586528,199,46440554896,6634365687,21316983993,3911969758,108175339,8122822,ACTIVE,true,1,7217601830262183541,5713655570603361079,SCAN,163840,288000,0,2832,6,0,0,initial_topology_capture,2832,5691,0,171969,0,1632,791,335,59,59,0,3,395,0,456,0,0,0,0,0,0,0,12826181632,0,0,0,0
126,126,631,false,trade_planning,65535,627,631,7215,2400,120,260,13145,0,112771,2488,278,0,49,83998995,422514923,177146497,152993242,9937381,152993242,22341340471,106140522,845613300,11047251,391001,10656250,312800800,532812500,0,0,0,566000625,0,0,37300352,-37300352,207,46539673195,6648525433,21389586649,3903191962,108956169,7780407,ACTIVE,true,1,7217601830262183541,5713655570603361079,SCAN,180224,288000,0,3083,6,0,0,initial_topology_capture,3083,6217,0,171969,0,1632,791,335,59,59,0,3,395,0,456,0,0,0,0,0,0,0,12821987328,0,0,0,0
127,127,636,false,trade_planning,65535,632,636,7208,2400,120,260,13145,0,112745,2488,274,0,30,83074170,432065912,172540313,152964261,9757480,152964261,22423868479,99490908,845613300,11047251,391001,10656250,312800800,532812500,0,0,0,566000625,0,0,37598864,-37598864,206,46570553128,6652936875,21478764271,3887526542,108106639,8398559,ACTIVE,true,1,7217601830262183541,5713655570603361079,SCAN,196608,288000,0,3315,6,0,0,initial_topology_capture,3315,6771,0,171969,0,1632,791,335,59,59,0,3,395,0,456,0,0,0,0,0,0,0,12821987328,0,0,0,0
128,128,641,false,trade_planning,65535,637,641,7198,2400,120,260,13145,0,112727,2490,251,0,39,82491649,424389708,180432753,152964776,9634644,152964776,22007362813,92592633,845614900,11047253,391003,10656250,312802400,532812500,0,0,0,566400625,0,0,36700326,-36700326,193,46473679356,6639097743,21069155280,3881763438,107676310,9122105,ACTIVE,true,1,7217601830262183541,5713655570603361079,SCAN,212992,288000,0,3550,6,0,0,initial_topology_capture,3550,7366,0,171969,0,1632,791,335,59,59,0,3,395,0,456,0,0,0,0,0,0,0,12830375936,0,0,0,0
129,129,646,false,trade_planning,65535,642,646,7198,2400,120,260,13145,0,112677,2488,256,0,47,81918852,420200614,187904732,152923187,10521385,152923187,21957901147,105544997,845614100,11047252,391002,10656250,312801600,532812500,0,0,0,566200625,0,0,36855762,-36855762,199,46580977156,6654426014,21006742050,3872622235,107117962,9293202,ACTIVE,true,1,7217601830262183541,5713655570603361079,SCAN,229376,288000,0,3844,6,0,0,initial_topology_capture,3844,8138,0,171969,0,1632,791,335,59,59,0,3,395,0,456,0,0,0,0,0,0,0,12821987328,0,0,0,0
130,130,651,false,trade_planning,65535,647,651,7193,2400,120,260,13145,0,112642,2488,253,0,38,81962994,416589375,180097386,152839746,11647299,152839746,21732191174,110716894,845301600,11041002,391002,10650000,312801600,532500000,0,0,0,565980000,0,0,36805234,-36805234,201,46694374042,6670625586,20776172680,3847094320,107393973,8721608,ACTIVE,true,1,7217601830262183541,5713655570603361079,SCAN,245760,288000,0,4143,6,0,0,initial_topology_capture,4143,8890,0,171969,0,1632,791,335,59,59,0,3,395,0,456,0,0,0,0,0,0,0,12817793024,0,0,0,0
131,131,656,false,trade_planning,65535,652,656,7189,2400,120,260,13145,0,112594,2486,247,0,56,82157986,409248223,180107409,152812544,10588113,152812544,21710177735,111008143,845300800,11041001,391001,10650000,312800800,532500000,0,0,0,565780000,0,0,36466464,-36466464,202,46794272280,6684896751,20753868792,3868392682,107380755,9679882,ACTIVE,true,1,7217601830262183541,5713655570603361079,SCAN,262144,288000,0,4388,6,0,0,initial_topology_capture,4388,9587,0,171969,0,1632,791,335,59,59,0,3,395,0,456,0,0,0,0,0,0,0,12817793024,0,0,0,0
132,132,661,false,trade_planning,65535,657,661,7186,2400,120,260,13145,0,112561,2486,242,0,38,80526519,410767126,176685055,152763055,9189662,152763055,21901321553,97133535,844988300,11034751,391001,10643750,312800800,532187500,0,0,0,565559375,0,0,36981383,-36981383,201,46855942941,6693706859,20959199718,3814703652,105806670,9439602,ACTIVE,true,1,7217601830262183541,5713655570603361079,SCAN,278528,288000,0,4493,6,0,0,initial_topology_capture,4493,9810,0,171969,0,1632,791,335,59,59,0,3,395,0,456,0,0,0,0,0,0,0,12817793024,0,0,0,0
133,133,666,false,trade_planning,65535,662,666,7182,2400,120,260,13145,0,112519,2488,237,0,45,80956550,405977582,177899610,152714219,7372944,152714219,21521225731,82067220,844989900,11034753,391003,10643750,312802400,532187500,0,0,0,565959375,0,0,36128780,-36128780,204,46878390571,6696913648,20594168611,3817019290,106693532,9092184,ACTIVE,true,1,7217601830262183541,5713655570603361079,ROUTE,288000,288000,0,40,6,0,0,initial_topology_capture,40,72,0,171969,0,1632,791,335,59,59,0,3,395,0,456,0,0,0,0,0,0,0,12826181632,0,0,0,0
134,134,671,false,trade_planning,65535,667,671,7186,2400,120,260,13145,0,112466,2484,239,0,55,80336489,403084942,176262190,152682540,10925596,152682540,21454139415,117841711,844989100,11034752,391002,10643750,312801600,532187500,0,0,0,565759375,0,0,36222380,-36222380,210,47132701061,6733243714,20491308604,3798999877,106219883,9019886,ACTIVE,true,1,7217601830262183541,5713655570603361079,SCAN,0,288000,0,0,7,0,0,initial_topology_capture,0,0,0,203287,0,1920,928,384,74,74,0,3,469,0,544,0,0,0,49,49,0,0,12813598720,3338195869,0,0,0
135,135,676,false,trade_planning,65535,672,676,7179,2400,120,260,13145,0,112446,2484,228,0,31,81665528,416587559,167020817,152631621,11907686,152631621,21934136161,129188184,844051600,11016002,391002,10625000,312801600,531250000,0,0,0,565097500,0,0,36730224,-36730224,206,47428379058,6775483441,20960896377,3822090002,107846793,8477518,ACTIVE,true,1,7217601830262183541,5713655570603361079,SCAN,16384,288000,0,32,7,0,0,initial_topology_capture,32,130,0,203287,0,1920,928,384,74,74,0,3,469,0,544,0,0,0,26,0,23,0,12821987328,0,0,0,0
136,136,681,false,trade_planning,65535,677,681,7172,2400,120,260,13145,0,112408,2483,223,0,44,80769651,418256516,171520990,152602313,12348149,152602313,21770580118,131486031,844050800,11016001,391001,10625000,312800800,531250000,0,0,0,564897500,0,0,36604167,-36604167,203,47407932459,6772562509,20795043287,3794516725,107141731,8747484,ACTIVE,true,1,7217601830262183541,5713655570603361079,SCAN,32768,288000,0,211,7,0,0,initial_topology_capture,211,556,0,203287,0,1920,928,384,74,74,0,3,469,0,544,0,0,0,3,0,23,0,12817793024,0,0,0,0
137,137,686,false,trade_planning,65535,682,686,7177,2400,120,260,13145,0,112358,2483,232,0,41,79052973,430598632,170050075,152532393,14092908,152532393,22062681062,148979240,844050800,11016001,391001,10625000,312800800,531250000,0,0,0,564897500,0,0,36873280,-36873280,209,47411724356,6773104192,21069651022,3753423303,105691074,9067788,ACTIVE,true,1,7217601830262183541,5713655570603361079,SCAN,49152,288000,0,479,7,0,0,initial_topology_capture,479,1146,0,203287,0,1920,928,384,74,74,0,3,469,0,544,0,0,0,0,0,3,0,12813598720,0,0,0,0
138,138,691,false,trade_planning,65535,687,691,7171,2400,120,260,13145,0,112318,2485,224,0,46,79384710,425286336,178917745,152482374,14538781,152482374,21899320638,152070019,844052400,11016003,391003,10625000,312802400,531250000,0,0,0,565297500,0,0,37034459,-37034459,208,47148663625,6735524094,20903198219,3767542276,106039445,9253439,ACTIVE,true,1,7217601830262183541,5713655570603361079,SCAN,65536,288000,0,808,7,0,0,initial_topology_capture,808,1939,0,203287,0,1920,928,384,74,74,0,3,469,0,544,0,0,0,0,0,0,0,12817793024,0,0,0,0
139,139,696,false,trade_planning,65535,692,696,7170,2400,120,260,13145,0,112270,2484,227,0,46,79925007,411961844,185321659,152434441,14126058,152434441,21717937645,164645050,844051600,11016002,391002,10625000,312801600,531250000,0,0,0,565097500,0,0,36935282,-36935282,211,46975902361,6710843911,20709240995,3758700331,107374461,8266841,ACTIVE,true,1,7217601830262183541,5713655570603361079,SCAN,81920,288000,0,1119,7,0,0,initial_topology_capture,1119,2626,0,203287,0,1920,928,384,74,74,0,3,469,0,544,0,0,0,0,0,0,0,12817793024,0,0,0,0
140,140,701,false,trade_planning,65535,697,701,7176,2400,120,260,13145,0,112209,2484,243,0,45,79737965,411981361,175894835,152360713,14658026,152360713,21554254830,161973405,844051600,11016002,391002,10625000,312801600,531250000,0,0,0,565097500,0,0,36091874,-36091874,220,46948156100,6706880149,20548229825,3733091010,107240625,7630053,ACTIVE,true,1,7217601830262183541,5713655570603361079,SCAN,98304,288000,0,1319,7,0,0,initial_topology_capture,1319,3144,0,203287,0,1920,928,384,74,74,0,3,469,0,544,0,0,0,0,0,0,0,12817793024,0,0,0,0
141,141,706,false,trade_planning,65535,702,706,7172,2400,120,260,13145,0,112154,2482,243,0,57,78077507,402374892,174267316,152306612,13618760,152306612,20929278651,141535589,844050800,11016001,391001,10625000,312800800,531250000,0,0,0,564897500,0,0,35693854,-35693854,226,46921304574,6703044222,19943692262,3677021191,105986715,7683221,ACTIVE,true,1,7217601830262183541,5713655570603361079,SCAN,114688,288000,0,1499,7,0,0,initial_topology_capture,1499,3583,0,203287,0,1920,928,384,74,74,0,3,469,0,544,0,0,0,0,0,0,0,12813598720,0,0,0,0
142,142,711,false,trade_planning,65535,707,711,7169,2400,120,260,13145,0,112106,2480,242,0,51,77490535,409216211,172924779,152206396,13290720,152206396,21183815499,138654779,843738300,11009751,391001,10618750,312800800,530937500,0,0,0,564676875,0,0,35911381,-35911381,228,47258989353,6751284915,20201422420,3650419665,105670442,7870995,ACTIVE,true,1,7217601830262183541,5713655570603361079,SCAN,131072,288000,0,1759,7,0,0,initial_topology_capture,1759,4223,0,203287,0,1920,928,384,74,74,0,3,469,0,544,0,0,0,0,0,0,0,12809404416,0,0,0,0
143,143,716,false,trade_planning,65535,712,716,7168,2400,120,260,13145,0,112044,2480,248,0,56,77110521,421027038,168186382,152131259,13041313,152131259,21357445503,132504473,843114900,10997253,391003,10606250,312802400,530312500,0,0,0,564635625,0,0,36109774,-36109774,235,47409532337,6772791068,20381826130,3629911853,105195293,8146983,ACTIVE,true,1,7217601830262183541,5713655570603361079,SCAN,147456,288000,0,2146,7,0,0,initial_topology_capture,2146,5183,0,203287,0,1920,928,384,74,74,0,3,469,0,544,0,0,0,0,0,0,0,12809404416,0,0,0,0
144,144,721,false,trade_planning,65535,717,721,7157,2400,120,260,13145,0,111991,2477,248,0,56,77386784,414170459,178473281,152077505,15284628,152077505,21177897390,147702282,842489100,10984752,391002,10593750,312801600,529687500,0,0,0,563994375,0,0,35605178,-35605178,233,47240931007,6748705124,20187706008,3644047313,106027763,8097528,ACTIVE,true,1,7217601830262183541,5713655570603361079,SCAN,163840,288000,0,2537,7,0,0,initial_topology_capture,2537,5972,0,203287,0,1920,928,384,74,74,0,3,469,0,544,0,0,0,0,0,0,0,12796821504,0,0,0,0
145,145,726,false,trade_planning,65535,722,726,7154,2400,120,260,13145,0,111935,2475,246,0,60,76368688,416027018,178507829,152020277,13805648,152020277,21382498542,141963840,841864100,10972252,391002,10581250,312801600,529062500,0,0,0,563553125,0,0,36318973,-36318973,235,47193031876,6741862434,20398670602,3607067350,105397784,8321806,ACTIVE,true,1,7217601830262183541,5713655570603361079,SCAN,180224,288000,0,2838,7,0,0,initial_topology_capture,2838,6448,0,203287,0,1920,928,384,74,74,0,3,469,0,544,0,0,0,0,0,0,0,12784238592,0,0,0,0
