epoch_row_id,epoch_id,day_index,cell_idx,q,r,s,is_construction,group_index,type_id,owner_signature_id,count,filled_owner,employee_required,employee_filled,wage_suspended,capacity_q16,purchase_intent_capacity_q16,realized_profit_margin_q16,severe_loss_cycles,recovery_cycles,operating_state,last_input,last_output,last_sold,last_discarded,last_retained,last_resource,last_resource_generated,last_revenue,last_input_cost,last_wages_paid,last_wages_due,last_expected_revenue,last_operating_cost,last_margin_gap_q16,planned_utilization_q16,last_base_wages_due,last_base_wages_paid,last_bonus_due,last_bonus_paid,construction_ready_days
1,71,355,832,22,20,-42,0,0,30,9,1,1,0,0,0,65536,65536,65536,0,0,0,7500,9020,9020,0,0,0,0,1370910,29245,0,0,1371030,29245,65536,65536,0,0,0,0,
1,71,355,832,22,20,-42,0,1,65,9,24,1,0,0,0,2048,2048,0,0,0,0,0,14726,14726,0,0,735,0,1178,0,0,0,5580,0,65536,2048,0,0,0,0,
1,71,355,832,22,20,-42,0,2,69,9,24,22,0,0,0,60074,60074,0,0,0,0,0,615993,588493,0,27500,0,0,539294,0,0,0,2715007,0,65536,60841,0,0,0,0,
1,71,355,832,22,20,-42,0,3,79,2,24,1,0,0,0,2048,2048,0,0,0,0,0,3333,3333,0,0,0,0,1599,0,0,0,7597,0,65536,2048,0,0,0,0,
1,71,355,832,22,20,-42,0,4,90,2,1,1,0,0,0,2048,2048,196,0,0,0,156,461,461,0,0,0,0,92,62,0,0,440,62,15446,2048,0,0,0,0,
1,71,355,832,22,20,-42,0,5,102,8,24,15,0,0,0,40960,40960,0,0,0,0,0,270000,239100,0,30900,18150,0,47820,0,0,0,267302,0,65536,42735,0,0,0,0,
1,71,355,832,22,20,-42,0,6,202,20,24,0,0,0,0,0,0,0,3,0,1,0,0,0,0,0,0,0,0,0,0,0,0,0,-28298,0,0,0,0,0,
1,71,355,832,22,20,-42,0,7,237,12,24,3,0,0,0,8192,8192,65536,0,0,0,150,64800,58620,0,6180,10725,0,176986,150,0,0,284582,150,65536,10922,0,0,0,0,
1,71,355,832,22,20,-42,0,8,238,9,24,1,0,0,0,2048,2048,3951,0,0,0,750,6780,6780,0,0,675,0,1356,753,0,0,6431,753,9797,2048,0,0,0,0,
1,71,355,832,22,20,-42,0,9,241,20,3,0,0,0,0,0,0,0,3,0,1,0,0,0,0,0,0,0,0,0,0,0,0,0,-37607,0,0,0,0,0,
2,72,360,832,22,20,-42,0,0,30,9,1,1,0,0,0,65536,65536,65536,0,0,0,7500,9020,9020,0,0,0,0,1370910,28380,0,0,1371030,28380,65536,65536,0,0,0,0,
2,72,360,832,22,20,-42,0,1,65,9,24,1,0,0,0,2048,2048,0,0,0,0,0,14726,14726,0,0,735,0,1178,0,0,0,5580,0,65536,2048,0,0,0,0,
2,72,360,832,22,20,-42,0,2,69,9,24,20,0,0,0,54613,54613,0,0,0,0,0,559996,534696,0,25300,0,0,466147,0,0,0,2399815,0,65536,56519,0,0,0,0,
2,72,360,832,22,20,-42,0,3,79,2,24,1,0,0,0,2048,2048,0,0,0,0,0,3333,3333,0,0,0,0,1599,0,0,0,7597,0,65536,2048,0,0,0,0,
2,72,360,832,22,20,-42,0,4,90,2,1,1,0,0,0,2031,2031,144,0,0,0,154,457,457,0,0,0,0,83,61,0,0,399,61,13742,2048,0,0,0,0,
2,72,360,832,22,20,-42,0,5,102,8,24,12,0,0,0,32768,32768,0,0,0,0,0,216000,191280,0,24720,14520,0,38256,0,0,0,220096,0,65536,35188,0,0,0,0,
2,72,360,832,22,20,-42,0,6,202,20,24,0,0,0,0,0,0,0,3,0,1,0,0,0,0,0,0,0,0,0,0,0,0,0,-28298,0,0,0,0,0,
2,72,360,832,22,20,-42,0,7,237,12,24,3,0,0,0,8192,8192,65536,0,0,0,150,64800,58620,0,6180,10725,0,183742,136,0,0,294362,136,65536,10922,0,0,0,0,
2,72,360,832,22,20,-42,0,8,238,9,24,1,0,0,0,2048,2048,4410,0,0,0,750,6780,6780,0,0,675,0,1356,683,0,0,6431,683,9928,2048,0,0,0,0,
2,72,360,832,22,20,-42,0,9,241,20,3,0,0,0,0,0,0,0,3,0,1,0,0,0,0,0,0,0,0,0,0,0,0,0,-37607,0,0,0,0,0,
3,73,365,832,22,20,-42,0,0,30,9,1,1,0,0,0,65536,65536,65536,0,0,0,7500,9020,9020,0,0,0,0,1370910,27985,0,0,1371030,27985,65536,65536,0,0,0,0,
3,73,365,832,22,20,-42,0,1,65,9,24,1,0,0,0,2048,2048,0,0,0,0,0,14726,14726,0,0,735,0,1178,0,0,0,5580,0,65536,2048,0,0,0,0,
3,73,365,832,22,20,-42,0,2,69,9,24,20,0,0,0,54613,54613,0,0,0,0,0,559996,534696,0,25300,0,0,463630,0,0,0,2313610,0,65536,56466,0,0,0,0,
3,73,365,832,22,20,-42,0,3,79,2,24,1,0,0,0,2048,2048,0,0,0,0,0,3333,3333,0,0,0,0,1599,0,0,0,7597,0,65536,2048,0,0,0,0,
3,73,365,832,22,20,-42,0,4,90,2,1,1,0,0,0,2031,2031,137,0,0,0,154,457,457,0,0,0,0,82,61,0,0,394,61,13526,2048,0,0,0,0,
3,73,365,832,22,20,-42,0,5,102,8,24,11,0,0,0,30037,30037,0,0,0,0,0,197997,175337,0,22660,13309,0,35067,0,0,0,188534,0,65536,30142,0,0,0,0,
3,73,365,832,22,20,-42,0,6,202,20,24,0,0,0,0,0,0,0,3,0,1,0,0,0,0,0,0,0,0,0,0,0,0,0,-28298,0,0,0,0,0,
3,73,365,832,22,20,-42,0,7,237,12,24,3,0,0,0,8192,8192,65536,0,0,0,150,64800,58620,0,6180,10725,0,193636,135,0,0,308701,135,65536,10922,0,0,0,0,
3,73,365,832,22,20,-42,0,8,238,9,24,1,0,0,0,2048,2048,4463,0,0,0,750,6780,6780,0,0,675,0,1356,675,0,0,6431,675,9941,2048,0,0,0,0,
3,73,365,832,22,20,-42,0,9,241,20,3,0,0,0,0,0,0,0,3,0,1,0,0,0,0,0,0,0,0,0,0,0,0,0,-37607,0,0,0,0,0,
4,74,370,832,22,20,-42,0,0,30,9,1,1,0,0,0,65536,65536,65536,0,0,0,7500,9020,9020,0,0,0,0,1370910,28150,0,0,1371030,28150,65536,65536,0,0,0,0,
4,74,370,832,22,20,-42,0,1,65,9,24,1,0,0,0,2048,2048,0,0,0,0,0,14726,14726,0,0,735,0,1178,0,0,0,5580,0,65536,2048,0,0,0,0,
4,74,370,832,22,20,-42,0,2,69,9,24,22,0,0,0,60074,60074,0,0,0,0,0,615993,588493,0,27500,0,0,663653,0,0,0,2448156,0,65536,61001,0,0,0,0,
4,74,370,832,22,20,-42,0,3,79,2,24,1,0,0,0,2048,2048,0,0,0,0,0,3333,3333,0,0,0,0,1599,0,0,0,7597,0,65536,2048,0,0,0,0,
4,74,370,832,22,20,-42,0,4,90,2,1,1,0,0,0,2031,2031,137,0,0,0,154,457,457,0,0,0,0,82,61,0,0,394,61,13526,2048,0,0,0,0,
4,74,370,832,22,20,-42,0,5,102,8,24,10,0,0,0,27306,27306,0,0,0,0,0,179995,159395,0,20600,12099,0,31879,0,0,0,179734,0,65536,28735,0,0,0,0,
4,74,370,832,22,20,-42,0,6,202,20,24,0,0,0,0,0,0,0,3,0,1,0,0,0,0,0,0,0,0,0,0,0,0,0,-28298,0,0,0,0,0,
4,74,370,832,22,20,-42,0,7,237,12,24,24,0,0,0,65536,65536,65536,0,0,0,1200,518400,468960,0,49440,85800,0,735794,1080,0,0,2002560,1080,65536,65536,0,0,0,0,
4,74,370,832,22,20,-42,0,8,238,9,24,1,0,0,0,2048,2048,4463,0,0,0,750,6780,6780,0,0,675,0,1356,675,0,0,6431,675,9941,2048,0,0,0,0,
4,74,370,832,22,20,-42,0,9,241,20,3,0,0,0,0,0,0,0,3,0,1,0,0,0,0,0,0,0,0,0,0,0,0,0,-37607,0,0,0,0,0,
5,75,375,832,22,20,-42,0,0,30,9,1,1,0,0,0,65536,65536,65536,0,0,0,7500,9020,9020,0,0,0,0,1370910,27100,0,0,1371030,27100,65536,65536,0,0,0,0,
5,75,375,832,22,20,-42,0,1,65,9,24,1,0,0,0,2048,2048,0,0,0,0,0,14726,14726,0,0,735,0,1178,0,0,0,5580,0,65536,2048,0,0,0,0,
5,75,375,832,22,20,-42,0,2,69,9,24,23,0,0,0,62805,62805,0,0,0,0,0,643996,615396,0,28600,0,0,725262,0,0,0,2501487,0,65536,63268,0,0,0,0,
5,75,375,832,22,20,-42,0,3,79,2,24,1,0,0,0,2048,2048,0,0,0,0,0,3333,3333,0,0,0,0,1599,0,0,0,7597,0,65536,2048,0,0,0,0,
5,75,375,832,22,20,-42,0,4,90,2,1,1,0,0,0,2031,2031,137,0,0,0,154,457,457,0,0,0,0,82,61,0,0,394,61,13526,2048,0,0,0,0,
5,75,375,832,22,20,-42,0,5,102,8,24,17,0,0,0,46421,46421,0,0,0,0,0,305997,270977,0,35020,20569,0,157866,0,0,0,303540,0,65536,47135,0,0,0,0,
5,75,375,832,22,20,-42,0,6,202,20,24,0,0,0,0,0,0,0,3,0,1,0,0,0,0,0,0,0,0,0,0,0,0,0,-28298,0,0,0,0,0,
5,75,375,832,22,20,-42,0,7,237,12,24,3,0,0,0,8192,8192,65536,0,0,0,150,64800,58620,0,6180,10725,0,44708,135,0,0,304361,135,65536,10922,0,0,0,0,
5,75,375,832,22,20,-42,0,8,238,9,24,1,0,0,0,2048,2048,4463,0,0,0,750,6780,6780,0,0,675,0,1356,675,0,0,6431,675,9941,2048,0,0,0,0,
5,75,375,832,22,20,-42,0,9,241,20,3,0,0,0,0,0,0,0,3,0,1,0,0,0,0,0,0,0,0,0,0,0,0,0,-37607,0,0,0,0,0,
6,76,380,832,22,20,-42,0,0,30,9,1,1,0,0,0,65536,65536,65536,0,0,0,7500,9020,9020,0,0,0,0,1370910,25987,0,0,1371030,25987,65536,65536,0,0,0,0,
6,76,380,832,22,20,-42,0,1,65,9,24,1,0,0,0,2048,2048,0,0,0,0,0,14726,14726,0,0,735,0,1178,0,0,0,5580,0,65536,2048,0,0,0,0,
6,76,380,832,22,20,-42,0,2,69,9,24,23,0,0,0,62805,62805,0,0,0,0,0,643996,615396,0,28600,0,0,712406,0,0,0,2503399,0,65536,64402,0,0,0,0,
6,76,380,832,22,20,-42,0,3,79,2,24,1,0,0,0,2048,2048,0,0,0,0,0,3333,3333,0,0,0,0,1599,0,0,0,7597,0,65536,2048,0,0,0,0,
6,76,380,832,22,20,-42,0,4,90,2,1,1,0,0,0,2048,2048,131,0,0,0,156,461,461,0,0,0,0,82,62,0,0,394,62,13526,2048,0,0,0,0,
6,76,380,832,22,20,-42,0,5,102,8,24,20,0,0,0,54613,54613,0,0,0,0,0,359997,318797,0,41200,24199,0,114199,0,0,0,368357,0,65536,56335,0,0,0,0,
6,76,380,832,22,20,-42,0,6,202,20,24,0,0,0,0,0,0,0,3,0,1,0,0,0,0,0,0,0,0,0,0,0,0,0,-28298,0,0,0,0,0,
6,76,380,832,22,20,-42,0,7,237,12,24,3,0,0,0,8192,8192,65536,0,0,0,150,64800,58620,0,6180,10725,0,40190,135,0,0,273343,135,65536,10922,0,0,0,0,
6,76,380,832,22,20,-42,0,8,238,9,24,1,0,0,0,2048,2048,4463,0,0,0,750,6780,6780,0,0,675,0,1356,675,0,0,6431,675,9941,2048,0,0,0,0,
6,76,380,832,22,20,-42,0,9,241,20,3,0,0,0,0,0,0,0,3,0,1,0,0,0,0,0,0,0,0,0,0,0,0,0,-37607,0,0,0,0,0,
7,77,385,832,22,20,-42,0,0,30,9,1,1,0,0,0,65536,65536,65536,0,0,0,7500,9020,9020,0,0,0,0,1370910,24967,0,0,1371030,24967,65536,65536,0,0,0,0,
7,77,385,832,22,20,-42,0,1,65,9,24,1,0,0,0,2048,2048,0,0,0,0,0,14726,14726,0,0,735,0,1178,0,0,0,5580,0,65536,2048,0,0,0,0,
7,77,385,832,22,20,-42,0,2,69,9,24,23,0,0,0,62805,62805,0,0,0,0,0,643996,615396,0,28600,0,0,684369,0,0,0,2476189,0,65536,64969,0,0,0,0,
7,77,385,832,22,20,-42,0,3,79,2,24,1,0,0,0,2048,2048,0,0,0,0,0,3333,3333,0,0,0,0,1599,0,0,0,7597,0,65536,2048,0,0,0,0,
7,77,385,832,22,20,-42,0,4,90,2,1,1,0,0,0,2031,2031,137,0,0,0,154,457,457,0,0,0,0,82,61,0,0,394,61,13526,2048,0,0,0,0,
7,77,385,832,22,20,-42,0,5,102,8,24,19,0,0,0,51882,51882,0,0,0,0,0,341995,302855,0,39140,22989,0,62751,0,0,0,349508,0,65536,53890,0,0,0,0,
7,77,385,832,22,20,-42,0,6,202,20,24,0,0,0,0,0,0,0,3,0,1,0,0,0,0,0,0,0,0,0,0,0,0,0,-28298,0,0,0,0,0,
7,77,385,832,22,20,-42,0,7,237,12,24,3,0,0,0,8192,8192,65536,0,0,0,150,64800,58620,0,6180,10725,0,36928,135,0,0,250684,135,65536,10922,0,0,0,0,
7,77,385,832,22,20,-42,0,8,238,9,24,1,0,0,0,2048,2048,4463,0,0,0,750,6780,6780,0,0,675,0,1356,675,0,0,6431,675,9941,2048,0,0,0,0,
7,77,385,832,22,20,-42,0,9,241,20,3,0,0,0,0,0,0,0,3,0,1,0,0,0,0,0,0,0,0,0,0,0,0,0,-37607,0,0,0,0,0,
8,78,390,832,22,20,-42,0,0,30,9,1,1,0,0,0,65536,65536,65536,0,0,0,7500,9020,9020,0,0,0,0,1370910,24200,0,0,1371030,24200,65536,65536,0,0,0,0,
8,78,390,832,22,20,-42,0,1,65,9,24,1,0,0,0,2048,2048,0,0,0,0,0,14726,14726,0,0,735,0,1178,0,0,0,5580,0,65536,2048,0,0,0,0,
8,78,390,832,22,20,-42,0,2,69,9,24,23,0,0,0,62805,62805,0,0,0,0,0,643996,615396,0,28600,0,0,648531,0,0,0,2432731,0,65536,65252,0,0,0,0,
8,78,390,832,22,20,-42,0,3,79,2,24,1,0,0,0,2048,2048,0,0,0,0,0,3333,3333,0,0,0,0,1599,0,0,0,7597,0,65536,2048,0,0,0,0,
8,78,390,832,22,20,-42,0,4,90,2,1,1,0,0,0,2048,2048,131,0,0,0,156,461,461,0,0,0,0,82,62,0,0,394,62,13526,2048,0,0,0,0,
8,78,390,832,22,20,-42,0,5,102,8,24,17,0,0,0,46421,46421,0,0,0,0,0,305997,270977,0,35020,20569,0,54412,0,0,0,294330,0,65536,46864,0,0,0,0,
8,78,390,832,22,20,-42,0,6,202,20,24,0,0,0,0,0,0,0,3,0,1,0,0,0,0,0,0,0,0,0,0,0,0,0,-28298,0,0,0,0,0,
8,78,390,832,22,20,-42,0,7,237,12,24,3,0,0,0,8192,8192,65536,0,0,0,150,64800,58620,0,6180,10725,0,35218,135,0,0,238805,135,65536,10922,0,0,0,0,
8,78,390,832,22,20,-42,0,8,238,9,24,1,0,0,0,2048,2048,4463,0,0,0,750,6780,6780,0,0,675,0,1356,675,0,0,6431,675,9941,2048,0,0,0,0,
8,78,390,832,22,20,-42,0,9,241,20,3,0,0,0,0,0,0,0,3,0,1,0,0,0,0,0,0,0,0,0,0,0,0,0,-37607,0,0,0,0,0,
9,79,395,832,22,20,-42,0,0,30,9,1,1,0,0,0,65536,65536,65536,0,0,0,7500,9020,9020,0,0,0,0,1370910,23565,0,0,1371030,23565,65536,65536,0,0,0,0,
9,79,395,832,22,20,-42,0,1,65,9,24,1,0,0,0,2048,2048,0,0,0,0,0,14726,14726,0,0,735,0,1178,0,0,0,5580,0,65536,2048,0,0,0,0,
9,79,395,832,22,20,-42,0,2,69,9,24,23,0,0,0,62805,62805,0,0,0,0,0,643996,615396,0,28600,0,0,594815,0,0,0,2378395,0,65536,65394,0,0,0,0,
9,79,395,832,22,20,-42,0,3,79,2,24,1,0,0,0,2048,2048,0,0,0,0,0,3333,3333,0,0,0,0,1599,0,0,0,7597,0,65536,2048,0,0,0,0,
9,79,395,832,22,20,-42,0,4,90,2,1,1,0,0,0,2048,2048,131,0,0,0,156,461,461,0,0,0,0,82,62,0,0,394,62,13526,2048,0,0,0,0,
9,79,395,832,22,20,-42,0,5,102,8,24,14,0,0,0,38229,38229,0,0,0,0,0,251997,223157,0,28840,16939,0,44631,0,0,0,244265,0,65536,39052,0,0,0,0,
9,79,395,832,22,20,-42,0,6,202,20,24,0,0,0,0,0,0,0,3,0,1,0,0,0,0,0,0,0,0,0,0,0,0,0,-28298,0,0,0,0,0,
9,79,395,832,22,20,-42,0,7,237,12,24,3,0,0,0,8192,8192,65536,0,0,0,150,64800,58620,0,6180,10725,0,42834,135,0,0,233805,135,65536,10922,0,0,0,0,
9,79,395,832,22,20,-42,0,8,238,9,24,1,0,0,0,2048,2048,4463,0,0,0,750,6780,6780,0,0,675,0,1356,675,0,0,6431,675,9941,2048,0,0,0,0,
9,79,395,832,22,20,-42,0,9,241,20,3,0,0,0,0,0,0,0,3,0,1,0,0,0,0,0,0,0,0,0,0,0,0,0,-37607,0,0,0,0,0,
10,80,400,832,22,20,-42,0,0,30,9,1,1,0,0,0,65536,65536,65536,0,0,0,7500,9020,9020,0,0,0,0,1370910,22927,0,0,1371030,22927,65536,65536,0,0,0,0,
10,80,400,832,22,20,-42,0,1,65,9,24,1,0,0,0,2048,2048,0,0,0,0,0,14726,14726,0,0,735,0,1178,0,0,0,5580,0,65536,2048,0,0,0,0,
10,80,400,832,22,20,-42,0,2,69,9,24,23,0,0,0,62805,62805,0,0,0,0,0,643996,615396,0,28600,0,0,453087,0,0,0,2290909,0,65536,65252,0,0,0,0,
10,80,400,832,22,20,-42,0,3,79,2,24,1,0,0,0,2048,2048,0,0,0,0,0,3333,3333,0,0,0,0,1599,0,0,0,7597,0,65536,2048,0,0,0,0,
10,80,400,832,22,20,-42,0,4,90,2,1,1,0,0,0,2031,2031,137,0,0,0,154,457,457,0,0,0,0,82,61,0,0,394,61,13526,2048,0,0,0,0,
10,80,400,832,22,20,-42,0,5,102,8,24,11,0,0,0,30037,30037,0,0,0,0,0,197997,175337,0,22660,13309,0,35067,0,0,0,203271,0,65536,32498,0,0,0,0,
10,80,400,832,22,20,-42,0,6,202,20,24,0,0,0,0,0,0,0,3,0,1,0,0,0,0,0,0,0,0,0,0,0,0,0,-28298,0,0,0,0,0,
10,80,400,832,22,20,-42,0,7,237,12,24,3,0,0,0,8192,8192,65536,0,0,0,150,64800,58620,0,6180,10725,0,99509,135,0,0,234765,135,65536,10922,0,0,0,0,
10,80,400,832,22,20,-42,0,8,238,9,24,1,0,0,0,2048,2048,4463,0,0,0,750,6780,6780,0,0,675,0,1356,675,0,0,6431,675,9941,2048,0,0,0,0,
10,80,400,832,22,20,-42,0,9,241,20,3,0,0,0,0,0,0,0,3,0,1,0,0,0,0,0,0,0,0,0,0,0,0,0,-37607,0,0,0,0,0,
11,81,405,832,22,20,-42,0,0,30,9,1,1,0,0,0,65536,65536,65536,0,0,0,7500,9020,9020,0,0,0,0,1370910,21842,0,0,1371030,21842,65536,65536,0,0,0,0,
11,81,405,832,22,20,-42,0,1,65,9,24,1,0,0,0,2048,2048,0,0,0,0,0,14726,14726,0,0,735,0,1178,0,0,0,5580,0,65536,2048,0,0,0,0,
11,81,405,832,22,20,-42,0,2,69,9,24,20,0,0,0,54613,54613,0,0,0,0,0,559996,534696,0,25300,0,0,359101,0,0,0,1814748,0,65536,55480,0,0,0,0,
11,81,405,832,22,20,-42,0,3,79,2,24,1,0,0,0,2048,2048,0,0,0,0,0,3333,3333,0,0,0,0,1599,0,0,0,7597,0,65536,2048,0,0,0,0,
11,81,405,832,22,20,-42,0,4,90,2,1,1,0,0,0,2031,2031,137,0,0,0,154,457,457,0,0,0,0,82,61,0,0,394,61,13526,2048,0,0,0,0,
11,81,405,832,22,20,-42,0,5,102,8,24,10,0,0,0,27306,27306,0,0,0,0,0,179995,159395,0,20600,12099,0,31879,0,0,0,177544,0,65536,28385,0,0,0,0,
11,81,405,832,22,20,-42,0,6,202,20,24,0,0,0,0,0,0,0,3,0,1,0,0,0,0,0,0,0,0,0,0,0,0,0,-28298,0,0,0,0,0,
11,81,405,832,22,20,-42,0,7,237,12,24,3,0,0,0,8192,8192,65536,0,0,0,150,64800,58620,0,6180,10725,0,146995,135,0,0,240545,135,65536,10922,0,0,0,0,
11,81,405,832,22,20,-42,0,8,238,9,24,1,0,0,0,2048,2048,4463,0,0,0,750,6780,6780,0,0,675,0,1356,675,0,0,6431,675,9941,2048,0,0,0,0,
11,81,405,832,22,20,-42,0,9,241,20,3,0,0,0,0,0,0,0,3,0,1,0,0,0,0,0,0,0,0,0,0,0,0,0,-37607,0,0,0,0,0,
12,82,410,832,22,20,-42,0,0,30,9,1,1,0,0,0,65536,65536,65536,0,0,0,7500,9020,9020,0,0,0,0,1370910,21765,0,0,1371030,21765,65536,65536,0,0,0,0,
12,82,410,832,22,20,-42,0,1,65,9,24,1,0,0,0,2048,2048,0,0,0,0,0,14726,14726,0,0,735,0,1178,0,0,0,5580,0,65536,2048,0,0,0,0,
12,82,410,832,22,20,-42,0,2,69,9,24,22,0,0,0,60074,60074,0,0,0,0,0,615993,588493,0,27500,0,0,528336,0,0,0,1938220,0,65536,60508,0,0,0,0,
12,82,410,832,22,20,-42,0,3,79,2,24,1,0,0,0,2048,2048,0,0,0,0,0,3333,3333,0,0,0,0,1599,0,0,0,7597,0,65536,2048,0,0,0,0,
12,82,410,832,22,20,-42,0,4,90,2,1,1,0,0,0,2031,2031,137,0,0,0,154,457,457,0,0,0,0,82,61,0,0,394,61,13526,2048,0,0,0,0,
12,82,410,832,22,20,-42,0,5,102,8,24,9,0,0,0,24576,24576,0,0,0,0,0,162000,143460,0,18540,10890,0,28692,0,0,0,165723,0,65536,26495,0,0,0,0,
12,82,410,832,22,20,-42,0,6,202,20,24,0,0,0,0,0,0,0,3,0,1,0,0,0,0,0,0,0,0,0,0,0,0,0,-28298,0,0,0,0,0,
12,82,410,832,22,20,-42,0,7,237,12,24,3,0,0,0,8192,8192,65536,0,0,0,150,64800,58620,0,6180,10725,0,153870,135,0,0,250584,135,65536,10922,0,0,0,0,
12,82,410,832,22,20,-42,0,8,238,9,24,1,0,0,0,2048,2048,4463,0,0,0,750,6780,6780,0,0,675,0,1356,675,0,0,6431,675,9941,2048,0,0,0,0,
12,82,410,832,22,20,-42,0,9,241,20,3,0,0,0,0,0,0,0,3,0,1,0,0,0,0,0,0,0,0,0,0,0,0,0,-37607,0,0,0,0,0,
13,83,415,832,22,20,-42,0,0,30,9,1,1,0,0,0,65536,65536,65536,0,0,0,7500,9020,9020,0,0,0,0,1370910,22162,0,0,1371030,22162,65536,65536,0,0,0,0,
13,83,415,832,22,20,-42,0,1,65,9,24,1,0,0,0,2048,2048,0,0,0,0,0,14726,14726,0,0,735,0,1178,0,0,0,5580,0,65536,2048,0,0,0,0,
13,83,415,832,22,20,-42,0,2,69,9,24,23,0,0,0,62805,62805,0,0,0,0,0,643996,615396,0,28600,0,0,698739,0,0,0,2010326,0,65536,63022,0,0,0,0,
13,83,415,832,22,20,-42,0,3,79,2,24,1,0,0,0,2048,2048,0,0,0,0,0,3333,3333,0,0,0,0,1599,0,0,0,7597,0,65536,2048,0,0,0,0,
13,83,415,832,22,20,-42,0,4,90,2,1,1,0,0,0,2031,2031,137,0,0,0,154,457,457,0,0,0,0,82,61,0,0,394,61,13526,2048,0,0,0,0,
13,83,415,832,22,20,-42,0,5,102,8,24,16,0,0,0,43690,43690,0,0,0,0,0,287995,255035,0,32960,19359,0,108395,0,0,0,293547,0,65536,46015,0,0,0,0,
13,83,415,832,22,20,-42,0,6,202,20,24,0,0,0,0,0,0,0,3,0,1,0,0,0,0,0,0,0,0,0,0,0,0,0,-28298,0,0,0,0,0,
13,83,415,832,22,20,-42,0,7,237,12,24,3,0,0,0,8192,8192,65536,0,0,0,150,64800,58620,0,6180,10725,0,164992,135,0,0,266843,135,65536,10922,0,0,0,0,
13,83,415,832,22,20,-42,0,8,238,9,24,1,0,0,0,2048,2048,4463,0,0,0,750,6780,6780,0,0,675,0,1356,675,0,0,6431,675,9941,2048,0,0,0,0,
13,83,415,832,22,20,-42,0,9,241,20,3,0,0,0,0,0,0,0,3,0,1,0,0,0,0,0,0,0,0,0,0,0,0,0,-37607,0,0,0,0,0,
14,84,420,832,22,20,-42,0,0,30,9,1,1,0,0,0,65536,65536,65536,0,0,0,7500,9020,9020,0,0,0,0,1370910,23102,0,0,1371030,23102,65536,65536,0,0,0,0,
14,84,420,832,22,20,-42,0,1,65,9,24,1,0,0,0,2048,2048,0,0,0,0,0,14726,14726,0,0,735,0,1178,0,0,0,5580,0,65536,2048,0,0,0,0,
14,84,420,832,22,20,-42,0,2,69,9,24,23,0,0,0,62805,62805,0,0,0,0,0,643996,615396,0,28600,0,0,858705,0,0,0,2064900,0,65536,64279,0,0,0,0,
14,84,420,832,22,20,-42,0,3,79,2,24,1,0,0,0,2048,2048,0,0,0,0,0,3333,3333,0,0,0,0,1599,0,0,0,7597,0,65536,2048,0,0,0,0,
14,84,420,832,22,20,-42,0,4,90,2,1,1,0,0,0,2031,2031,137,0,0,0,154,457,457,0,0,0,0,82,61,0,0,394,61,13526,2048,0,0,0,0,
14,84,420,832,22,20,-42,0,5,102,8,24,20,0,0,0,54613,54613,0,0,0,0,0,359997,318797,0,41200,24199,0,178908,0,0,0,367963,0,65536,55775,0,0,0,0,
14,84,420,832,22,20,-42,0,6,202,20,24,0,0,0,0,0,0,0,3,0,1,0,0,0,0,0,0,0,0,0,0,0,0,0,-28298,0,0,0,0,0,
14,84,420,832,22,20,-42,0,7,237,12,24,24,0,0,0,65536,65536,65536,0,0,0,1200,518400,468960,0,49440,85800,0,702484,1080,0,0,1772400,1080,65536,65536,0,0,0,0,
14,84,420,832,22,20,-42,0,8,238,9,24,1,0,0,0,2048,2048,4463,0,0,0,750,6780,6780,0,0,675,0,1356,675,0,0,6431,675,9941,2048,0,0,0,0,
14,84,420,832,22,20,-42,0,9,241,20,3,0,0,0,0,0,0,0,3,0,1,0,0,0,0,0,0,0,0,0,0,0,0,0,-37607,0,0,0,0,0,
15,85,425,832,22,20,-42,0,0,30,9,1,1,0,0,0,65536,65536,65536,0,0,0,7500,9020,9020,0,0,0,0,1370910,22827,0,0,1371030,22827,65536,65536,0,0,0,0,
15,85,425,832,22,20,-42,0,1,65,9,24,1,0,0,0,2048,2048,0,0,0,0,0,14726,14726,0,0,735,0,1178,0,0,0,5580,0,65536,2048,0,0,0,0,
15,85,425,832,22,20,-42,0,2,69,9,24,23,0,0,0,62805,62805,0,0,0,0,0,643996,615396,0,28600,0,0,1042341,0,0,0,2123699,0,65536,64907,0,0,0,0,
15,85,425,832,22,20,-42,0,3,79,2,24,1,0,0,0,2048,2048,0,0,0,0,0,3333,3333,0,0,0,0,1599,0,0,0,7597,0,65536,2048,0,0,0,0,
15,85,425,832,22,20,-42,0,4,90,2,1,1,0,0,0,2048,2048,131,0,0,0,156,461,461,0,0,0,0,82,62,0,0,394,62,13526,2048,0,0,0,0,
15,85,425,832,22,20,-42,0,5,102,8,24,22,0,0,0,60074,60074,0,0,0,0,0,395995,350675,0,45320,26619,0,156268,0,0,0,408599,0,65536,60655,0,0,0,0,
15,85,425,832,22,20,-42,0,6,202,20,24,0,0,0,0,0,0,0,3,0,1,0,0,0,0,0,0,0,0,0,0,0,0,0,-28298,0,0,0,0,0,
15,85,425,832,22,20,-42,0,7,237,12,24,3,0,0,0,8192,8192,65536,0,0,0,150,64800,58620,0,6180,10725,0,39945,135,0,0,271803,135,65536,10922,0,0,0,0,
15,85,425,832,22,20,-42,0,8,238,9,24,1,0,0,0,2048,2048,4463,0,0,0,750,6780,6780,0,0,675,0,1356,675,0,0,6431,675,9941,2048,0,0,0,0,
15,85,425,832,22,20,-42,0,9,241,20,3,0,0,0,0,0,0,0,3,0,1,0,0,0,0,0,0,0,0,0,0,0,0,0,-37607,0,0,0,0,0,
16,86,430,832,22,20,-42,0,0,30,9,1,1,0,0,0,65536,65536,65536,0,0,0,7500,9020,9020,0,0,0,0,1370910,22577,0,0,1371030,22577,65536,65536,0,0,0,0,
16,86,430,832,22,20,-42,0,1,65,9,24,1,0,0,0,2048,2048,0,0,0,0,0,14726,14726,0,0,735,0,1178,0,0,0,5580,0,65536,2048,0,0,0,0,
16,86,430,832,22,20,-42,0,2,69,9,24,23,0,0,0,62805,62805,0,0,0,0,0,643996,615396,0,28600,0,0,1155635,0,0,0,2186161,0,65536,65221,0,0,0,0,
16,86,430,832,22,20,-42,0,3,79,2,24,1,0,0,0,2048,2048,0,0,0,0,0,3333,3333,0,0,0,0,1599,0,0,0,7597,0,65536,2048,0,0,0,0,
16,86,430,832,22,20,-42,0,4,90,2,1,1,0,0,0,2048,2048,131,0,0,0,156,461,461,0,0,0,0,82,62,0,0,394,62,13526,2048,0,0,0,0,
16,86,430,832,22,20,-42,0,5,102,8,24,20,0,0,0,54613,54613,0,0,0,0,0,359997,318797,0,41200,24199,0,67329,0,0,0,368487,0,65536,55746,0,0,0,0,
16,86,430,832,22,20,-42,0,6,202,20,24,0,0,0,0,0,0,0,3,0,1,0,0,0,0,0,0,0,0,0,0,0,0,0,-28298,0,0,0,0,0,
16,86,430,832,22,20,-42,0,7,237,12,24,3,0,0,0,8192,8192,65536,0,0,0,150,64800,58620,0,6180,10725,0,36234,135,0,0,246184,135,65536,10922,0,0,0,0,
16,86,430,832,22,20,-42,0,8,238,9,24,1,0,0,0,2048,2048,4463,0,0,0,750,6780,6780,0,0,675,0,1356,675,0,0,6431,675,9941,2048,0,0,0,0,
16,86,430,832,22,20,-42,0,9,241,20,3,0,0,0,0,0,0,0,3,0,1,0,0,0,0,0,0,0,0,0,0,0,0,0,-37607,0,0,0,0,0,
17,87,435,832,22,20,-42,0,0,30,9,1,1,0,0,0,65536,65536,65536,0,0,0,7500,9020,9020,0,0,0,0,1370910,22750,0,0,1371030,22750,65536,65536,0,0,0,0,
17,87,435,832,22,20,-42,0,1,65,9,24,1,0,0,0,2048,2048,0,0,0,0,0,14726,14726,0,0,735,0,1178,0,0,0,5580,0,65536,2048,0,0,0,0,
17,87,435,832,22,20,-42,0,2,69,9,24,23,0,0,0,62805,62805,0,0,0,0,0,643996,615396,0,28600,0,0,1260829,0,0,0,2257145,0,65536,65378,0,0,0,0,
17,87,435,832,22,20,-42,0,3,79,2,24,1,0,0,0,2048,2048,0,0,0,0,0,3333,3333,0,0,0,0,1599,0,0,0,7597,0,65536,2048,0,0,0,0,
17,87,435,832,22,20,-42,0,4,90,2,1,1,0,0,0,2031,2031,137,0,0,0,154,457,457,0,0,0,0,82,61,0,0,394,61,13526,2048,0,0,0,0,
17,87,435,832,22,20,-42,0,5,102,8,24,16,0,0,0,43690,43690,0,0,0,0,0,287995,255035,0,32960,19359,0,51415,0,0,0,291996,0,65536,46290,0,0,0,0,
17,87,435,832,22,20,-42,0,6,202,20,24,0,0,0,0,0,0,0,3,0,1,0,0,0,0,0,0,0,0,0,0,0,0,0,-28298,0,0,0,0,0,
17,87,435,832,22,20,-42,0,7,237,12,24,3,0,0,0,8192,8192,65536,0,0,0,150,64800,58620,0,6180,10725,0,34283,135,0,0,232765,135,65536,10922,0,0,0,0,
17,87,435,832,22,20,-42,0,8,238,9,24,1,0,0,0,2048,2048,4463,0,0,0,750,6780,6780,0,0,675,0,1356,675,0,0,6431,675,9941,2048,0,0,0,0,
17,87,435,832,22,20,-42,0,9,241,20,3,0,0,0,0,0,0,0,3,0,1,0,0,0,0,0,0,0,0,0,0,0,0,0,-37607,0,0,0,0,0,
18,88,440,832,22,20,-42,0,0,30,9,1,1,0,0,0,65536,65536,65536,0,0,0,7500,9020,9020,0,0,0,0,1370910,23202,0,0,1371030,23202,65536,65536,0,0,0,0,
18,88,440,832,22,20,-42,0,1,65,9,24,1,0,0,0,2048,2048,0,0,0,0,0,14726,14726,0,0,735,0,1178,0,0,0,5580,0,65536,2048,0,0,0,0,
18,88,440,832,22,20,-42,0,2,69,9,24,23,0,0,0,62805,62805,0,0,0,0,0,643996,615396,0,28600,0,0,1332067,0,0,0,2332984,0,65536,65457,0,0,0,0,
18,88,440,832,22,20,-42,0,3,79,2,24,1,0,0,0,2048,2048,0,0,0,0,0,3333,3333,0,0,0,0,1599,0,0,0,7597,0,65536,2048,0,0,0,0,
18,88,440,832,22,20,-42,0,4,90,2,1,1,0,0,0,2031,2031,137,0,0,0,154,457,457,0,0,0,0,82,61,0,0,394,61,13526,2048,0,0,0,0,
18,88,440,832,22,20,-42,0,5,102,8,24,13,0,0,0,35498,35498,0,0,0,0,0,233995,207215,0,26780,15729,0,41443,0,0,0,234595,0,65536,37506,0,0,0,0,
18,88,440,832,22,20,-42,0,6,202,20,24,0,0,0,0,0,0,0,3,0,1,0,0,0,0,0,0,0,0,0,0,0,0,0,-28298,0,0,0,0,0,
18,88,440,832,22,20,-42,0,7,237,12,24,3,0,0,0,8192,8192,65536,0,0,0,150,64800,58620,0,6180,10725,0,33560,135,0,0,227786,135,65536,10922,0,0,0,0,
18,88,440,832,22,20,-42,0,8,238,9,24,1,0,0,0,2048,2048,4463,0,0,0,750,6780,6780,0,0,675,0,1356,675,0,0,6431,675,9941,2048,0,0,0,0,
18,88,440,832,22,20,-42,0,9,241,20,3,0,0,0,0,0,0,0,3,0,1,0,0,0,0,0,0,0,0,0,0,0,0,0,-37607,0,0,0,0,0,
19,89,445,832,22,20,-42,0,0,30,9,1,1,0,0,0,65536,65536,65536,0,0,0,7500,9020,9020,0,0,0,0,1370910,23837,0,0,1371030,23837,65536,65536,0,0,0,0,
19,89,445,832,22,20,-42,0,1,65,9,24,1,0,0,0,2048,2048,0,0,0,0,0,14726,14726,0,0,735,0,1178,0,0,0,5580,0,65536,2048,0,0,0,0,
19,89,445,832,22,20,-42,0,2,69,9,24,23,0,0,0,62805,62805,0,0,0,0,0,643996,615396,0,28600,0,0,1362633,0,0,0,2409568,0,65536,65496,0,0,0,0,
19,89,445,832,22,20,-42,0,3,79,2,24,1,0,0,0,2048,2048,0,0,0,0,0,3333,3333,0,0,0,0,1599,0,0,0,7597,0,65536,2048,0,0,0,0,
19,89,445,832,22,20,-42,0,4,90,2,1,1,0,0,0,2031,2031,1893,0,0,0,154,457,457,0,0,0,0,350,61,0,0,394,61,13526,2048,0,0,0,0,
19,89,445,832,22,20,-42,0,5,102,8,24,11,0,0,0,30037,30037,0,0,0,0,0,197997,175337,0,22660,13309,0,35067,0,0,0,192243,0,65536,30735,0,0,0,0,
19,89,445,832,22,20,-42,0,6,202,20,24,0,0,0,0,0,0,0,3,0,1,0,0,0,0,0,0,0,0,0,0,0,0,0,-28298,0,0,0,0,0,
19,89,445,832,22,20,-42,0,7,237,12,24,3,0,0,0,8192,8192,65536,0,0,0,150,64800,58620,0,6180,10725,0,117213,135,0,0,229286,135,65536,10922,0,0,0,0,
19,89,445,832,22,20,-42,0,8,238,9,24,1,0,0,0,2048,2048,4463,0,0,0,750,6780,6780,0,0,675,0,1356,675,0,0,6431,675,9941,2048,0,0,0,0,
19,89,445,832,22,20,-42,0,9,241,20,3,0,0,0,0,0,0,0,3,0,1,0,0,0,0,0,0,0,0,0,0,0,0,0,-37607,0,0,0,0,0,
20,90,450,832,22,20,-42,0,0,30,9,1,1,0,0,0,65536,65536,65536,0,0,0,7500,9020,9020,0,0,0,0,1370910,24485,0,0,1371030,24485,65536,65536,0,0,0,0,
20,90,450,832,22,20,-42,0,1,65,9,24,1,0,0,0,2048,2048,0,0,0,0,0,14726,14726,0,0,735,0,1178,0,0,0,5580,0,65536,2048,0,0,0,0,
20,90,450,832,22,20,-42,0,2,69,9,24,23,0,0,0,62805,62805,0,0,0,0,0,643996,615396,0,28600,0,0,1271661,0,0,0,2470165,0,65536,65516,0,0,0,0,
20,90,450,832,22,20,-42,0,3,79,2,24,1,0,0,0,2048,2048,0,0,0,0,0,3333,3333,0,0,0,0,1599,0,0,0,7597,0,65536,2048,0,0,0,0,
20,90,450,832,22,20,-42,0,4,90,2,1,1,0,0,0,2031,2031,2156,0,0,0,154,457,457,0,0,0,0,390,61,0,0,12615,61,13526,65536,0,0,0,0,
20,90,450,832,22,20,-42,0,5,102,8,24,9,0,0,0,24576,24576,0,0,0,0,0,162000,143460,0,18540,10890,0,28692,0,0,0,164928,0,65536,26368,0,0,0,0,
20,90,450,832,22,20,-42,0,6,202,20,24,0,0,0,0,0,0,0,3,0,1,0,0,0,0,0,0,0,0,0,0,0,0,0,-28298,0,0,0,0,0,
20,90,450,832,22,20,-42,0,7,237,12,24,3,0,0,0,8192,8192,65536,0,0,0,150,64800,58620,0,6180,10725,0,143066,135,0,0,235565,135,65536,10922,0,0,0,0,
20,90,450,832,22,20,-42,0,8,238,9,24,1,0,0,0,2048,2048,4463,0,0,0,750,6780,6780,0,0,675,0,1356,675,0,0,6431,675,9941,2048,0,0,0,0,
20,90,450,832,22,20,-42,0,9,241,20,3,0,0,0,0,0,0,0,3,0,1,0,0,0,0,0,0,0,0,0,0,0,0,0,-37607,0,0,0,0,0,
21,91,455,832,22,20,-42,0,0,30,9,1,1,0,0,0,65536,65536,65536,0,0,0,7500,9020,9020,0,0,0,0,1370910,25137,0,0,1371030,25137,65536,65536,0,0,0,0,
21,91,455,832,22,20,-42,0,1,65,9,24,1,0,0,0,2048,2048,0,0,0,0,0,14726,14726,0,0,735,0,1178,0,0,0,5580,0,65536,2048,0,0,0,0,
21,91,455,832,22,20,-42,0,2,69,9,24,23,0,0,0,62805,62805,0,0,0,0,0,643996,615396,0,28600,0,0,1193943,0,0,0,2514216,0,65536,65526,0,0,0,0,
21,91,455,832,22,20,-42,0,3,79,2,24,1,0,0,0,2048,2048,0,0,0,0,0,3333,3333,0,0,0,0,1599,0,0,0,7597,0,65536,2048,0,0,0,0,
21,91,455,832,22,20,-42,0,4,90,2,1,1,0,0,0,65208,65208,11934,0,0,0,4974,14701,14701,0,0,0,0,3810,1989,0,0,14640,1989,16180,65536,0,0,0,0,
21,91,455,832,22,20,-42,0,5,102,8,24,9,0,0,0,24576,24576,0,0,0,0,0,162000,143460,0,18540,10890,0,28692,0,0,0,156778,0,65536,25065,0,0,0,0,
21,91,455,832,22,20,-42,0,6,202,20,24,0,0,0,0,0,0,0,3,0,1,0,0,0,0,0,0,0,0,0,0,0,0,0,-28298,0,0,0,0,0,
21,91,455,832,22,20,-42,0,7,237,12,24,3,0,0,0,8192,8192,65536,0,0,0,150,64800,58620,0,6180,10725,0,150610,156,0,0,246604,156,65536,10922,0,0,0,0,
21,91,455,832,22,20,-42,0,8,238,9,24,1,0,0,0,974,2048,1789,0,0,0,356,3224,3224,0,0,321,0,644,371,0,0,6431,371,9745,2048,0,0,0,0,
21,91,455,832,22,20,-42,0,9,241,20,3,0,0,0,0,0,0,0,3,0,1,0,0,0,0,0,0,0,0,0,0,0,0,0,-37607,0,0,0,0,0,
22,92,460,832,22,20,-42,0,0,30,9,1,1,0,0,0,65536,65536,65536,0,0,0,7500,9020,9020,0,0,0,0,1370910,24457,0,0,1371030,24457,65536,65536,0,0,0,0,
22,92,460,832,22,20,-42,0,1,65,9,24,1,0,0,0,2048,2048,0,0,0,0,0,14726,14726,0,0,735,0,1178,0,0,0,5580,0,65536,2048,0,0,0,0,
22,92,460,832,22,20,-42,0,2,69,9,24,20,0,0,0,54613,54613,0,0,0,0,0,559996,534696,0,25300,0,0,394070,0,0,0,2052796,0,65536,57199,0,0,0,0,
22,92,460,832,22,20,-42,0,3,79,2,24,1,0,0,0,2048,2048,0,0,0,0,0,3333,3333,0,0,0,0,1599,0,0,0,7597,0,65536,2048,0,0,0,0,
22,92,460,832,22,20,-42,0,4,90,2,1,1,0,0,0,4257,4257,367,0,0,0,324,959,959,0,0,0,0,185,129,0,0,878,129,14725,4257,0,0,0,0,
22,92,460,832,22,20,-42,0,5,102,8,24,16,0,0,0,43690,43690,0,0,0,0,0,287995,255035,0,32960,19359,0,134359,0,0,0,291143,0,65536,45300,0,0,0,0,
22,92,460,832,22,20,-42,0,6,202,20,24,0,0,0,0,0,0,0,3,0,1,0,0,0,0,0,0,0,0,0,0,0,0,0,-28298,0,0,0,0,0,
22,92,460,832,22,20,-42,0,7,237,12,24,24,0,0,0,65536,65536,65536,0,0,0,1200,518400,468960,0,49440,85800,0,661894,1158,0,0,1595040,1158,65536,65536,0,0,0,0,
22,92,460,832,22,20,-42,0,8,238,9,24,1,0,0,0,2048,2048,4148,0,0,0,750,6780,6780,0,0,675,0,1356,723,0,0,6431,723,9850,2048,0,0,0,0,
22,92,460,832,22,20,-42,0,9,241,20,3,0,0,0,0,0,0,0,3,0,1,0,0,0,0,0,0,0,0,0,0,0,0,0,-37607,0,0,0,0,0,
23,93,465,832,22,20,-42,0,0,30,9,1,1,0,0,0,65536,65536,65536,0,0,0,7500,9020,9020,0,0,0,0,1370910,24037,0,0,1371030,24037,65536,65536,0,0,0,0,
23,93,465,832,22,20,-42,0,1,65,9,24,1,0,0,0,2048,2048,0,0,0,0,0,14726,14726,0,0,735,0,1178,0,0,0,5580,0,65536,2048,0,0,0,0,
23,93,465,832,22,20,-42,0,2,69,9,24,22,0,0,0,60074,60074,0,0,0,0,0,615993,588493,0,27500,0,0,963537,0,0,0,2214290,0,65536,61367,0,0,0,0,
23,93,465,832,22,20,-42,0,3,79,2,24,1,0,0,0,2048,2048,0,0,0,0,0,3333,3333,0,0,0,0,1599,0,0,0,7597,0,65536,2048,0,0,0,0,
23,93,465,832,22,20,-42,0,4,90,2,1,1,0,0,0,2048,2048,131,0,0,0,156,461,461,0,0,0,0,82,62,0,0,394,62,13526,2048,0,0,0,0,
23,93,465,832,22,20,-42,0,5,102,8,24,20,0,0,0,54613,54613,0,0,0,0,0,359997,318797,0,41200,24199,0,170295,0,0,0,367435,0,65536,55418,0,0,0,0,
23,93,465,832,22,20,-42,0,6,202,20,24,0,0,0,0,0,0,0,3,0,1,0,0,0,0,0,0,0,0,0,0,0,0,0,-28298,0,0,0,0,0,
23,93,465,832,22,20,-42,0,7,237,12,24,3,0,0,0,8192,8192,65536,0,0,0,150,64800,58620,0,6180,10725,0,36280,135,0,0,246924,135,65536,10922,0,0,0,0,
23,93,465,832,22,20,-42,0,8,238,9,24,1,0,0,0,2048,2048,4463,0,0,0,750,6780,6780,0,0,675,0,1356,675,0,0,6431,675,9941,2048,0,0,0,0,
23,93,465,832,22,20,-42,0,9,241,20,3,0,0,0,0,0,0,0,3,0,1,0,0,0,0,0,0,0,0,0,0,0,0,0,-37607,0,0,0,0,0,
24,94,470,832,22,20,-42,0,0,30,9,1,1,0,0,0,65536,65536,65536,0,0,0,7500,9020,9020,0,0,0,0,1370910,23820,0,0,1371030,23820,65536,65536,0,0,0,0,
24,94,470,832,22,20,-42,0,1,65,9,24,1,0,0,0,2048,2048,0,0,0,0,0,14726,14726,0,0,735,0,1178,0,0,0,5580,0,65536,2048,0,0,0,0,
24,94,470,832,22,20,-42,0,2,69,9,24,23,0,0,0,62805,62805,0,0,0,0,0,643996,615396,0,28600,0,0,1125522,0,0,0,2330499,0,65536,63451,0,0,0,0,
24,94,470,832,22,20,-42,0,3,79,2,24,1,0,0,0,2048,2048,0,0,0,0,0,3333,3333,0,0,0,0,1599,0,0,0,7597,0,65536,2048,0,0,0,0,
24,94,470,832,22,20,-42,0,4,90,2,1,1,0,0,0,2031,2031,137,0,0,0,154,457,457,0,0,0,0,82,61,0,0,394,61,13526,2048,0,0,0,0,
24,94,470,832,22,20,-42,0,5,102,8,24,19,0,0,0,51882,51882,0,0,0,0,0,341995,302855,0,39140,22989,0,63902,0,0,0,360552,0,65536,54591,0,0,0,0,
24,94,470,832,22,20,-42,0,6,202,20,24,0,0,0,0,0,0,0,3,0,1,0,0,0,0,0,0,0,0,0,0,0,0,0,-28298,0,0,0,0,0,
24,94,470,832,22,20,-42,0,7,237,12,24,3,0,0,0,8192,8192,65536,0,0,0,150,64800,58620,0,6180,10725,0,33549,135,0,0,227926,135,65536,10922,0,0,0,0,
24,94,470,832,22,20,-42,0,8,238,9,24,1,0,0,0,2048,2048,4463,0,0,0,750,6780,6780,0,0,675,0,1356,675,0,0,6431,675,9941,2048,0,0,0,0,
24,94,470,832,22,20,-42,0,9,241,20,3,0,0,0,0,0,0,0,3,0,1,0,0,0,0,0,0,0,0,0,0,0,0,0,-37607,0,0,0,0,0,
25,95,475,832,22,20,-42,0,0,30,9,1,1,0,0,0,65536,65536,65536,0,0,0,7500,9020,9020,0,0,0,0,1370910,23967,0,0,1371030,23967,65536,65536,0,0,0,0,
25,95,475,832,22,20,-42,0,1,65,9,24,1,0,0,0,2048,2048,0,0,0,0,0,14726,14726,0,0,735,0,1178,0,0,0,5580,0,65536,2048,0,0,0,0,
25,95,475,832,22,20,-42,0,2,69,9,24,23,0,0,0,62805,62805,0,0,0,0,0,643996,615396,0,28600,0,0,1181682,0,0,0,2414354,0,65536,64493,0,0,0,0,
25,95,475,832,22,20,-42,0,3,79,2,24,12,0,0,0,32768,32768,0,0,0,0,0,53340,53340,0,0,0,0,31570,0,0,0,128328,0,65536,33792,0,0,0,0,
25,95,475,832,22,20,-42,0,4,90,2,1,1,0,0,0,2048,2048,131,0,0,0,156,461,461,0,0,0,0,82,62,0,0,394,62,13526,2048,0,0,0,0,
25,95,475,832,22,20,-42,0,5,102,8,24,17,0,0,0,46421,46421,0,0,0,0,0,305997,270977,0,35020,20569,0,55496,0,0,0,306773,0,65536,47882,0,0,0,0,
25,95,475,832,22,20,-42,0,6,202,20,24,0,0,0,0,0,0,0,3,0,1,0,0,0,0,0,0,0,0,0,0,0,0,0,-28298,0,0,0,0,0,
25,95,475,832,22,20,-42,0,7,237,12,24,3,0,0,0,8192,8192,65536,0,0,0,150,64800,58620,0,6180,10725,0,32386,135,0,0,219906,135,65536,10922,0,0,0,0,
25,95,475,832,22,20,-42,0,8,238,9,24,1,0,0,0,2048,2048,4463,0,0,0,750,6780,6780,0,0,675,0,1356,675,0,0,6431,675,9941,2048,0,0,0,0,
25,95,475,832,22,20,-42,0,9,241,20,3,0,0,0,0,0,0,0,3,0,1,0,0,0,0,0,0,0,0,0,0,0,0,0,-37607,0,0,0,0,0,
26,96,480,832,22,20,-42,0,0,30,9,1,1,0,0,0,65536,65536,65536,0,0,0,7500,9020,9020,0,0,0,0,1370910,24412,0,0,1371030,24412,65536,65536,0,0,0,0,
26,96,480,832,22,20,-42,0,1,65,9,24,1,0,0,0,2048,2048,0,0,0,0,0,14726,14726,0,0,735,0,1178,0,0,0,5580,0,65536,2048,0,0,0,0,
26,96,480,832,22,20,-42,0,2,69,9,24,23,0,0,0,62805,62805,0,0,0,0,0,643996,615396,0,28600,0,0,1266218,0,0,0,2486595,0,65536,65014,0,0,0,0,
26,96,480,832,22,20,-42,0,3,79,2,24,7,0,0,0,19114,19114,0,0,0,0,0,31113,31113,0,0,0,0,14934,0,0,0,77017,0,65536,20761,0,0,0,0,
26,96,480,832,22,20,-42,0,4,90,2,1,1,0,0,0,2048,2048,131,0,0,0,156,461,461,0,0,0,0,82,62,0,0,394,62,13526,2048,0,0,0,0,
26,96,480,832,22,20,-42,0,5,102,8,24,15,0,0,0,40960,40960,0,0,0,0,0,270000,239100,0,30900,18150,0,47820,0,0,0,259502,0,65536,41488,0,0,0,0,
26,96,480,832,22,20,-42,0,6,202,20,24,0,0,0,0,0,0,0,3,0,1,0,0,0,0,0,0,0,0,0,0,0,0,0,-28298,0,0,0,0,0,
26,96,480,832,22,20,-42,0,7,237,12,24,3,0,0,0,8192,8192,65536,0,0,0,150,64800,58620,0,6180,10725,0,107318,135,0,0,220206,135,65536,10922,0,0,0,0,
26,96,480,832,22,20,-42,0,8,238,9,24,1,0,0,0,2048,2048,4463,0,0,0,750,6780,6780,0,0,675,0,1356,675,0,0,6431,675,9941,2048,0,0,0,0,
26,96,480,832,22,20,-42,0,9,241,20,3,0,0,0,0,0,0,0,3,0,1,0,0,0,0,0,0,0,0,0,0,0,0,0,-37607,0,0,0,0,0,
27,97,485,832,22,20,-42,0,0,30,9,1,1,0,0,0,65536,65536,65536,0,0,0,7500,9020,9020,0,0,0,0,1370910,25000,0,0,1371030,25000,65536,65536,0,0,0,0,
27,97,485,832,22,20,-42,0,1,65,9,24,1,0,0,0,2048,2048,0,0,0,0,0,14726,14726,0,0,735,0,1178,0,0,0,5580,0,65536,2048,0,0,0,0,
27,97,485,832,22,20,-42,0,2,69,9,24,23,0,0,0,62805,62805,0,0,0,0,0,643996,615396,0,28600,0,0,1287247,0,0,0,2548689,0,65536,65275,0,0,0,0,
27,97,485,832,22,20,-42,0,3,79,2,24,4,0,0,0,10922,10922,0,0,0,0,0,17778,17778,0,0,0,0,8533,0,0,0,45206,0,65536,12186,0,0,0,0,
27,97,485,832,22,20,-42,0,4,90,2,1,1,0,0,0,2048,2048,131,0,0,0,156,461,461,0,0,0,0,82,62,0,0,394,62,13526,2048,0,0,0,0,
27,97,485,832,22,20,-42,0,5,102,8,24,13,0,0,0,35498,35498,0,0,0,0,0,233995,207215,0,26780,15729,0,41443,0,0,0,222267,0,65536,35535,0,0,0,0,
27,97,485,832,22,20,-42,0,6,202,20,24,0,0,0,0,0,0,0,3,0,1,0,0,0,0,0,0,0,0,0,0,0,0,0,-28298,0,0,0,0,0,
27,97,485,832,22,20,-42,0,7,237,12,24,3,0,0,0,8192,8192,65536,0,0,0,150,64800,58620,0,6180,10725,0,136381,135,0,0,226106,135,65536,10922,0,0,0,0,
27,97,485,832,22,20,-42,0,8,238,9,24,1,0,0,0,2048,2048,4463,0,0,0,750,6780,6780,0,0,675,0,1356,675,0,0,6431,675,9941,2048,0,0,0,0,
27,97,485,832,22,20,-42,0,9,241,20,3,0,0,0,0,0,0,0,3,0,1,0,0,0,0,0,0,0,0,0,0,0,0,0,-37607,0,0,0,0,0,
28,98,490,832,22,20,-42,0,0,30,9,1,1,0,0,0,65536,65536,65536,0,0,0,7500,9020,9020,0,0,0,0,1370910,25677,0,0,1371030,25677,65536,65536,0,0,0,0,
28,98,490,832,22,20,-42,0,1,65,9,24,1,0,0,0,2048,2048,0,0,0,0,0,14726,14726,0,0,735,0,1178,0,0,0,5580,0,65536,2048,0,0,0,0,
28,98,490,832,22,20,-42,0,2,69,9,24,23,0,0,0,62805,62805,0,0,0,0,0,643996,615396,0,28600,0,0,1267730,0,0,0,2599393,0,65536,65405,0,0,0,0,
28,98,490,832,22,20,-42,0,3,79,2,24,2,0,0,0,5461,5461,0,0,0,0,0,8889,8889,0,0,0,0,4266,0,0,0,26012,0,65536,7012,0,0,0,0,
28,98,490,832,22,20,-42,0,4,90,2,1,1,0,0,0,2048,2048,131,0,0,0,156,461,461,0,0,0,0,82,62,0,0,394,62,13526,2048,0,0,0,0,
28,98,490,832,22,20,-42,0,5,102,8,24,11,0,0,0,30037,30037,0,0,0,0,0,197997,175337,0,22660,13309,0,35067,0,0,0,194601,0,65536,31112,0,0,0,0,
28,98,490,832,22,20,-42,0,6,202,20,24,0,0,0,0,0,0,0,3,0,1,0,0,0,0,0,0,0,0,0,0,0,0,0,-28298,0,0,0,0,0,
28,98,490,832,22,20,-42,0,7,237,12,24,3,0,0,0,8192,8192,65536,0,0,0,150,64800,58620,0,6180,10725,0,143893,135,0,0,237125,135,65536,10922,0,0,0,0,
28,98,490,832,22,20,-42,0,8,238,9,24,1,0,0,0,2048,2048,4463,0,0,0,750,6780,6780,0,0,675,0,1356,675,0,0,6431,675,9941,2048,0,0,0,0,
28,98,490,832,22,20,-42,0,9,241,20,3,0,0,0,0,0,0,0,3,0,1,0,0,0,0,0,0,0,0,0,0,0,0,0,-37607,0,0,0,0,0,
29,99,495,832,22,20,-42,0,0,30,9,1,1,0,0,0,65536,65536,65536,0,0,0,7500,9020,9020,0,0,0,0,1370910,26492,0,0,1371030,26492,65536,65536,0,0,0,0,
29,99,495,832,22,20,-42,0,1,65,9,24,1,0,0,0,2048,2048,0,0,0,0,0,14726,14726,0,0,735,0,1178,0,0,0,5580,0,65536,2048,0,0,0,0,
29,99,495,832,22,20,-42,0,2,69,9,24,23,0,0,0,62805,62805,0,0,0,0,0,643996,615396,0,28600,0,0,1139811,0,0,0,2626791,0,65536,65470,0,0,0,0,
29,99,495,832,22,20,-42,0,3,79,2,24,1,0,0,0,2730,2730,0,0,0,0,0,4443,4443,0,0,0,0,2132,0,0,0,14987,0,65536,4040,0,0,0,0,
29,99,495,832,22,20,-42,0,4,90,2,1,1,0,0,0,2048,2048,131,0,0,0,156,461,461,0,0,0,0,82,62,0,0,394,62,13526,2048,0,0,0,0,
29,99,495,832,22,20,-42,0,5,102,8,24,17,0,0,0,46421,46421,0,0,0,0,0,305997,270977,0,35020,20569,0,62181,0,0,0,303234,0,65536,48324,0,0,0,0,
29,99,495,832,22,20,-42,0,6,202,20,24,0,0,0,0,0,0,0,3,0,1,0,0,0,0,0,0,0,0,0,0,0,0,0,-28298,0,0,0,0,0,
29,99,495,832,22,20,-42,0,7,237,12,24,24,0,0,0,65536,65536,65536,0,0,0,1200,518400,468960,0,49440,85800,0,671771,1080,0,0,1543560,1080,65536,65536,0,0,0,0,
29,99,495,832,22,20,-42,0,8,238,9,24,1,0,0,0,2048,2048,4463,0,0,0,750,6780,6780,0,0,675,0,1356,675,0,0,6431,675,9941,2048,0,0,0,0,
29,99,495,832,22,20,-42,0,9,241,20,3,0,0,0,0,0,0,0,3,0,1,0,0,0,0,0,0,0,0,0,0,0,0,0,-37607,0,0,0,0,0,
30,100,500,832,22,20,-42,0,0,30,9,1,1,0,0,0,65536,65536,65536,0,0,0,7500,9020,9020,0,0,0,0,1370910,26155,0,0,1371030,26155,65536,65536,0,0,0,0,
30,100,500,832,22,20,-42,0,1,65,9,24,1,0,0,0,2048,2048,0,0,0,0,0,14726,14726,0,0,735,0,1178,0,0,0,5580,0,65536,2048,0,0,0,0,
30,100,500,832,22,20,-42,0,2,69,9,24,23,0,0,0,62805,62805,0,0,0,0,0,643996,615396,0,28600,0,0,1146048,0,0,0,2650304,0,65536,65503,0,0,0,0,
30,100,500,832,22,20,-42,0,3,79,2,24,1,0,0,0,2372,2372,0,0,0,0,0,3861,3861,0,0,0,0,1853,0,0,0,8799,0,65536,2372,0,0,0,0,
30,100,500,832,22,20,-42,0,4,90,2,1,1,0,0,0,2048,2048,131,0,0,0,156,461,461,0,0,0,0,82,62,0,0,394,62,13526,2048,0,0,0,0,
30,100,500,832,22,20,-42,0,5,102,8,24,20,0,0,0,54613,54613,0,0,0,0,0,359997,318797,0,41200,24199,0,75243,0,0,0,359113,0,65536,56930,0,0,0,0,
30,100,500,832,22,20,-42,0,6,202,20,24,0,0,0,0,0,0,0,3,0,1,0,0,0,0,0,0,0,0,0,0,0,0,0,-28298,0,0,0,0,0,
30,100,500,832,22,20,-42,0,7,237,12,24,3,0,0,0,8192,8192,65536,0,0,0,150,64800,58620,0,6180,10725,0,35440,135,0,0,241245,135,65536,10922,0,0,0,0,
30,100,500,832,22,20,-42,0,8,238,9,24,1,0,0,0,2048,2048,4463,0,0,0,750,6780,6780,0,0,675,0,1356,675,0,0,6431,675,9941,2048,0,0,0,0,
30,100,500,832,22,20,-42,0,9,241,20,3,0,0,0,0,0,0,0,3,0,1,0,0,0,0,0,0,0,0,0,0,0,0,0,-37607,0,0,0,0,0,
31,101,505,832,22,20,-42,0,0,30,9,1,1,0,0,0,65536,65536,65536,0,0,0,7500,9020,9020,0,0,0,0,1370910,25560,0,0,1371030,25560,65536,65536,0,0,0,0,
31,101,505,832,22,20,-42,0,1,65,9,24,1,0,0,0,2048,2048,0,0,0,0,0,14726,14726,0,0,735,0,1178,0,0,0,5580,0,65536,2048,0,0,0,0,
31,101,505,832,22,20,-42,0,2,69,9,24,23,0,0,0,62805,62805,0,0,0,0,0,643996,615396,0,28600,0,0,1004647,0,0,0,2649632,0,65536,65519,0,0,0,0,
31,101,505,832,22,20,-42,0,3,79,2,24,1,0,0,0,2048,2048,0,0,0,0,0,3333,3333,0,0,0,0,1599,0,0,0,7597,0,65536,2048,0,0,0,0,
31,101,505,832,22,20,-42,0,4,90,2,1,1,0,0,0,2048,2048,131,0,0,0,156,461,461,0,0,0,0,82,62,0,0,394,62,13526,2048,0,0,0,0,
31,101,505,832,22,20,-42,0,5,102,8,24,18,0,0,0,49152,49152,0,0,0,0,0,324000,286920,0,37080,21780,0,57384,0,0,0,308109,0,65536,49259,0,0,0,0,
31,101,505,832,22,20,-42,0,6,202,20,24,0,0,0,0,0,0,0,3,0,1,0,0,0,0,0,0,0,0,0,0,0,0,0,-28298,0,0,0,0,0,
31,101,505,832,22,20,-42,0,7,237,12,24,3,0,0,0,8192,8192,65536,0,0,0,150,64800,58620,0,6180,10725,0,32882,135,0,0,223166,135,65536,10922,0,0,0,0,
31,101,505,832,22,20,-42,0,8,238,9,24,1,0,0,0,2048,2048,4463,0,0,0,750,6780,6780,0,0,675,0,1356,675,0,0,6431,675,9941,2048,0,0,0,0,
31,101,505,832,22,20,-42,0,9,241,20,3,0,0,0,0,0,0,0,3,0,1,0,0,0,0,0,0,0,0,0,0,0,0,0,-37607,0,0,0,0,0,
32,102,510,832,22,20,-42,0,0,30,9,1,1,0,0,0,65536,65536,65536,0,0,0,7500,9020,9020,0,0,0,0,1370910,24902,0,0,1371030,24902,65536,65536,0,0,0,0,
32,102,510,832,22,20,-42,0,1,65,9,24,1,0,0,0,2048,2048,0,0,0,0,0,14726,14726,0,0,735,0,1178,0,0,0,5580,0,65536,2048,0,0,0,0,
32,102,510,832,22,20,-42,0,2,69,9,24,23,0,0,0,62805,62805,0,0,0,0,0,643996,615396,0,28600,0,0,768021,0,0,0,2607001,0,65536,65527,0,0,0,0,
32,102,510,832,22,20,-42,0,3,79,2,24,1,0,0,0,2048,2048,0,0,0,0,0,3333,3333,0,0,0,0,1599,0,0,0,7597,0,65536,2048,0,0,0,0,
32,102,510,832,22,20,-42,0,4,90,2,1,1,0,0,0,2031,2031,137,0,0,0,154,457,457,0,0,0,0,82,61,0,0,394,61,13526,2048,0,0,0,0,
32,102,510,832,22,20,-42,0,5,102,8,24,14,0,0,0,38229,38229,0,0,0,0,0,251997,223157,0,28840,16939,0,44631,0,0,0,248193,0,65536,39680,0,0,0,0,
32,102,510,832,22,20,-42,0,6,202,20,24,0,0,0,0,0,0,0,3,0,1,0,0,0,0,0,0,0,0,0,0,0,0,0,-28298,0,0,0,0,0,
32,102,510,832,22,20,-42,0,7,237,12,24,3,0,0,0,8192,8192,65536,0,0,0,150,64800,58620,0,6180,10725,0,55391,135,0,0,213806,135,65536,10922,0,0,0,0,
32,102,510,832,22,20,-42,0,8,238,9,24,1,0,0,0,2048,2048,4463,0,0,0,750,6780,6780,0,0,675,0,1356,675,0,0,6431,675,9941,2048,0,0,0,0,
32,102,510,832,22,20,-42,0,9,241,20,3,0,0,0,0,0,0,0,3,0,1,0,0,0,0,0,0,0,0,0,0,0,0,0,-37607,0,0,0,0,0,
33,103,515,832,22,20,-42,0,0,30,9,1,1,0,0,0,65536,65536,65536,0,0,0,7500,9020,9020,0,0,0,0,1370910,22932,0,0,1371030,22932,65536,65536,0,0,0,0,
33,103,515,832,22,20,-42,0,1,65,9,24,1,0,0,0,2048,2048,0,0,0,0,0,14726,14726,0,0,735,0,1178,0,0,0,5580,0,65536,2048,0,0,0,0,
33,103,515,832,22,20,-42,0,2,69,9,24,19,0,0,0,51882,51882,0,0,0,0,0,531993,507793,0,24200,0,0,376376,0,0,0,1875034,0,65536,51949,0,0,0,0,
33,103,515,832,22,20,-42,0,3,79,2,24,1,0,0,0,2048,2048,0,0,0,0,0,3333,3333,0,0,0,0,1599,0,0,0,7597,0,65536,2048,0,0,0,0,
33,103,515,832,22,20,-42,0,4,90,2,1,1,0,0,0,2031,2031,137,0,0,0,154,457,457,0,0,0,0,82,61,0,0,394,61,13526,2048,0,0,0,0,
33,103,515,832,22,20,-42,0,5,102,8,24,11,0,0,0,30037,30037,0,0,0,0,0,197997,175337,0,22660,13309,0,35067,0,0,0,196678,0,65536,31444,0,0,0,0,
33,103,515,832,22,20,-42,0,6,202,20,24,0,0,0,0,0,0,0,3,0,1,0,0,0,0,0,0,0,0,0,0,0,0,0,-28298,0,0,0,0,0,
33,103,515,832,22,20,-42,0,7,237,12,24,3,0,0,0,8192,8192,65536,0,0,0,150,64800,58620,0,6180,10725,0,72593,135,0,0,212927,135,65536,10922,0,0,0,0,
33,103,515,832,22,20,-42,0,8,238,9,24,1,0,0,0,2048,2048,4463,0,0,0,750,6780,6780,0,0,675,0,1356,675,0,0,6431,675,9941,2048,0,0,0,0,
33,103,515,832,22,20,-42,0,9,241,20,3,0,0,0,0,0,0,0,3,0,1,0,0,0,0,0,0,0,0,0,0,0,0,0,-37607,0,0,0,0,0,
34,104,520,832,22,20,-42,0,0,30,9,1,1,0,0,0,65536,65536,65536,0,0,0,7500,9020,9020,0,0,0,0,1370910,22577,0,0,1371030,22577,65536,65536,0,0,0,0,
34,104,520,832,22,20,-42,0,1,65,9,24,1,0,0,0,2048,2048,0,0,0,0,0,14726,14726,0,0,735,0,1178,0,0,0,5580,0,65536,2048,0,0,0,0,
34,104,520,832,22,20,-42,0,2,69,9,24,21,0,0,0,57344,57344,0,0,0,0,0,588000,561600,0,26400,0,0,551474,0,0,0,2071386,0,65536,58742,0,0,0,0,
34,104,520,832,22,20,-42,0,3,79,2,24,1,0,0,0,2048,2048,0,0,0,0,0,3333,3333,0,0,0,0,1599,0,0,0,7597,0,65536,2048,0,0,0,0,
34,104,520,832,22,20,-42,0,4,90,2,1,1,0,0,0,2031,2031,137,0,0,0,154,457,457,0,0,0,0,82,61,0,0,394,61,13526,2048,0,0,0,0,
34,104,520,832,22,20,-42,0,5,102,8,24,9,0,0,0,24576,24576,0,0,0,0,0,162000,143460,0,18540,10890,0,28692,0,0,0,156759,0,65536,25062,0,0,0,0,
34,104,520,832,22,20,-42,0,6,202,20,24,0,0,0,0,0,0,0,3,0,1,0,0,0,0,0,0,0,0,0,0,0,0,0,-28298,0,0,0,0,0,
34,104,520,832,22,20,-42,0,7,237,12,24,3,0,0,0,8192,8192,65536,0,0,0,150,64800,58620,0,6180,10725,0,122293,135,0,0,217626,135,65536,10922,0,0,0,0,
34,104,520,832,22,20,-42,0,8,238,9,24,1,0,0,0,2048,2048,4463,0,0,0,750,6780,6780,0,0,675,0,1356,675,0,0,6431,675,9941,2048,0,0,0,0,
34,104,520,832,22,20,-42,0,9,241,20,3,0,0,0,0,0,0,0,3,0,1,0,0,0,0,0,0,0,0,0,0,0,0,0,-37607,0,0,0,0,0,
35,105,525,832,22,20,-42,0,0,30,9,1,1,0,0,0,65536,65536,65536,0,0,0,7500,9020,9020,0,0,0,0,1370910,22735,0,0,1371030,22735,65536,65536,0,0,0,0,
35,105,525,832,22,20,-42,0,1,65,9,24,1,0,0,0,2048,2048,0,0,0,0,0,14726,14726,0,0,735,0,1178,0,0,0,5580,0,65536,2048,0,0,0,0,
35,105,525,832,22,20,-42,0,2,69,9,24,22,0,0,0,60074,60074,0,0,0,0,0,615993,588493,0,27500,0,0,761528,0,0,0,2184801,0,65536,62139,0,0,0,0,
35,105,525,832,22,20,-42,0,3,79,2,24,1,0,0,0,2048,2048,0,0,0,0,0,3333,3333,0,0,0,0,1599,0,0,0,7597,0,65536,2048,0,0,0,0,
35,105,525,832,22,20,-42,0,4,90,2,1,1,0,0,0,2031,2031,137,0,0,0,154,457,457,0,0,0,0,82,61,0,0,394,61,13526,2048,0,0,0,0,
35,105,525,832,22,20,-42,0,5,102,8,24,7,0,0,0,19114,19114,0,0,0,0,0,125995,111575,0,14420,8469,0,22315,0,0,0,134135,0,65536,21445,0,0,0,0,
35,105,525,832,22,20,-42,0,6,202,20,24,0,0,0,0,0,0,0,3,0,1,0,0,0,0,0,0,0,0,0,0,0,0,0,-28298,0,0,0,0,0,
35,105,525,832,22,20,-42,0,7,237,12,24,3,0,0,0,8192,8192,65536,0,0,0,150,64800,58620,0,6180,10725,0,138248,135,0,0,227766,135,65536,10922,0,0,0,0,
35,105,525,832,22,20,-42,0,8,238,9,24,1,0,0,0,2048,2048,4463,0,0,0,750,6780,6780,0,0,675,0,1356,675,0,0,6431,675,9941,2048,0,0,0,0,
35,105,525,832,22,20,-42,0,9,241,20,3,0,0,0,0,0,0,0,3,0,1,0,0,0,0,0,0,0,0,0,0,0,0,0,-37607,0,0,0,0,0,
36,106,530,832,22,20,-42,0,0,30,9,1,1,0,0,0,65536,65536,65536,0,0,0,7500,9020,9020,0,0,0,0,1370910,23190,0,0,1371030,23190,65536,65536,0,0,0,0,
36,106,530,832,22,20,-42,0,1,65,9,24,1,0,0,0,2048,2048,0,0,0,0,0,14726,14726,0,0,735,0,1178,0,0,0,5580,0,65536,2048,0,0,0,0,
36,106,530,832,22,20,-42,0,2,69,9,24,23,0,0,0,62805,62805,0,0,0,0,0,643996,615396,0,28600,0,0,902097,0,0,0,2255607,0,65536,63837,0,0,0,0,
36,106,530,832,22,20,-42,0,3,79,2,24,1,0,0,0,2048,2048,0,0,0,0,0,3333,3333,0,0,0,0,1599,0,0,0,7597,0,65536,2048,0,0,0,0,
36,106,530,832,22,20,-42,0,4,90,2,1,1,0,0,0,2031,2031,137,0,0,0,154,457,457,0,0,0,0,82,61,0,0,394,61,13526,2048,0,0,0,0,
36,106,530,832,22,20,-42,0,5,102,8,24,15,0,0,0,40960,40960,0,0,0,0,0,270000,239100,0,30900,18150,0,49118,0,0,0,272900,0,65536,43490,0,0,0,0,
36,106,530,832,22,20,-42,0,6,202,20,24,0,0,0,0,0,0,0,3,0,1,0,0,0,0,0,0,0,0,0,0,0,0,0,-28298,0,0,0,0,0,
36,106,530,832,22,20,-42,0,7,237,12,24,24,0,0,0,65536,65536,65536,0,0,0,1200,518400,468960,0,49440,85800,0,641980,1080,0,0,1487400,1080,65536,65536,0,0,0,0,
36,106,530,832,22,20,-42,0,8,238,9,24,1,0,0,0,2048,2048,4463,0,0,0,750,6780,6780,0,0,675,0,1356,675,0,0,6431,675,9941,2048,0,0,0,0,
36,106,530,832,22,20,-42,0,9,241,20,3,0,0,0,0,0,0,0,3,0,1,0,0,0,0,0,0,0,0,0,0,0,0,0,-37607,0,0,0,0,0,
37,107,535,832,22,20,-42,0,0,30,9,1,1,0,0,0,65536,65536,65536,0,0,0,7500,9020,9020,0,0,0,0,1370910,23042,0,0,1371030,23042,65536,65536,0,0,0,0,
37,107,535,832,22,20,-42,0,1,65,9,24,1,0,0,0,2048,2048,0,0,0,0,0,14726,14726,0,0,735,0,1178,0,0,0,5580,0,65536,2048,0,0,0,0,
37,107,535,832,22,20,-42,0,2,69,9,24,23,0,0,0,62805,62805,0,0,0,0,0,643996,615396,0,28600,0,0,1062482,0,0,0,2318178,0,65536,64686,0,0,0,0,
37,107,535,832,22,20,-42,0,3,79,2,24,1,0,0,0,2048,2048,0,0,0,0,0,3333,3333,0,0,0,0,1599,0,0,0,7597,0,65536,2048,0,0,0,0,
37,107,535,832,22,20,-42,0,4,90,2,1,1,0,0,0,2064,2064,1972,0,0,0,157,465,465,0,0,0,0,363,62,0,0,12615,62,13526,65536,0,0,0,0,
37,107,535,832,22,20,-42,0,5,102,8,24,19,0,0,0,51882,51882,0,0,0,0,0,341995,302855,0,39140,22989,0,112173,0,0,0,348857,0,65536,54513,0,0,0,0,
37,107,535,832,22,20,-42,0,6,202,20,24,0,0,0,0,0,0,0,3,0,1,0,0,0,0,0,0,0,0,0,0,0,0,0,-28298,0,0,0,0,0,
37,107,535,832,22,20,-42,0,7,237,12,24,3,0,0,0,8192,8192,65536,0,0,0,150,64800,58620,0,6180,10725,0,34563,135,0,0,233365,135,65536,10922,0,0,0,0,
37,107,535,832,22,20,-42,0,8,238,9,24,1,0,0,0,2048,2048,4463,0,0,0,750,6780,6780,0,0,675,0,1356,675,0,0,6431,675,9941,2048,0,0,0,0,
37,107,535,832,22,20,-42,0,9,241,20,3,0,0,0,0,0,0,0,3,0,1,0,0,0,0,0,0,0,0,0,0,0,0,0,-37607,0,0,0,0,0,
38,108,540,832,22,20,-42,0,0,30,9,1,1,0,0,0,65536,65536,65536,0,0,0,7500,9020,9020,0,0,0,0,1370910,23067,0,0,1371030,23067,65536,65536,0,0,0,0,
38,108,540,832,22,20,-42,0,1,65,9,24,1,0,0,0,2048,2048,0,0,0,0,0,14726,14726,0,0,735,0,1178,0,0,0,5580,0,65536,2048,0,0,0,0,
38,108,540,832,22,20,-42,0,2,69,9,24,23,0,0,0,62805,62805,0,0,0,0,0,643996,615396,0,28600,0,0,1124908,0,0,0,2371440,0,65536,65111,0,0,0,0,
38,108,540,832,22,20,-42,0,3,79,2,24,1,0,0,0,2048,2048,0,0,0,0,0,3333,3333,0,0,0,0,1599,0,0,0,7597,0,65536,2048,0,0,0,0,
38,108,540,832,22,20,-42,0,4,90,2,1,1,0,0,0,53306,53306,6501,0,0,0,4066,12017,12017,0,0,0,0,2618,1626,0,0,10260,1626,13526,53306,0,0,0,0,
38,108,540,832,22,20,-42,0,5,102,8,24,18,0,0,0,49152,49152,0,0,0,0,0,324000,286920,0,37080,21780,0,57613,0,0,0,309340,0,65536,49254,0,0,0,0,
38,108,540,832,22,20,-42,0,6,202,20,24,0,0,0,0,0,0,0,3,0,1,0,0,0,0,0,0,0,0,0,0,0,0,0,-28298,0,0,0,0,0,
38,108,540,832,22,20,-42,0,7,237,12,24,3,0,0,0,8192,8192,65536,0,0,0,150,64800,58620,0,6180,10725,0,32877,135,0,0,221826,135,65536,10922,0,0,0,0,
38,108,540,832,22,20,-42,0,8,238,9,24,1,0,0,0,2048,2048,4463,0,0,0,750,6780,6780,0,0,675,0,1356,675,0,0,6431,675,9941,2048,0,0,0,0,
38,108,540,832,22,20,-42,0,9,241,20,3,0,0,0,0,0,0,0,3,0,1,0,0,0,0,0,0,0,0,0,0,0,0,0,-37607,0,0,0,0,0,
39,109,545,832,22,20,-42,0,0,30,9,1,1,0,0,0,65536,65536,65536,0,0,0,7500,9020,9020,0,0,0,0,1370910,23355,0,0,1371030,23355,65536,65536,0,0,0,0,
39,109,545,832,22,20,-42,0,1,65,9,24,1,0,0,0,2048,2048,0,0,0,0,0,14726,14726,0,0,735,0,1178,0,0,0,5580,0,65536,2048,0,0,0,0,
39,109,545,832,22,20,-42,0,2,69,9,24,23,0,0,0,62805,62805,0,0,0,0,0,643996,615396,0,28600,0,0,1187760,0,0,0,2422700,0,65536,65323,0,0,0,0,
39,109,545,832,22,20,-42,0,3,79,2,24,1,0,0,0,2048,2048,0,0,0,0,0,3333,3333,0,0,0,0,1599,0,0,0,7597,0,65536,2048,0,0,0,0,
39,109,545,832,22,20,-42,0,4,90,2,1,1,0,0,0,4203,4203,275,0,0,0,320,947,947,0,0,0,0,170,128,0,0,809,128,13526,4203,0,0,0,0,
39,109,545,832,22,20,-42,0,5,102,8,24,14,0,0,0,38229,38229,0,0,0,0,0,251997,223157,0,28840,16939,0,44631,0,0,0,256112,0,65536,40946,0,0,0,0,
39,109,545,832,22,20,-42,0,6,202,20,24,0,0,0,0,0,0,0,3,0,1,0,0,0,0,0,0,0,0,0,0,0,0,0,-28298,0,0,0,0,0,
39,109,545,832,22,20,-42,0,7,237,12,24,3,0,0,0,8192,8192,65536,0,0,0,150,64800,58620,0,6180,10725,0,73274,135,0,0,218646,135,65536,10922,0,0,0,0,
39,109,545,832,22,20,-42,0,8,238,9,24,1,0,0,0,2048,2048,4463,0,0,0,750,6780,6780,0,0,675,0,1356,675,0,0,6431,675,9941,2048,0,0,0,0,
39,109,545,832,22,20,-42,0,9,241,20,3,0,0,0,0,0,0,0,3,0,1,0,0,0,0,0,0,0,0,0,0,0,0,0,-37607,0,0,0,0,0,
40,110,550,832,22,20,-42,0,0,30,9,1,1,0,0,0,65536,65536,65536,0,0,0,7500,9020,9020,0,0,0,0,1370910,23835,0,0,1371030,23835,65536,65536,0,0,0,0,
40,110,550,832,22,20,-42,0,1,65,9,24,1,0,0,0,2048,2048,0,0,0,0,0,14726,14726,0,0,735,0,1178,0,0,0,5580,0,65536,2048,0,0,0,0,
40,110,550,832,22,20,-42,0,2,69,9,24,23,0,0,0,62805,62805,0,0,0,0,0,643996,615396,0,28600,0,0,1222398,0,0,0,2472276,0,65536,65429,0,0,0,0,
40,110,550,832,22,20,-42,0,3,79,2,24,1,0,0,0,2048,2048,0,0,0,0,0,3333,3333,0,0,0,0,1599,0,0,0,7597,0,65536,2048,0,0,0,0,
40,110,550,832,22,20,-42,0,4,90,2,1,1,0,0,0,2048,2048,131,0,0,0,156,461,461,0,0,0,0,82,62,0,0,394,62,13526,2048,0,0,0,0,
40,110,550,832,22,20,-42,0,5,102,8,24,12,0,0,0,32768,32768,0,0,0,0,0,216000,191280,0,24720,14520,0,38256,0,0,0,210545,0,65536,33661,0,0,0,0,
40,110,550,832,22,20,-42,0,6,202,20,24,0,0,0,0,0,0,0,3,0,1,0,0,0,0,0,0,0,0,0,0,0,0,0,-28298,0,0,0,0,0,
40,110,550,832,22,20,-42,0,7,237,12,24,3,0,0,0,8192,8192,65536,0,0,0,150,64800,58620,0,6180,10725,0,135034,135,0,0,222706,135,65536,10922,0,0,0,0,
40,110,550,832,22,20,-42,0,8,238,9,24,1,0,0,0,2048,2048,4463,0,0,0,750,6780,6780,0,0,675,0,1356,675,0,0,6431,675,9941,2048,0,0,0,0,
40,110,550,832,22,20,-42,0,9,241,20,3,0,0,0,0,0,0,0,3,0,1,0,0,0,0,0,0,0,0,0,0,0,0,0,-37607,0,0,0,0,0,
41,111,555,832,22,20,-42,0,0,30,9,1,1,0,0,0,65536,65536,65536,0,0,0,7500,9020,9020,0,0,0,0,1370910,24460,0,0,1371030,24460,65536,65536,0,0,0,0,
41,111,555,832,22,20,-42,0,1,65,9,24,1,0,0,0,2048,2048,0,0,0,0,0,14726,14726,0,0,735,0,1178,0,0,0,5580,0,65536,2048,0,0,0,0,
41,111,555,832,22,20,-42,0,2,69,9,24,23,0,0,0,62805,62805,0,0,0,0,0,643996,615396,0,28600,0,0,1231425,0,0,0,2519242,0,65536,65482,0,0,0,0,
41,111,555,832,22,20,-42,0,3,79,2,24,1,0,0,0,2048,2048,0,0,0,0,0,3333,3333,0,0,0,0,1599,0,0,0,7597,0,65536,2048,0,0,0,0,
41,111,555,832,22,20,-42,0,4,90,2,1,1,0,0,0,2031,2031,137,0,0,0,154,457,457,0,0,0,0,82,61,0,0,394,61,13526,2048,0,0,0,0,
41,111,555,832,22,20,-42,0,5,102,8,24,10,0,0,0,27306,27306,0,0,0,0,0,179995,159395,0,20600,12099,0,31879,0,0,0,177651,0,65536,28402,0,0,0,0,
41,111,555,832,22,20,-42,0,6,202,20,24,0,0,0,0,0,0,0,3,0,1,0,0,0,0,0,0,0,0,0,0,0,0,0,-28298,0,0,0,0,0,
41,111,555,832,22,20,-42,0,7,237,12,24,3,0,0,0,8192,8192,65536,0,0,0,150,64800,58620,0,6180,10725,0,141917,135,0,0,232725,135,65536,10922,0,0,0,0,
41,111,555,832,22,20,-42,0,8,238,9,24,1,0,0,0,2048,2048,4463,0,0,0,750,6780,6780,0,0,675,0,1356,675,0,0,6431,675,9941,2048,0,0,0,0,
41,111,555,832,22,20,-42,0,9,241,20,3,0,0,0,0,0,0,0,3,0,1,0,0,0,0,0,0,0,0,0,0,0,0,0,-37607,0,0,0,0,0,
42,112,560,832,22,20,-42,0,0,30,9,1,1,0,0,0,65536,65536,65536,0,0,0,7500,9020,9020,0,0,0,0,1370910,25350,0,0,1371030,25350,65536,65536,0,0,0,0,
42,112,560,832,22,20,-42,0,1,65,9,24,1,0,0,0,2048,2048,0,0,0,0,0,14726,14726,0,0,735,0,1178,0,0,0,5580,0,65536,2048,0,0,0,0,
42,112,560,832,22,20,-42,0,2,69,9,24,23,0,0,0,62805,62805,0,0,0,0,0,643996,615396,0,28600,0,0,1211988,0,0,0,2559864,0,65536,65509,0,0,0,0,
42,112,560,832,22,20,-42,0,3,79,2,24,1,0,0,0,2048,2048,0,0,0,0,0,3333,3333,0,0,0,0,1599,0,0,0,7597,0,65536,2048,0,0,0,0,
42,112,560,832,22,20,-42,0,4,90,2,1,1,0,0,0,2031,2031,137,0,0,0,154,457,457,0,0,0,0,82,61,0,0,394,61,13526,2048,0,0,0,0,
42,112,560,832,22,20,-42,0,5,102,8,24,10,0,0,0,27306,27306,0,0,0,0,0,179995,159395,0,20600,12099,0,31910,0,0,0,177552,0,65536,28353,0,0,0,0,
42,112,560,832,22,20,-42,0,6,202,20,24,0,0,0,0,0,0,0,3,0,1,0,0,0,0,0,0,0,0,0,0,0,0,0,-28298,0,0,0,0,0,
42,112,560,832,22,20,-42,0,7,237,12,24,24,0,0,0,65536,65536,65536,0,0,0,1200,518400,468960,0,49440,85800,0,689119,1080,0,0,1513080,1080,65536,65536,0,0,0,0,
42,112,560,832,22,20,-42,0,8,238,9,24,1,0,0,0,2048,2048,4463,0,0,0,750,6780,6780,0,0,675,0,1356,675,0,0,6431,675,9941,2048,0,0,0,0,
42,112,560,832,22,20,-42,0,9,241,20,3,0,0,0,0,0,0,0,3,0,1,0,0,0,0,0,0,0,0,0,0,0,0,0,-37607,0,0,0,0,0,
43,113,565,832,22,20,-42,0,0,30,9,1,1,0,0,0,65536,65536,65536,0,0,0,7500,9020,9020,0,0,0,0,1370910,25180,0,0,1371030,25180,65536,65536,0,0,0,0,
43,113,565,832,22,20,-42,0,1,65,9,24,1,0,0,0,2048,2048,0,0,0,0,0,14726,14726,0,0,735,0,1178,0,0,0,5580,0,65536,2048,0,0,0,0,
43,113,565,832,22,20,-42,0,2,69,9,24,23,0,0,0,62805,62805,0,0,0,0,0,643996,615396,0,28600,0,0,1200601,0,0,0,2595285,0,65536,65522,0,0,0,0,
43,113,565,832,22,20,-42,0,3,79,2,24,1,0,0,0,2048,2048,0,0,0,0,0,3333,3333,0,0,0,0,1599,0,0,0,7597,0,65536,2048,0,0,0,0,
43,113,565,832,22,20,-42,0,4,90,2,1,1,0,0,0,2031,2031,137,0,0,0,154,457,457,0,0,0,0,82,61,0,0,394,61,13526,2048,0,0,0,0,
43,113,565,832,22,20,-42,0,5,102,8,24,17,0,0,0,46421,46421,0,0,0,0,0,305997,270977,0,35020,20569,0,136984,0,0,0,301709,0,65536,46944,0,0,0,0,
43,113,565,832,22,20,-42,0,6,202,20,24,0,0,0,0,0,0,0,3,0,1,0,0,0,0,0,0,0,0,0,0,0,0,0,-28298,0,0,0,0,0,
43,113,565,832,22,20,-42,0,7,237,12,24,3,0,0,0,8192,8192,65536,0,0,0,150,64800,58620,0,6180,10725,0,35049,135,0,0,237105,135,65536,10922,0,0,0,0,
43,113,565,832,22,20,-42,0,8,238,9,24,1,0,0,0,2048,2048,4463,0,0,0,750,6780,6780,0,0,675,0,1356,675,0,0,6431,675,9941,2048,0,0,0,0,
43,113,565,832,22,20,-42,0,9,241,20,3,0,0,0,0,0,0,0,3,0,1,0,0,0,0,0,0,0,0,0,0,0,0,0,-37607,0,0,0,0,0,
44,114,570,832,22,20,-42,0,0,30,9,1,1,0,0,0,65536,65536,65536,0,0,0,7500,9020,9020,0,0,0,0,1370910,24995,0,0,1371030,24995,65536,65536,0,0,0,0,
44,114,570,832,22,20,-42,0,1,65,9,24,1,0,0,0,2048,2048,0,0,0,0,0,14726,14726,0,0,735,0,1178,0,0,0,5580,0,65536,2048,0,0,0,0,
44,114,570,832,22,20,-42,0,2,69,9,24,23,0,0,0,62805,62805,0,0,0,0,0,643996,615396,0,28600,0,0,1144029,0,0,0,2619800,0,65536,65529,0,0,0,0,
44,114,570,832,22,20,-42,0,3,79,2,24,12,0,0,0,32768,32768,0,0,0,0,0,53340,53340,0,0,0,0,27405,0,0,0,126905,0,65536,33792,0,0,0,0,
44,114,570,832,22,20,-42,0,4,90,2,1,1,0,0,0,2048,2048,131,0,0,0,156,461,461,0,0,0,0,82,62,0,0,394,62,13526,2048,0,0,0,0,
44,114,570,832,22,20,-42,0,5,102,8,24,20,0,0,0,54613,54613,0,0,0,0,0,359997,318797,0,41200,24199,0,68501,0,0,0,362175,0,65536,56240,0,0,0,0,
44,114,570,832,22,20,-42,0,6,202,20,24,0,0,0,0,0,0,0,3,0,1,0,0,0,0,0,0,0,0,0,0,0,0,0,-28298,0,0,0,0,0,
44,114,570,832,22,20,-42,0,7,237,12,24,3,0,0,0,8192,8192,65536,0,0,0,150,64800,58620,0,6180,10725,0,33080,135,0,0,223406,135,65536,10922,0,0,0,0,
44,114,570,832,22,20,-42,0,8,238,9,24,1,0,0,0,2048,2048,4463,0,0,0,750,6780,6780,0,0,675,0,1356,675,0,0,6431,675,9941,2048,0,0,0,0,
44,114,570,832,22,20,-42,0,9,241,20,3,0,0,0,0,0,0,0,3,0,1,0,0,0,0,0,0,0,0,0,0,0,0,0,-37607,0,0,0,0,0,
45,115,575,832,22,20,-42,0,0,30,9,1,1,0,0,0,65536,65536,65536,0,0,0,7500,9020,9020,0,0,0,0,1370910,25075,0,0,1371030,25075,65536,65536,0,0,0,0,
45,115,575,832,22,20,-42,0,1,65,9,24,1,0,0,0,2048,2048,0,0,0,0,0,14726,14726,0,0,735,0,1178,0,0,0,5580,0,65536,2048,0,0,0,0,
45,115,575,832,22,20,-42,0,2,69,9,24,23,0,0,0,62805,62805,0,0,0,0,0,643996,615396,0,28600,0,0,1133059,0,0,0,2640078,0,65536,65532,0,0,0,0,
45,115,575,832,22,20,-42,0,3,79,2,24,8,0,0,0,21845,21845,0,0,0,0,0,35559,35559,0,0,0,0,17068,0,0,0,81502,0,65536,21970,0,0,0,0,
45,115,575,832,22,20,-42,0,4,90,2,1,1,0,0,0,2048,2048,131,0,0,0,156,461,461,0,0,0,0,82,62,0,0,394,62,13526,2048,0,0,0,0,
45,115,575,832,22,20,-42,0,5,102,8,24,18,0,0,0,49152,49152,0,0,0,0,0,324000,286920,0,37080,21780,0,57728,0,0,0,316602,0,65536,50293,0,0,0,0,
45,115,575,832,22,20,-42,0,6,202,20,24,0,0,0,0,0,0,0,3,0,1,0,0,0,0,0,0,0,0,0,0,0,0,0,-28298,0,0,0,0,0,
45,115,575,832,22,20,-42,0,7,237,12,24,3,0,0,0,8192,8192,65536,0,0,0,150,64800,58620,0,6180,10725,0,74994,135,0,0,220166,135,65536,10922,0,0,0,0,
45,115,575,832,22,20,-42,0,8,238,9,24,1,0,0,0,2048,2048,4463,0,0,0,750,6780,6780,0,0,675,0,1356,675,0,0,6431,675,9941,2048,0,0,0,0,
45,115,575,832,22,20,-42,0,9,241,20,3,0,0,0,0,0,0,0,3,0,1,0,0,0,0,0,0,0,0,0,0,0,0,0,-37607,0,0,0,0,0,
46,116,580,832,22,20,-42,0,0,30,9,1,1,0,0,0,65536,65536,65536,0,0,0,7500,9020,9020,0,0,0,0,1370910,25210,0,0,1371030,25210,65536,65536,0,0,0,0,
46,116,580,832,22,20,-42,0,1,65,9,24,1,0,0,0,2048,2048,0,0,0,0,0,14726,14726,0,0,735,0,1178,0,0,0,5580,0,65536,2048,0,0,0,0,
46,116,580,832,22,20,-42,0,2,69,9,24,23,0,0,0,62805,62805,0,0,0,0,0,643996,615396,0,28600,0,0,1066595,0,0,0,2648199,0,65536,65534,0,0,0,0,
46,116,580,832,22,20,-42,0,3,79,2,24,4,0,0,0,10922,10922,0,0,0,0,0,17778,17778,0,0,0,0,8533,0,0,0,48845,0,65536,13167,0,0,0,0,
46,116,580,832,22,20,-42,0,4,90,2,1,1,0,0,0,2048,2048,131,0,0,0,156,461,461,0,0,0,0,82,62,0,0,394,62,13526,2048,0,0,0,0,
46,116,580,832,22,20,-42,0,5,102,8,24,15,0,0,0,40960,40960,0,0,0,0,0,270000,239100,0,30900,18150,0,47820,0,0,0,261335,0,65536,41781,0,0,0,0,
46,116,580,832,22,20,-42,0,6,202,20,24,0,0,0,0,0,0,0,3,0,1,0,0,0,0,0,0,0,0,0,0,0,0,0,-28298,0,0,0,0,0,
46,116,580,832,22,20,-42,0,7,237,12,24,3,0,0,0,8192,8192,65536,0,0,0,150,64800,58620,0,6180,10725,0,135312,135,0,0,223166,135,65536,10922,0,0,0,0,
46,116,580,832,22,20,-42,0,8,238,9,24,1,0,0,0,2048,2048,4463,0,0,0,750,6780,6780,0,0,675,0,1356,675,0,0,6431,675,9941,2048,0,0,0,0,
46,116,580,832,22,20,-42,0,9,241,20,3,0,0,0,0,0,0,0,3,0,1,0,0,0,0,0,0,0,0,0,0,0,0,0,-37607,0,0,0,0,0,
47,117,585,832,22,20,-42,0,0,30,9,1,1,0,0,0,65536,65536,65536,0,0,0,7500,9020,9020,0,0,0,0,1370910,25160,0,0,1371030,25160,65536,65536,0,0,0,0,
47,117,585,832,22,20,-42,0,1,65,9,24,1,0,0,0,2048,2048,0,0,0,0,0,14726,14726,0,0,735,0,1178,0,0,0,5580,0,65536,2048,0,0,0,0,
47,117,585,832,22,20,-42,0,2,69,9,24,23,0,0,0,62805,62805,0,0,0,0,0,643996,615396,0,28600,0,0,817003,0,0,0,2615360,0,65536,65535,0,0,0,0,
47,117,585,832,22,20,-42,0,3,79,2,24,2,0,0,0,5461,5461,0,0,0,0,0,8889,8889,0,0,0,0,4266,0,0,0,28787,0,65536,7760,0,0,0,0,
47,117,585,832,22,20,-42,0,4,90,2,1,1,0,0,0,1245,1245,85,0,0,0,94,280,280,0,0,0,0,50,37,0,0,394,37,13526,2048,0,0,0,0,
47,117,585,832,22,20,-42,0,5,102,8,24,12,0,0,0,32768,32768,0,0,0,0,0,216000,191280,0,24720,14520,0,38256,0,0,0,210858,0,65536,33711,0,0,0,0,
47,117,585,832,22,20,-42,0,6,202,20,24,0,0,0,0,0,0,0,3,0,1,0,0,0,0,0,0,0,0,0,0,0,0,0,-28298,0,0,0,0,0,
47,117,585,832,22,20,-42,0,7,237,12,24,3,0,0,0,8192,8192,65536,0,0,0,150,64800,58620,0,6180,10725,0,141375,135,0,0,231885,135,65536,10922,0,0,0,0,
47,117,585,832,22,20,-42,0,8,238,9,24,1,0,0,0,2048,2048,4463,0,0,0,750,6780,6780,0,0,675,0,1356,675,0,0,6431,675,9941,2048,0,0,0,0,
47,117,585,832,22,20,-42,0,9,241,20,3,0,0,0,0,0,0,0,3,0,1,0,0,0,0,0,0,0,0,0,0,0,0,0,-37607,0,0,0,0,0,
48,118,590,832,22,20,-42,0,0,30,9,1,1,0,0,0,65536,65536,65536,0,0,0,7500,9020,9020,0,0,0,0,1370910,23155,0,0,1371030,23155,65536,65536,0,0,0,0,
48,118,590,832,22,20,-42,0,1,65,9,24,1,0,0,0,2048,2048,0,0,0,0,0,14726,14726,0,0,735,0,1178,0,0,0,5580,0,65536,2048,0,0,0,0,
48,118,590,832,22,20,-42,0,2,69,9,24,18,0,0,0,49152,49152,0,0,0,0,0,504000,480900,0,23100,0,0,348267,0,0,0,1734630,0,65536,49192,0,0,0,0,
48,118,590,832,22,20,-42,0,3,79,2,24,1,0,0,0,2730,2730,0,0,0,0,0,4443,4443,0,0,0,0,2132,0,0,0,16990,0,65536,4580,0,0,0,0,
48,118,590,832,22,20,-42,0,4,90,2,1,1,0,0,0,1376,1376,91,0,0,0,104,310,310,0,0,0,0,55,41,0,0,394,41,13526,2048,0,0,0,0,
48,118,590,832,22,20,-42,0,5,102,8,24,10,0,0,0,27306,27306,0,0,0,0,0,179995,159395,0,20600,12099,0,31879,0,0,0,177444,0,65536,28369,0,0,0,0,
48,118,590,832,22,20,-42,0,6,202,20,24,0,0,0,0,0,0,0,3,0,1,0,0,0,0,0,0,0,0,0,0,0,0,0,-28298,0,0,0,0,0,
48,118,590,832,22,20,-42,0,7,237,12,24,3,0,0,0,8192,8192,65536,0,0,0,150,64800,58620,0,6180,10725,0,151482,135,0,0,246544,135,65536,10922,0,0,0,0,
48,118,590,832,22,20,-42,0,8,238,9,24,1,0,0,0,2048,2048,4463,0,0,0,750,6780,6780,0,0,675,0,1356,675,0,0,6431,675,9941,2048,0,0,0,0,
48,118,590,832,22,20,-42,0,9,241,20,3,0,0,0,0,0,0,0,3,0,1,0,0,0,0,0,0,0,0,0,0,0,0,0,-37607,0,0,0,0,0,
49,119,595,832,22,20,-42,0,0,30,9,1,1,0,0,0,65536,65536,65536,0,0,0,7500,9020,9020,0,0,0,0,1370910,23527,0,0,1371030,23527,65536,65536,0,0,0,0,
49,119,595,832,22,20,-42,0,1,65,9,24,1,0,0,0,2048,2048,0,0,0,0,0,14726,14726,0,0,735,0,1178,0,0,0,5580,0,65536,2048,0,0,0,0,
49,119,595,832,22,20,-42,0,2,69,9,24,21,0,0,0,57344,57344,0,0,0,0,0,588000,561600,0,26400,0,0,581175,0,0,0,1983931,0,65536,57364,0,0,0,0,
49,119,595,832,22,20,-42,0,3,79,2,24,1,0,0,0,2730,2730,0,0,0,0,0,4443,4443,0,0,0,0,2132,0,0,0,10257,0,65536,2765,0,0,0,0,
49,119,595,832,22,20,-42,0,4,90,2,1,1,0,0,0,2031,2031,137,0,0,0,154,457,457,0,0,0,0,82,61,0,0,394,61,13526,2048,0,0,0,0,
49,119,595,832,22,20,-42,0,5,102,8,24,10,0,0,0,27306,27306,0,0,0,0,0,179995,159395,0,20600,12099,0,31879,0,0,0,173210,0,65536,27692,0,0,0,0,
49,119,595,832,22,20,-42,0,6,202,20,24,0,0,0,0,0,0,0,3,0,1,0,0,0,0,0,0,0,0,0,0,0,0,0,-28298,0,0,0,0,0,
49,119,595,832,22,20,-42,0,7,237,12,24,24,0,0,0,65536,65536,65536,0,0,0,1200,518400,468960,0,49440,85800,0,666827,1080,0,0,1661040,1080,65536,65536,0,0,0,0,
49,119,595,832,22,20,-42,0,8,238,9,24,1,0,0,0,2048,2048,4463,0,0,0,750,6780,6780,0,0,675,0,1356,675,0,0,6431,675,9941,2048,0,0,0,0,
49,119,595,832,22,20,-42,0,9,241,20,3,0,0,0,0,0,0,0,3,0,1,0,0,0,0,0,0,0,0,0,0,0,0,0,-37607,0,0,0,0,0,
50,120,600,832,22,20,-42,0,0,30,9,1,1,0,0,0,65536,65536,65536,0,0,0,7500,9020,9020,0,0,0,0,1370910,23112,0,0,1371030,23112,65536,65536,0,0,0,0,
50,120,600,832,22,20,-42,0,1,65,9,24,1,0,0,0,2048,2048,0,0,0,0,0,14726,14726,0,0,735,0,1178,0,0,0,5580,0,65536,2048,0,0,0,0,
50,120,600,832,22,20,-42,0,2,69,9,24,22,0,0,0,60074,60074,0,0,0,0,0,615993,588493,0,27500,0,0,845511,0,0,0,2136047,0,65536,61450,0,0,0,0,
50,120,600,832,22,20,-42,0,3,79,2,24,1,0,0,0,2048,2048,0,0,0,0,0,3333,3333,0,0,0,0,1599,0,0,0,7597,0,65536,2048,0,0,0,0,
50,120,600,832,22,20,-42,0,4,90,2,1,1,0,0,0,2031,2031,137,0,0,0,154,457,457,0,0,0,0,82,61,0,0,394,61,13526,2048,0,0,0,0,
50,120,600,832,22,20,-42,0,5,102,8,24,17,0,0,0,46421,46421,0,0,0,0,0,305997,270977,0,35020,20569,0,141384,0,0,0,299588,0,65536,46614,0,0,0,0,
50,120,600,832,22,20,-42,0,6,202,20,24,0,0,0,0,0,0,0,3,0,1,0,0,0,0,0,0,0,0,0,0,0,0,0,-28298,0,0,0,0,0,
50,120,600,832,22,20,-42,0,7,237,12,24,3,0,0,0,8192,8192,65536,0,0,0,150,64800,58620,0,6180,10725,0,38141,135,0,0,257964,135,65536,10922,0,0,0,0,
50,120,600,832,22,20,-42,0,8,238,9,24,1,0,0,0,2048,2048,4463,0,0,0,750,6780,6780,0,0,675,0,1356,675,0,0,6431,675,9941,2048,0,0,0,0,
50,120,600,832,22,20,-42,0,9,241,20,3,0,0,0,0,0,0,0,3,0,1,0,0,0,0,0,0,0,0,0,0,0,0,0,-37607,0,0,0,0,0,
51,121,605,832,22,20,-42,0,0,30,9,1,1,0,0,0,65536,65536,65536,0,0,0,7500,9020,9020,0,0,0,0,1370910,22902,0,0,1371030,22902,65536,65536,0,0,0,0,
51,121,605,832,22,20,-42,0,1,65,9,24,1,0,0,0,2048,2048,0,0,0,0,0,14726,14726,0,0,735,0,1178,0,0,0,5580,0,65536,2048,0,0,0,0,
51,121,605,832,22,20,-42,0,2,69,9,24,23,0,0,0,62805,62805,0,0,0,0,0,643996,615396,0,28600,0,0,1071034,0,0,0,2246708,0,65536,63493,0,0,0,0,
51,121,605,832,22,20,-42,0,3,79,2,24,1,0,0,0,2048,2048,0,0,0,0,0,3333,3333,0,0,0,0,1599,0,0,0,7597,0,65536,2048,0,0,0,0,
51,121,605,832,22,20,-42,0,4,90,2,1,1,0,0,0,2031,2031,137,0,0,0,154,457,457,0,0,0,0,82,61,0,0,394,61,13526,2048,0,0,0,0,
51,121,605,832,22,20,-42,0,5,102,8,24,20,0,0,0,54613,54613,0,0,0,0,0,359997,318797,0,41200,24199,0,73232,0,0,0,361831,0,65536,56075,0,0,0,0,
51,121,605,832,22,20,-42,0,6,202,20,24,0,0,0,0,0,0,0,3,0,1,0,0,0,0,0,0,0,0,0,0,0,0,0,-28298,0,0,0,0,0,
51,121,605,832,22,20,-42,0,7,237,12,24,3,0,0,0,8192,8192,65536,0,0,0,150,64800,58620,0,6180,10725,0,35337,135,0,0,238585,135,65536,10922,0,0,0,0,
51,121,605,832,22,20,-42,0,8,238,9,24,1,0,0,0,2048,2048,4463,0,0,0,750,6780,6780,0,0,675,0,1356,675,0,0,6431,675,9941,2048,0,0,0,0,
51,121,605,832,22,20,-42,0,9,241,20,3,0,0,0,0,0,0,0,3,0,1,0,0,0,0,0,0,0,0,0,0,0,0,0,-37607,0,0,0,0,0,
52,122,610,832,22,20,-42,0,0,30,9,1,1,0,0,0,65536,65536,65536,0,0,0,7500,9020,9020,0,0,0,0,1370910,23115,0,0,1371030,23115,65536,65536,0,0,0,0,
52,122,610,832,22,20,-42,0,1,65,9,24,1,0,0,0,2048,2048,0,0,0,0,0,14726,14726,0,0,735,0,1178,0,0,0,5580,0,65536,2048,0,0,0,0,
52,122,610,832,22,20,-42,0,2,69,9,24,23,0,0,0,62805,62805,0,0,0,0,0,643996,615396,0,28600,0,0,1177130,0,0,0,2333159,0,65536,64514,0,0,0,0,
52,122,610,832,22,20,-42,0,3,79,2,24,1,0,0,0,2048,2048,0,0,0,0,0,3333,3333,0,0,0,0,1599,0,0,0,7597,0,65536,2048,0,0,0,0,
52,122,610,832,22,20,-42,0,4,90,2,1,1,0,0,0,2031,2031,2156,0,0,0,154,457,457,0,0,0,0,390,61,0,0,394,61,13526,2048,0,0,0,0,
52,122,610,832,22,20,-42,0,5,102,8,24,17,0,0,0,46421,46421,0,0,0,0,0,305997,270977,0,35020,20569,0,54357,0,0,0,307639,0,65536,49026,0,0,0,0,
52,122,610,832,22,20,-42,0,6,202,20,24,0,0,0,0,0,0,0,3,0,1,0,0,0,0,0,0,0,0,0,0,0,0,0,-28298,0,0,0,0,0,
52,122,610,832,22,20,-42,0,7,237,12,24,3,0,0,0,8192,8192,65536,0,0,0,150,64800,58620,0,6180,10725,0,34315,135,0,0,230945,135,65536,10922,0,0,0,0,
52,122,610,832,22,20,-42,0,8,238,9,24,1,0,0,0,2048,2048,4463,0,0,0,750,6780,6780,0,0,675,0,1356,675,0,0,6431,675,9941,2048,0,0,0,0,
52,122,610,832,22,20,-42,0,9,241,20,3,0,0,0,0,0,0,0,3,0,1,0,0,0,0,0,0,0,0,0,0,0,0,0,-37607,0,0,0,0,0,
53,123,615,832,22,20,-42,0,0,30,9,1,1,0,0,0,65536,65536,65536,0,0,0,7500,9020,9020,0,0,0,0,1370910,23575,0,0,1371030,23575,65536,65536,0,0,0,0,
53,123,615,832,22,20,-42,0,1,65,9,24,1,0,0,0,2048,2048,0,0,0,0,0,14726,14726,0,0,735,0,1178,0,0,0,5580,0,65536,2048,0,0,0,0,
53,123,615,832,22,20,-42,0,2,69,9,24,23,0,0,0,62805,62805,0,0,0,0,0,643996,615396,0,28600,0,0,1259823,0,0,0,2408314,0,65536,65025,0,0,0,0,
53,123,615,832,22,20,-42,0,3,79,2,24,1,0,0,0,2048,2048,0,0,0,0,0,3333,3333,0,0,0,0,1599,0,0,0,7597,0,65536,2048,0,0,0,0,
53,123,615,832,22,20,-42,0,4,90,2,1,1,0,0,0,2064,2064,2582,0,0,0,157,465,465,0,0,0,0,456,62,0,0,14505,62,16003,65536,0,0,0,0,
53,123,615,832,22,20,-42,0,5,102,8,24,14,0,0,0,38229,38229,0,0,0,0,0,251997,223157,0,28840,16939,0,44631,0,0,0,253910,0,65536,40594,0,0,0,0,
53,123,615,832,22,20,-42,0,6,202,20,24,0,0,0,0,0,0,0,3,0,1,0,0,0,0,0,0,0,0,0,0,0,0,0,-28298,0,0,0,0,0,
53,123,615,832,22,20,-42,0,7,237,12,24,3,0,0,0,8192,8192,65536,0,0,0,150,64800,58620,0,6180,10725,0,113986,155,0,0,231285,155,65536,10922,0,0,0,0,
53,123,615,832,22,20,-42,0,8,238,9,24,1,0,0,0,1548,2048,2877,0,0,0,566,5124,5124,0,0,510,0,1024,585,0,0,6431,585,9758,2048,0,0,0,0,
53,123,615,832,22,20,-42,0,9,241,20,3,0,0,0,0,0,0,0,3,0,1,0,0,0,0,0,0,0,0,0,0,0,0,0,-37607,0,0,0,0,0,
54,124,620,832,22,20,-42,0,0,30,9,1,1,0,0,0,65536,65536,65536,0,0,0,7500,9020,9020,0,0,0,0,1370910,24227,0,0,1371030,24227,65536,65536,0,0,0,0,
54,124,620,832,22,20,-42,0,1,65,9,24,1,0,0,0,2048,2048,0,0,0,0,0,14726,14726,0,0,735,0,1178,0,0,0,5580,0,65536,2048,0,0,0,0,
54,124,620,832,22,20,-42,0,2,69,9,24,23,0,0,0,62805,62805,0,0,0,0,0,643996,615396,0,28600,0,0,1317848,0,0,0,2479317,0,65536,65280,0,0,0,0,
54,124,620,832,22,20,-42,0,3,79,2,24,1,0,0,0,2048,2048,0,0,0,0,0,3333,3333,0,0,0,0,1599,0,0,0,7597,0,65536,2048,0,0,0,0,
54,124,620,832,22,20,-42,0,4,90,2,1,1,0,0,0,65536,65536,15807,0,0,0,5000,14775,14775,0,0,0,0,4412,2000,0,0,16885,2000,19123,65536,0,0,0,0,
54,124,620,832,22,20,-42,0,5,102,8,24,12,0,0,0,32768,32768,0,0,0,0,0,216000,191280,0,24720,14520,0,38256,0,0,0,209263,0,65536,33456,0,0,0,0,
54,124,620,832,22,20,-42,0,6,202,20,24,0,0,0,0,0,0,0,3,0,1,0,0,0,0,0,0,0,0,0,0,0,0,0,-28298,0,0,0,0,0,
54,124,620,832,22,20,-42,0,7,237,12,24,3,0,0,0,8192,8192,65536,0,0,0,150,64800,58620,0,6180,10725,0,145741,180,0,0,237885,180,65536,10922,0,0,0,0,
54,124,620,832,22,20,-42,0,8,238,9,24,1,0,0,0,862,2048,1251,0,0,0,315,2853,2853,0,0,284,0,570,379,0,0,6431,379,9509,2048,0,0,0,0,
54,124,620,832,22,20,-42,0,9,241,20,3,0,0,0,0,0,0,0,3,0,1,0,0,0,0,0,0,0,0,0,0,0,0,0,-37607,0,0,0,0,0,
55,125,625,832,22,20,-42,0,0,30,9,1,1,0,0,0,65536,65536,65536,0,0,0,7500,9020,9020,0,0,0,0,1370910,25037,0,0,1371030,25037,65536,65536,0,0,0,0,
55,125,625,832,22,20,-42,0,1,65,9,24,1,0,0,0,2048,2048,0,0,0,0,0,14726,14726,0,0,735,0,1178,0,0,0,5580,0,65536,2048,0,0,0,0,
55,125,625,832,22,20,-42,0,2,69,9,24,23,0,0,0,62805,62805,0,0,0,0,0,643996,615396,0,28600,0,0,1357497,0,0,0,2547893,0,65536,65408,0,0,0,0,
55,125,625,832,22,20,-42,0,3,79,2,24,1,0,0,0,2048,2048,0,0,0,0,0,3333,3333,0,0,0,0,1599,0,0,0,7597,0,65536,2048,0,0,0,0,
55,125,625,832,22,20,-42,0,4,90,2,1,1,0,0,0,4273,4273,550,0,0,0,326,963,963,0,0,0,0,214,130,0,0,1017,130,17439,4273,0,0,0,0,
55,125,625,832,22,20,-42,0,5,102,8,24,10,0,0,0,27306,27306,0,0,0,0,0,179995,159395,0,20600,12099,0,31879,0,0,0,177988,0,65536,28456,0,0,0,0,
55,125,625,832,22,20,-42,0,6,202,20,24,0,0,0,0,0,0,0,3,0,1,0,0,0,0,0,0,0,0,0,0,0,0,0,-28298,0,0,0,0,0,
55,125,625,832,22,20,-42,0,7,237,12,24,3,0,0,0,8192,8192,65536,0,0,0,150,64800,58620,0,6180,10725,0,153978,166,0,0,249824,166,65536,10922,0,0,0,0,
55,125,625,832,22,20,-42,0,8,238,9,24,1,0,0,0,2048,2048,3420,0,0,0,750,6780,6780,0,0,675,0,1356,834,0,0,6431,834,9640,2048,0,0,0,0,
55,125,625,832,22,20,-42,0,9,241,20,3,0,0,0,0,0,0,0,3,0,1,0,0,0,0,0,0,0,0,0,0,0,0,0,-37607,0,0,0,0,0,
56,126,630,832,22,20,-42,0,0,30,9,1,1,0,0,0,65536,65536,65536,0,0,0,7500,9020,9020,0,0,0,0,1370910,26162,0,0,1371030,26162,65536,65536,0,0,0,0,
56,126,630,832,22,20,-42,0,1,65,9,24,1,0,0,0,2048,2048,0,0,0,0,0,14726,14726,0,0,735,0,1178,0,0,0,5580,0,65536,2048,0,0,0,0,
56,126,630,832,22,20,-42,0,2,69,9,24,23,0,0,0,62805,62805,0,0,0,0,0,643996,615396,0,28600,0,0,1366389,0,0,0,2612845,0,65536,65472,0,0,0,0,
56,126,630,832,22,20,-42,0,3,79,2,24,1,0,0,0,2048,2048,0,0,0,0,0,3333,3333,0,0,0,0,1599,0,0,0,7597,0,65536,2048,0,0,0,0,
56,126,630,832,22,20,-42,0,4,90,2,1,1,0,0,0,2048,2048,196,0,0,0,156,461,461,0,0,0,0,92,62,0,0,438,62,15368,2048,0,0,0,0,
56,126,630,832,22,20,-42,0,5,102,8,24,17,0,0,0,46421,46421,0,0,0,0,0,305997,270977,0,35020,20569,0,62508,0,0,0,295159,0,65536,46996,0,0,0,0,
56,126,630,832,22,20,-42,0,6,202,20,24,0,0,0,0,0,0,0,3,0,1,0,0,0,0,0,0,0,0,0,0,0,0,0,-28298,0,0,0,0,0,
56,126,630,832,22,20,-42,0,7,237,12,24,24,0,0,0,65536,65536,65536,0,0,0,1200,518400,468960,0,49440,85800,0,718462,1200,0,0,1633080,1200,65536,65536,0,0,0,0,
56,126,630,832,22,20,-42,0,8,238,9,24,1,0,0,0,2048,2048,3971,0,0,0,750,6780,6780,0,0,675,0,1356,750,0,0,6431,750,9797,2048,0,0,0,0,
56,126,630,832,22,20,-42,0,9,241,20,3,0,0,0,0,0,0,0,3,0,1,0,0,0,0,0,0,0,0,0,0,0,0,0,-37607,0,0,0,0,0,
57,127,635,832,22,20,-42,0,0,30,9,1,1,0,0,0,65536,65536,65536,0,0,0,7500,9020,9020,0,0,0,0,1370910,26202,0,0,1371030,26202,65536,65536,0,0,0,0,
57,127,635,832,22,20,-42,0,1,65,9,24,1,0,0,0,2048,2048,0,0,0,0,0,14726,14726,0,0,735,0,1178,0,0,0,5580,0,65536,2048,0,0,0,0,
57,127,635,832,22,20,-42,0,2,69,9,24,23,0,0,0,62805,62805,0,0,0,0,0,643996,615396,0,28600,0,0,1422704,0,0,0,2679970,0,65536,65504,0,0,0,0,
57,127,635,832,22,20,-42,0,3,79,2,24,1,0,0,0,2048,2048,0,0,0,0,0,3333,3333,0,0,0,0,1599,0,0,0,7597,0,65536,2048,0,0,0,0,
57,127,635,832,22,20,-42,0,4,90,2,1,1,0,0,0,2031,2031,144,0,0,0,154,457,457,0,0,0,0,83,61,0,0,399,61,13742,2048,0,0,0,0,
57,127,635,832,22,20,-42,0,5,102,8,24,20,0,0,0,54613,54613,0,0,0,0,0,359997,318797,0,41200,24199,0,78506,0,0,0,356058,0,65536,56266,0,0,0,0,
57,127,635,832,22,20,-42,0,6,202,20,24,0,0,0,0,0,0,0,3,0,1,0,0,0,0,0,0,0,0,0,0,0,0,0,-28298,0,0,0,0,0,
57,127,635,832,22,20,-42,0,7,237,12,24,3,0,0,0,8192,8192,65536,0,0,0,150,64800,58620,0,6180,10725,0,37600,136,0,0,254364,136,65536,10922,0,0,0,0,
57,127,635,832,22,20,-42,0,8,238,9,24,1,0,0,0,2048,2048,4410,0,0,0,750,6780,6780,0,0,675,0,1356,683,0,0,6431,683,9928,2048,0,0,0,0,
57,127,635,832,22,20,-42,0,9,241,20,3,0,0,0,0,0,0,0,3,0,1,0,0,0,0,0,0,0,0,0,0,0,0,0,-37607,0,0,0,0,0,
58,128,640,832,22,20,-42,0,0,30,9,1,1,0,0,0,65536,65536,65536,0,0,0,7500,9020,9020,0,0,0,0,1370910,26165,0,0,1371030,26165,65536,65536,0,0,0,0,
58,128,640,832,22,20,-42,0,1,65,9,24,1,0,0,0,2048,2048,0,0,0,0,0,14726,14726,0,0,735,0,1178,0,0,0,5580,0,65536,2048,0,0,0,0,
58,128,640,832,22,20,-42,0,2,69,9,24,23,0,0,0,62805,62805,0,0,0,0,0,643996,615396,0,28600,0,0,1378455,0,0,0,2738331,0,65536,65520,0,0,0,0,
58,128,640,832,22,20,-42,0,3,79,2,24,1,0,0,0,2048,2048,0,0,0,0,0,3333,3333,0,0,0,0,1599,0,0,0,7597,0,65536,2048,0,0,0,0,
58,128,640,832,22,20,-42,0,4,90,2,1,1,0,0,0,2031,2031,137,0,0,0,154,457,457,0,0,0,0,82,61,0,0,394,61,13526,2048,0,0,0,0,
58,128,640,832,22,20,-42,0,5,102,8,24,17,0,0,0,46421,46421,0,0,0,0,0,305997,270977,0,35020,20569,0,54195,0,0,0,301529,0,65536,48207,0,0,0,0,
58,128,640,832,22,20,-42,0,6,202,20,24,0,0,0,0,0,0,0,3,0,1,0,0,0,0,0,0,0,0,0,0,0,0,0,-28298,0,0,0,0,0,
58,128,640,832,22,20,-42,0,7,237,12,24,3,0,0,0,8192,8192,65536,0,0,0,150,64800,58620,0,6180,10725,0,34978,135,0,0,236165,135,65536,10922,0,0,0,0,
58,128,640,832,22,20,-42,0,8,238,9,24,1,0,0,0,2048,2048,4463,0,0,0,750,6780,6780,0,0,675,0,1356,675,0,0,6431,675,9941,2048,0,0,0,0,
58,128,640,832,22,20,-42,0,9,241,20,3,0,0,0,0,0,0,0,3,0,1,0,0,0,0,0,0,0,0,0,0,0,0,0,-37607,0,0,0,0,0,
59,129,645,832,22,20,-42,0,0,30,9,1,1,0,0,0,65536,65536,65536,0,0,0,7500,9020,9020,0,0,0,0,1370910,26297,0,0,1371030,26297,65536,65536,0,0,0,0,
59,129,645,832,22,20,-42,0,1,65,9,24,1,0,0,0,2048,2048,0,0,0,0,0,14726,14726,0,0,735,0,1178,0,0,0,5580,0,65536,2048,0,0,0,0,
59,129,645,832,22,20,-42,0,2,69,9,24,23,0,0,0,62805,62805,0,0,0,0,0,643996,615396,0,28600,0,0,1310085,0,0,0,2782340,0,65536,65528,0,0,0,0,
59,129,645,832,22,20,-42,0,3,79,2,24,1,0,0,0,2048,2048,0,0,0,0,0,3333,3333,0,0,0,0,1599,0,0,0,7597,0,65536,2048,0,0,0,0,
59,129,645,832,22,20,-42,0,4,90,2,1,1,0,0,0,2031,2031,137,0,0,0,154,457,457,0,0,0,0,82,61,0,0,394,61,13526,2048,0,0,0,0,
59,129,645,832,22,20,-42,0,5,102,8,24,14,0,0,0,38229,38229,0,0,0,0,0,251997,223157,0,28840,16939,0,44631,0,0,0,243546,0,65536,38937,0,0,0,0,
59,129,645,832,22,20,-42,0,6,202,20,24,0,0,0,0,0,0,0,3,0,1,0,0,0,0,0,0,0,0,0,0,0,0,0,-28298,0,0,0,0,0,
59,129,645,832,22,20,-42,0,7,237,12,24,3,0,0,0,8192,8192,65536,0,0,0,150,64800,58620,0,6180,10725,0,33797,135,0,0,228046,135,65536,10922,0,0,0,0,
59,129,645,832,22,20,-42,0,8,238,9,24,1,0,0,0,2048,2048,4463,0,0,0,750,6780,6780,0,0,675,0,1356,675,0,0,6431,675,9941,2048,0,0,0,0,
59,129,645,832,22,20,-42,0,9,241,20,3,0,0,0,0,0,0,0,3,0,1,0,0,0,0,0,0,0,0,0,0,0,0,0,-37607,0,0,0,0,0,
