epoch_row_id,epoch_id,day_index,epoch_active,stage,progress_q16,sample_day,commit_day,cohort_count,market_count,good_count,building_type_count,building_group_count,pending_construction_count,filled_owner_jobs,filled_employee_jobs,unemployed_population,production_output_stock,production_output_discarded,production_output_retained,building_wages_paid,building_wages_unpaid,building_resource_generated,building_resource_consumed,building_resource_net_delta,loss_suspended_building_groups,merchant_procurement_budget,merchant_procurement_reserved,merchant_procurement_spent,trade_runtime_mode,trade_topology_ready,population_error,money_error,goods_error
1,3,15,false,trade_planning,65535,11,15,2491,1120,120,259,4815,0,31925,0,4964,64934785,132189785,22876200,0,0,0,6440884,-6440884,0,1445166669,481722508,463051494,ACTIVE,true,0,0,0
2,4,20,false,trade_planning,65535,16,20,2491,1120,120,259,4815,0,31725,0,5144,60135781,144520019,21896983,0,0,0,6351071,-6351071,0,1469648120,489883003,412398356,ACTIVE,true,0,0,0
3,5,25,false,trade_planning,65535,21,25,2491,1120,120,259,4815,0,30507,0,6334,57738757,142801924,21099333,0,0,0,4784554,-4784554,0,1564651134,521550659,429691537,ACTIVE,true,0,0,0
4,6,30,false,trade_planning,65535,26,30,2491,1120,120,259,4815,0,28130,0,8679,57628681,146697453,20459346,0,0,0,5034256,-5034256,101,1645029470,548343459,459020689,ACTIVE,true,0,0,0
5,7,35,false,trade_planning,65535,31,35,2491,1120,120,259,4815,0,27624,0,9165,55995411,143961510,19910014,0,0,0,4277519,-4277519,101,1723067462,574356121,472764249,ACTIVE,true,0,0,0
6,8,40,false,trade_planning,65535,36,40,2491,1120,120,259,4815,0,29915,0,6852,55195633,148707186,19419493,0,0,0,5045577,-5045577,2,1800735544,600245479,496668022,ACTIVE,true,0,0,0
7,9,45,false,trade_planning,65535,41,45,2491,1120,120,259,4815,0,29145,0,7603,53282257,148839272,18928038,0,0,0,4100057,-4100057,2,1876700792,625567229,503610066,ACTIVE,true,0,0,0
8,10,50,false,trade_planning,65535,46,50,2491,1120,120,259,4815,0,29575,0,7149,52661880,149359663,18445859,0,0,0,4254014,-4254014,2,1952296798,650765891,538545097,ACTIVE,true,0,0,0
9,11,55,false,trade_planning,65535,51,55,2491,1120,120,259,4815,0,29531,0,7189,51424088,153172889,18001169,0,0,0,4626787,-4626787,2,2020933490,673644789,568441761,ACTIVE,true,0,0,0
10,12,60,false,trade_planning,65535,56,60,2491,1120,120,259,4815,0,28376,0,8338,50315173,155737494,17574241,0,0,0,4992541,-4992541,2,2081513608,693838154,593586186,ACTIVE,true,0,0,0
11,13,65,false,trade_planning,65535,61,65,2491,1120,120,259,4815,0,27447,0,9265,49045941,152870446,17169977,0,0,0,4117184,-4117184,2,2137508593,712503167,609749199,ACTIVE,true,0,0,0
12,14,70,false,trade_planning,65535,66,70,2491,1120,120,259,4815,0,26604,0,10108,47714262,157975576,16778111,0,0,0,4831838,-4831838,2,2196093117,732031331,620651568,ACTIVE,true,0,0,0
13,15,75,false,trade_planning,65535,71,75,2491,1120,120,259,4815,0,25252,0,11460,46604857,156369195,16396956,0,0,0,4231232,-4231232,2,2263327944,754442952,641903487,ACTIVE,true,0,0,0
14,16,80,false,trade_planning,65535,76,80,2491,1120,120,259,4815,0,24697,0,12015,45468203,161819114,16027255,0,0,0,4506632,-4506632,2,2331552351,777184412,656944613,ACTIVE,true,0,0,0
15,17,85,false,trade_planning,65535,81,85,2491,1120,120,259,4815,0,24552,0,12160,44212578,158020084,15667765,0,0,0,3493377,-3493377,2,2405748515,801916455,676643580,ACTIVE,true,0,0,0
16,18,90,false,trade_planning,65535,86,90,2491,1120,120,259,4815,0,25713,0,10999,43303483,167439574,15316920,0,0,9450,4811496,-4802046,21,2482209615,827403501,703961092,ACTIVE,true,0,0,0
17,19,95,false,trade_planning,65535,91,95,2491,1120,120,259,4815,0,25349,0,11363,42055409,162207832,14975600,0,0,28682,3828733,-3800051,167,2555163970,851721597,723108942,ACTIVE,true,0,0,0
18,20,100,false,trade_planning,65535,96,100,2491,1120,120,259,4815,0,24899,0,11813,40495898,165376867,14648902,0,0,26016,4526860,-4500844,183,2625886363,875295742,734873664,ACTIVE,true,0,0,0
19,21,105,false,trade_planning,65535,101,105,2491,1120,120,259,4815,0,23530,0,13181,36970571,152008253,14341176,0,0,27497,2990810,-2963313,204,2700330428,900110425,693247439,ACTIVE,true,0,0,0
20,22,110,false,trade_planning,65535,106,110,2491,1120,120,259,4815,0,22768,0,13919,33214505,144906358,14055995,0,0,40925,3258015,-3217090,234,2777348077,925782983,651321592,ACTIVE,true,0,0,0
21,23,115,false,trade_planning,65535,111,115,2491,1120,120,259,4815,0,18804,0,17738,28091472,94562546,14203915,0,0,46001,1541914,-1495913,267,2838295678,946098847,567925020,ACTIVE,true,0,0,0
22,24,120,false,trade_planning,65535,116,120,2491,1120,120,259,4815,0,19563,0,16939,23323659,85840417,13940130,0,0,48533,2962322,-2913789,428,2929418481,976473113,488079453,ACTIVE,true,0,0,0
23,25,125,false,trade_planning,65535,121,125,2491,1120,120,259,4815,0,24353,0,11912,23481677,129945734,13312602,0,0,50574,1779446,-1728872,453,3020471530,1006824131,505949735,ACTIVE,true,0,0,0
24,26,130,false,trade_planning,65535,126,130,2491,1120,120,259,4815,0,22681,0,13242,20937948,113937349,13066453,0,0,51829,1747522,-1695693,609,3086063580,1028688153,468939279,ACTIVE,true,0,0,0
25,27,135,false,trade_planning,65535,131,135,2491,1120,120,259,4815,0,22806,0,12942,18243746,121921579,12832383,0,0,52047,1216860,-1164813,609,3127923367,1042641416,407128603,ACTIVE,true,0,0,0
26,28,140,false,trade_planning,65535,136,140,2491,1120,120,259,4815,0,23573,0,11732,17832431,140503031,12601962,0,0,51948,1136741,-1084793,609,3196903057,1065634649,423999073,ACTIVE,true,0,0,0
27,29,145,false,trade_planning,65535,141,145,2491,1120,120,259,4815,0,23100,0,11955,17391386,136599748,12383144,0,0,51884,1107977,-1056093,609,3255554847,1085185238,431535089,ACTIVE,true,0,0,0
28,30,150,false,trade_planning,65535,146,150,2491,1120,120,259,4815,0,23779,0,10813,17084808,151260974,12187989,0,0,51851,1214874,-1163023,609,3312566377,1104189085,443520472,ACTIVE,true,0,0,0
29,31,155,false,trade_planning,65535,151,155,2491,1120,120,259,4815,0,24058,0,10272,16822259,153183390,12025413,0,0,51832,1533041,-1481209,609,3368390106,1122796983,453768978,ACTIVE,true,0,0,0
30,32,160,false,trade_planning,65535,156,160,2491,1120,120,259,4815,0,23958,0,10183,16903176,148374038,11893822,0,0,51825,1847433,-1795608,609,3423570582,1141190472,473352159,ACTIVE,true,0,0,0
31,33,165,false,trade_planning,65535,161,165,2491,1120,120,259,4815,0,22826,0,10961,16508422,142270207,11888800,0,0,51817,1459230,-1407413,609,3475460252,1158487041,485527353,ACTIVE,true,0,0,0
32,34,170,false,trade_planning,65535,166,170,2491,1120,120,259,4815,0,22355,0,11187,16381756,140950239,11886434,0,0,51811,1234855,-1183044,609,3529190470,1176397121,500983524,ACTIVE,true,0,0,0
33,35,175,false,trade_planning,65535,171,175,2491,1120,120,259,4815,0,22550,0,10542,16313087,151314802,11885791,0,0,51804,1111104,-1059300,609,3582331146,1194110677,519947071,ACTIVE,true,0,0,0
34,36,180,false,trade_planning,65535,176,180,2491,1120,120,259,4815,0,22791,0,10035,16186721,156172217,11882772,0,0,51795,1202375,-1150580,609,3635007360,1211669404,539144510,ACTIVE,true,0,0,0
35,37,185,false,trade_planning,65535,181,185,2491,1120,120,259,4815,0,23107,0,9642,16186291,155673033,11880189,0,0,51786,1544295,-1492509,609,3686931068,1228977315,560094181,ACTIVE,true,0,0,0
36,38,190,false,trade_planning,65535,186,190,2491,1120,120,259,4815,0,22944,0,9361,16139618,157054312,11878346,0,0,51775,1649910,-1598135,609,3737867316,1245956050,583260689,ACTIVE,true,0,0,0
37,39,195,false,trade_planning,65535,191,195,2491,1120,120,259,4815,0,22423,0,9631,16065947,152715367,11876174,0,0,51762,1571771,-1520009,609,3787346726,1262449198,603954481,ACTIVE,true,0,0,0
38,40,200,false,trade_planning,65535,196,200,2491,1120,120,259,4815,0,21984,0,10004,15974764,150877530,11876359,0,0,51737,1299866,-1248129,609,3836968577,1278989823,622944614,ACTIVE,true,0,0,0
39,41,205,false,trade_planning,65535,201,205,2491,1120,120,259,4815,0,21462,0,9938,15907846,152380267,11876128,0,0,51685,1149865,-1098180,609,3885746433,1295249105,638304667,ACTIVE,true,0,0,0
40,42,210,false,trade_planning,65535,206,210,2491,1120,120,259,4815,0,21774,0,9506,15841173,156933215,11874936,0,0,51611,1202385,-1150774,609,3934587327,1311529405,649731684,ACTIVE,true,0,0,0
41,43,215,false,trade_planning,65535,211,215,2491,1120,120,259,4815,0,22569,0,8661,15826281,164161831,11875084,0,0,51499,1532447,-1480948,609,3982396969,1327465939,649429921,ACTIVE,true,0,0,0
42,44,220,false,trade_planning,65535,216,220,2491,1120,120,259,4815,0,22228,0,8448,15836721,163187443,11873053,0,0,51307,1640555,-1589248,609,4030767627,1343589493,651157095,ACTIVE,true,0,0,0
43,45,225,false,trade_planning,65535,221,225,2491,1120,120,259,4815,0,22185,0,8322,15753556,165304570,11873029,0,0,51076,1566802,-1515726,609,4078290408,1359430420,647242670,ACTIVE,true,0,0,0
44,46,230,false,trade_planning,65535,226,230,2491,1120,120,259,4815,0,21709,0,8740,15740638,163713026,11873955,0,0,50823,1261143,-1210320,609,4126441357,1375480738,647673201,ACTIVE,true,0,0,0
45,47,235,false,trade_planning,65535,231,235,2491,1120,120,259,4815,0,21528,0,8792,15688502,161777538,11873269,0,0,50550,1243010,-1192460,609,4174600186,1391533683,644961536,ACTIVE,true,0,0,0
46,48,240,false,trade_planning,65535,236,240,2491,1120,120,259,4815,0,21583,0,8153,15686032,165671118,11873284,0,0,50267,1512441,-1462174,609,4222994043,1407664977,645211119,ACTIVE,true,0,0,0
47,49,245,false,trade_planning,65535,241,245,2491,1120,120,259,4815,0,21637,0,8055,15645150,166491282,11873838,0,0,49984,1530809,-1480825,608,4270791759,1423597555,643004556,ACTIVE,true,0,0,0
48,50,250,false,trade_planning,65535,246,250,2491,1120,120,259,4815,0,21712,0,7891,15699836,167417003,11873815,0,0,49712,1557796,-1508084,599,4318974597,1439658495,646348118,ACTIVE,true,0,0,0
49,51,255,false,trade_planning,65535,251,255,2491,1120,120,259,4815,0,20962,0,8405,15639911,163061834,11873178,0,0,48391,1256128,-1207737,592,4366665496,1455555461,643272610,ACTIVE,true,0,0,0
50,52,260,false,trade_planning,65535,256,260,2491,1120,120,259,4815,0,20460,0,8482,15652800,162870660,11874302,0,0,46579,1114937,-1068358,547,4414903597,1471634826,643628858,ACTIVE,true,0,0,0
51,53,265,false,trade_planning,65535,261,265,2491,1120,120,259,4815,0,20347,0,8543,15657816,162052428,11874638,0,0,34793,1044751,-1009958,517,4462949934,1487650263,643055810,ACTIVE,true,0,0,0
52,54,270,false,trade_planning,65535,266,270,2491,1120,120,259,4815,0,20255,0,8514,15674739,161302048,11873618,0,0,32438,1017269,-984831,513,4511287731,1503762864,640991807,ACTIVE,true,0,0,0
53,55,275,false,trade_planning,65535,271,275,2491,1120,120,259,4815,0,20251,0,8344,15819722,162821786,11873572,0,0,30622,1017024,-986402,502,4558809584,1519603481,642922637,ACTIVE,true,0,0,0
54,56,280,false,trade_planning,65535,276,280,2491,1120,120,259,4815,0,19978,0,8265,15782228,162990240,11873815,0,0,28827,1030081,-1001254,498,4606708695,1535569877,641953075,ACTIVE,true,0,0,0
55,57,285,false,trade_planning,65535,281,285,2491,1120,120,259,4815,0,19989,0,8109,15730669,165152894,11873422,0,0,28420,1283479,-1255059,495,4654071303,1551357398,642807554,ACTIVE,true,0,0,0
56,58,290,false,trade_planning,65535,286,290,2491,1120,120,259,4815,0,19612,0,8352,15566131,159953461,11872034,0,0,29709,1043734,-1014025,494,4702356935,1567452607,641261772,ACTIVE,true,0,0,0
57,59,295,false,trade_planning,65535,291,295,2491,1120,120,259,4815,0,19646,0,8290,15475241,160757205,11872365,0,0,29892,1105098,-1075206,491,4749746604,1583249173,639705435,ACTIVE,true,0,0,0
58,60,300,false,trade_planning,65535,296,300,2491,1120,120,259,4815,0,19573,0,8204,15446336,161490585,11872511,0,0,29190,1022066,-992876,483,4797743342,1599248079,639934186,ACTIVE,true,0,0,0
59,61,305,false,trade_planning,65535,301,305,2491,1120,120,259,4815,0,19319,0,8027,15440559,162224814,11871886,0,0,27875,1068525,-1040650,468,4844974276,1614991725,637914042,ACTIVE,true,0,0,0
60,62,310,false,trade_planning,65535,306,310,2491,1120,120,259,4815,0,19286,0,7904,15476702,162747486,11871182,0,0,26286,1048355,-1022069,468,4893199194,1631066698,638953568,ACTIVE,true,0,0,0
61,63,315,false,trade_planning,65535,311,315,2491,1120,120,259,4815,0,19100,0,8055,15509515,160555233,11871683,0,0,24540,1059150,-1034610,465,4940553931,1646851611,636308294,ACTIVE,true,0,0,0
62,64,320,false,trade_planning,65535,316,320,2491,1120,120,259,4815,0,19302,0,7821,15561648,163693208,11871959,0,0,21203,1179629,-1158426,458,4988713574,1662904816,638185380,ACTIVE,true,0,0,0
63,65,325,false,trade_planning,65535,321,325,2491,1120,120,259,4815,0,19066,0,7871,15512591,162306827,11871975,0,0,20967,1140690,-1119723,457,5035833058,1678611304,634656151,ACTIVE,true,0,0,0
64,66,330,false,trade_planning,65535,326,330,2491,1120,120,259,4815,0,19007,0,7776,15462353,162196635,11871030,0,0,20676,1226376,-1205700,456,5084079114,1694693326,635424036,ACTIVE,true,0,0,0
65,67,335,false,trade_planning,65535,331,335,2491,1120,120,259,4815,0,18548,0,7818,15366794,160613584,11871371,0,0,19201,1224935,-1205734,445,5131247508,1710416122,631211259,ACTIVE,true,0,0,0
66,68,340,false,trade_planning,65535,336,340,2491,1120,120,259,4815,0,18506,0,7831,15384781,160333243,11871976,0,0,18570,1140333,-1121763,435,5179910568,1726637134,631149317,ACTIVE,true,0,0,0
67,69,345,false,trade_planning,65535,341,345,2491,1120,120,259,4815,0,18715,0,7572,15500874,164129587,11872514,0,0,17790,1351993,-1334203,420,5227300128,1742433657,630891396,ACTIVE,true,0,0,0
68,70,350,false,trade_planning,65535,346,350,2491,1120,120,259,4815,0,18461,0,7577,15456335,161921930,11872223,0,0,16178,1105339,-1089161,401,5275528566,1758509801,630595961,ACTIVE,true,0,0,0
69,71,355,false,trade_planning,65535,351,355,2491,1120,120,259,4815,0,18516,0,7468,15460169,162483582,11872692,0,0,14390,1094886,-1080496,388,5323442088,1774480994,631828393,ACTIVE,true,0,0,0
70,72,360,false,trade_planning,65535,356,360,2491,1120,120,259,4815,0,18413,0,7548,15462504,161286506,11873618,0,0,13813,1168761,-1154948,385,5371391084,1790464001,630853814,ACTIVE,true,0,0,0
71,73,365,false,trade_planning,65535,361,365,2491,1120,120,259,4815,0,18416,0,7377,15507860,163619585,11874615,0,0,13409,1348135,-1334726,382,5419208907,1806403273,629515093,ACTIVE,true,0,0,0
72,74,370,false,trade_planning,65535,366,370,2491,1120,120,259,4815,0,18092,0,7430,15502117,162007218,11875519,0,0,12835,1229239,-1216404,371,5467289357,1822430089,627846168,ACTIVE,true,0,0,0
73,75,375,false,trade_planning,65535,371,375,2491,1120,120,259,4815,0,18220,0,7175,15752445,164207059,11875687,0,0,11907,1463962,-1452055,368,5515284190,1838428348,627861528,ACTIVE,true,0,0,0
74,76,380,false,trade_planning,65535,376,380,2491,1120,120,259,4815,0,18131,0,7206,15846133,162835894,11876507,0,0,12300,1171374,-1159074,367,5563560655,1854520498,628090137,ACTIVE,true,0,0,0
75,77,385,false,trade_planning,65535,381,385,2491,1120,120,259,4815,0,18241,0,6952,15737352,167237075,11877567,0,0,12040,1817851,-1805811,367,5611760495,1870587131,626370809,ACTIVE,true,0,0,0
76,78,390,false,trade_planning,65535,386,390,2491,1120,120,259,4815,0,18180,0,7004,15715178,165937251,11878694,0,0,11768,1235694,-1223926,367,5660125659,1886708839,627508232,ACTIVE,true,0,0,0
77,79,395,false,trade_planning,65535,391,395,2491,1120,120,259,4815,0,18156,0,7017,15702951,165927746,11879823,0,0,11887,1393340,-1381453,367,5708356791,1902785886,625933600,ACTIVE,true,0,0,0
78,80,400,false,trade_planning,65535,396,400,2491,1120,120,259,4815,0,18006,0,7103,15686536,163501762,11880664,0,0,11891,1184556,-1172665,367,5756905625,1918968838,626167334,ACTIVE,true,0,0,0
79,81,405,false,trade_planning,65535,401,405,2491,1120,120,259,4815,0,17723,0,6973,15624342,163635893,11881276,0,0,11075,1361295,-1350220,368,5805082980,1935027957,623926028,ACTIVE,true,0,0,0
80,82,410,false,trade_planning,65535,406,410,2491,1120,120,259,4815,0,17599,0,6980,15561086,162945006,11882397,0,0,10290,1187666,-1177376,368,5853594124,1951198331,622561983,ACTIVE,true,0,0,0
81,83,415,false,trade_planning,65535,411,415,2491,1120,120,259,4815,0,17694,0,6856,15580908,164933361,11883567,0,0,9812,1366067,-1356255,368,5901980208,1967327034,622960022,ACTIVE,true,0,0,0
82,84,420,false,trade_planning,65535,416,420,2491,1120,120,259,4815,0,17664,0,6875,15561757,164497850,11884774,0,0,9230,1180005,-1170775,368,5950603503,1983534782,623506333,ACTIVE,true,0,0,0
83,85,425,false,trade_planning,65535,421,425,2491,1120,120,259,4815,0,17632,0,6772,15570935,166339849,11885987,0,0,8689,1358611,-1349922,368,5998911795,1999637538,623539171,ACTIVE,true,0,0,0
84,86,430,false,trade_planning,65535,426,430,2491,1120,120,259,4815,0,17561,0,6816,15510401,165042006,11887046,0,0,8488,1203446,-1194958,368,6047442432,2015814446,621813864,ACTIVE,true,0,0,0
85,87,435,false,trade_planning,65535,431,435,2491,1120,120,259,4815,0,17566,0,6709,15528966,165319452,11887677,0,0,8312,1370041,-1361729,368,6096240206,2032080358,622572154,ACTIVE,true,0,0,0
86,88,440,false,trade_planning,65535,436,440,2491,1120,120,259,4815,0,17432,0,6815,15457663,163171718,11888791,0,0,8156,1194565,-1186409,368,6145021212,2048340695,621102326,ACTIVE,true,0,0,0
87,89,445,false,trade_planning,65535,441,445,2491,1120,120,259,4815,0,17440,0,6782,15444716,163675329,11889884,0,0,8020,1371124,-1363104,368,6193559776,2064520207,620412738,ACTIVE,true,0,0,0
88,90,450,false,trade_planning,65535,446,450,2491,1120,120,259,4815,0,17460,0,6750,15447187,163782623,11891137,0,0,7903,1209105,-1201202,368,6241951775,2080650882,620491170,ACTIVE,true,0,0,0
89,91,455,false,trade_planning,65535,451,455,2491,1120,120,259,4815,0,17169,0,6639,15416523,165097272,11892295,0,0,7821,1376390,-1368569,368,6290856870,2096952585,618401165,ACTIVE,true,0,0,0
90,92,460,false,trade_planning,65535,456,460,2491,1120,120,259,4815,0,17099,0,6692,15420846,163843100,11893505,0,0,7742,1217920,-1210178,368,6339974094,2113325006,619551007,ACTIVE,true,0,0,0
91,93,465,false,trade_planning,65535,461,465,2489,1120,120,259,4815,0,17097,0,6630,15390855,164352284,11894501,0,0,7664,1406716,-1399052,368,6388742253,2129581049,617325181,ACTIVE,true,0,0,0
92,94,470,false,trade_planning,65535,466,470,2487,1120,120,259,4815,0,16836,0,6797,15322975,160482098,11895294,0,0,7589,1218623,-1211034,368,6438042538,2146014462,614843930,ACTIVE,true,0,0,0
93,95,475,false,trade_planning,65535,471,475,2481,1120,120,259,4815,0,16713,0,6774,15265578,160962410,11896337,0,0,7516,1384692,-1377176,368,6487531661,2162510856,611565503,ACTIVE,true,0,0,0
94,96,480,false,trade_planning,65535,476,480,2474,1120,120,259,4815,0,16503,0,6972,15212219,157527437,11897441,0,0,7474,1233213,-1225739,368,6537451174,2179150690,610182765,ACTIVE,true,0,0,0
95,97,485,false,trade_planning,65535,481,485,2465,1120,120,259,4815,0,16795,0,6655,15209423,162488368,11898462,0,0,7453,1391975,-1384522,368,6586727615,2195576145,609140313,ACTIVE,true,0,0,0
96,98,490,false,trade_planning,65535,486,490,2462,1120,120,259,4815,0,16425,0,7009,15137670,156867994,11899600,0,0,7439,1213905,-1206466,368,6636562872,2212187898,606237763,ACTIVE,true,0,0,0
97,99,495,false,trade_planning,65535,491,495,2455,1120,120,259,4815,0,16799,0,6629,15130228,162796321,11900699,0,0,7424,1416732,-1409308,368,6685607551,2228536135,605207286,ACTIVE,true,0,0,0
98,100,500,false,trade_planning,65535,496,500,2447,1120,120,259,4815,0,16426,0,6990,15032781,157151597,11901758,0,0,7408,1236097,-1228689,368,6735112986,2245037964,601673570,ACTIVE,true,0,0,0
99,101,505,false,trade_planning,65535,501,505,2438,1120,120,259,4815,0,16634,0,6752,15011115,160786497,11902805,0,0,7393,1415981,-1408588,368,6783923175,2261308015,599921776,ACTIVE,true,0,0,0
100,102,510,false,trade_planning,65535,506,510,2430,1120,120,259,4815,0,16261,0,7024,14931028,155002327,11903559,0,0,7378,1214061,-1206683,368,6833349492,2277783458,596672472,ACTIVE,true,0,0,0
101,103,515,false,trade_planning,65535,511,515,2416,1120,120,259,4815,0,16552,0,6685,14876290,160138630,11904566,0,0,7366,1401400,-1394034,368,6882289682,2294096860,592952051,ACTIVE,true,0,0,0
102,104,520,false,trade_planning,65535,516,520,2403,1120,120,259,4815,0,16229,0,6928,14855391,155907945,11905617,0,0,7353,1240973,-1233620,368,6931852261,2310617702,591917965,ACTIVE,true,0,0,0
103,105,525,false,trade_planning,65535,521,525,2390,1120,120,259,4815,0,16229,0,6565,14803758,161056791,11906676,0,0,7339,1420721,-1413382,368,6980873611,2326958165,588986146,ACTIVE,true,0,0,0
104,106,530,false,trade_planning,65535,526,530,2378,1120,120,259,4815,0,15950,0,6814,14808397,157047752,11907750,0,0,7327,1225251,-1217924,368,7030493170,2343498013,588730946,ACTIVE,true,0,0,0
105,107,535,false,trade_planning,65535,531,535,2364,1120,120,259,4815,0,16054,0,6669,14747735,159352359,11908794,0,0,7314,1377013,-1369699,368,7079708377,2359903091,584831311,ACTIVE,true,0,0,0
106,108,540,false,trade_planning,65535,536,540,2352,1120,120,259,4815,0,15643,0,6927,14699359,155129561,11909873,0,0,7300,1307591,-1300291,368,7129279742,2376426872,582488343,ACTIVE,true,0,0,0
107,109,545,false,trade_planning,65535,541,545,2342,1120,120,259,4815,0,15813,0,6742,14623594,158329447,11910922,0,0,7287,1460355,-1453068,368,7178609910,2392870268,578953353,ACTIVE,true,0,0,0
108,110,550,false,trade_planning,65535,546,550,2336,1120,120,259,4815,0,15495,0,7047,14550305,153450614,11912038,0,0,7272,1236537,-1229265,368,7228383049,2409461296,576104341,ACTIVE,true,0,0,0
109,111,555,false,trade_planning,65535,551,555,2330,1120,120,259,4815,0,15873,0,6641,14562953,159369650,11913041,0,0,7248,1391138,-1383890,368,7277685446,2425895438,576064375,ACTIVE,true,0,0,0
110,112,560,false,trade_planning,65535,556,560,2322,1120,120,259,4815,0,15524,0,6893,14478937,154103513,11913897,0,0,7222,1207196,-1199974,368,7327426621,2442475816,572553849,ACTIVE,true,0,0,0
111,113,565,false,trade_planning,65535,561,565,2318,1120,120,259,4815,0,15868,0,6508,14454653,159758725,11914954,0,0,7388,1387968,-1380580,368,7376762493,2458921123,571308335,ACTIVE,true,0,0,0
112,114,570,false,trade_planning,65535,566,570,2316,1120,120,259,4815,0,15492,0,6875,14387551,153812394,11916024,0,0,7347,1199022,-1191675,368,7426685532,2475562138,568520552,ACTIVE,true,0,0,0
113,115,575,false,trade_planning,65535,571,575,2314,1120,120,259,4815,0,15749,0,6610,14333470,158220220,11917112,0,0,7298,1368655,-1361357,368,7476131293,2492044058,566027548,ACTIVE,true,0,0,0
114,116,580,false,trade_planning,65535,576,580,2304,1120,120,259,4815,0,15386,0,6969,14278564,152515587,11918190,0,0,7254,1173012,-1165758,368,7526280591,2508760499,564190771,ACTIVE,true,0,0,0
115,117,585,false,trade_planning,65535,581,585,2298,1120,120,259,4815,0,15659,0,6686,14206670,157173496,11919308,0,0,7212,1382966,-1375754,368,7575771893,2525257584,560249749,ACTIVE,true,0,0,0
116,118,590,false,trade_planning,65535,586,590,2296,1120,120,259,4815,0,15530,0,6806,14178858,155009532,11920363,0,0,7172,1175833,-1168661,368,7625923928,2541974941,560400597,ACTIVE,true,0,0,0
117,119,595,false,trade_planning,65535,591,595,2295,1120,120,259,4815,0,15686,0,6637,14111649,157772625,11921447,0,0,7134,1334016,-1326882,368,7675624764,2558541868,557346270,ACTIVE,true,0,0,0
118,120,600,false,trade_planning,65535,596,600,2291,1120,120,259,4815,0,15494,0,6817,14089755,154564426,11922496,0,0,7095,1167128,-1160033,368,7725635109,2575211990,557173886,ACTIVE,true,0,0,0
119,121,605,false,trade_planning,65535,601,605,2290,1120,120,259,4815,0,15500,0,6799,13999576,155194407,11923574,0,0,7239,1319901,-1312662,368,7775357940,2591786267,553286745,ACTIVE,true,0,0,0
120,122,610,false,trade_planning,65535,606,610,2284,1120,120,259,4815,0,15405,0,6881,13942383,153577635,11924622,0,0,7181,1157155,-1149974,368,7825477562,2608492813,551044194,ACTIVE,true,0,0,0
121,123,615,false,trade_planning,65535,611,615,2282,1120,120,259,4815,0,15414,0,6858,13873856,154292399,11925655,0,0,7500,1317177,-1309677,368,7875431640,2625144179,548821489,ACTIVE,true,0,0,0
122,124,620,false,trade_planning,65535,616,620,2282,1120,120,259,4815,0,15128,0,6698,13861553,154980363,11924827,0,0,7406,1137130,-1129724,368,7925486939,2641829287,548458617,ACTIVE,true,0,0,0
123,125,625,false,trade_planning,65535,621,625,2279,1120,120,259,4815,0,15129,0,6620,13805126,155644309,11925754,0,0,7306,1286083,-1278777,368,7975512782,2658504544,546795652,ACTIVE,true,0,0,0
124,126,630,false,trade_planning,65535,626,630,2278,1120,120,259,4815,0,15327,0,6368,13777261,158533061,11926731,0,0,7205,1107629,-1100424,368,8025477436,2675159445,545629698,ACTIVE,true,0,0,0
125,127,635,false,trade_planning,65535,631,635,2276,1120,120,259,4815,0,15246,0,6321,13752502,159538709,11927760,0,0,7112,1256905,-1249793,368,8075719166,2691906688,545406705,ACTIVE,true,0,0,0
126,128,640,false,trade_planning,65535,636,640,2275,1120,120,259,4815,0,15363,0,6184,13701784,161277775,11928192,0,0,7012,1138907,-1131895,368,8125909737,2708636869,543583856,ACTIVE,true,0,0,0
127,129,645,false,trade_planning,65535,641,645,2271,1120,120,259,4815,0,15335,0,6209,13665445,161196292,11929228,0,0,6914,1240350,-1233436,368,8175925797,2725308892,542899186,ACTIVE,true,0,0,0
128,130,650,false,trade_planning,65535,646,650,2270,1120,120,259,4815,0,15264,0,6275,13564533,159880421,11930273,0,0,6812,1063944,-1057132,368,8225958925,2741986595,539718957,ACTIVE,true,0,0,0
129,131,655,false,trade_planning,65535,651,655,2270,1120,120,259,4815,0,15142,0,6395,13505000,158436304,11931279,0,0,6714,1220008,-1213294,368,8276249347,2758750076,538150516,ACTIVE,true,0,0,0
130,132,660,false,trade_planning,65535,656,660,2270,1120,120,259,4815,0,15353,0,6182,13455104,161269265,11932261,0,0,6619,1045524,-1038905,368,8326694202,2775565024,537051536,ACTIVE,true,0,0,0
131,133,665,false,trade_planning,65535,661,665,2270,1120,120,259,4815,0,15441,0,6093,13427789,162958509,11933287,0,0,6548,1209585,-1203037,368,8376761717,2792254193,535280343,ACTIVE,true,0,0,0
132,134,670,false,trade_planning,65535,666,670,2268,1120,120,259,4815,0,15548,0,5985,13419241,164269249,11934240,0,0,6500,1052363,-1045863,368,8427010143,2809003676,535001219,ACTIVE,true,0,0,0
133,135,675,false,trade_planning,65535,671,675,2268,1120,120,259,4815,0,15502,0,6029,13377658,163916011,11935309,0,0,6453,1192164,-1185711,368,8476898112,2825632985,532581241,ACTIVE,true,0,0,0
134,136,680,false,trade_planning,65535,676,680,2268,1120,120,259,4815,0,15621,0,5908,13314071,165507819,11936239,0,0,6407,1041458,-1035051,368,8527445696,2842482195,529741367,ACTIVE,true,0,0,0
135,137,685,false,trade_planning,65535,681,685,2265,1120,120,259,4815,0,15715,0,5814,13244626,167227575,11937290,0,0,6359,1171177,-1164818,368,8577533303,2859178057,525913080,ACTIVE,true,0,0,0
136,138,690,false,trade_planning,65535,686,690,2265,1120,120,259,4815,0,15863,0,5652,13156417,169196406,11938237,0,0,6312,1024984,-1018672,368,8628517323,2876172715,524360805,ACTIVE,true,0,0,0
137,139,695,false,trade_planning,65535,691,695,2265,1120,120,259,4815,0,16030,0,5474,13076776,172064046,11939256,0,0,6265,1158818,-1152553,368,8678505528,2892835466,520181672,ACTIVE,true,0,0,0
138,140,700,false,trade_planning,65535,696,700,2262,1120,120,259,4815,0,16069,0,5431,12986997,172520177,11940260,0,0,6218,1032436,-1026218,368,8729627373,2909876093,517658226,ACTIVE,true,0,0,0
139,141,705,false,trade_planning,65535,701,705,2261,1120,120,259,4815,0,16203,0,5293,12924248,174796632,11941270,0,0,6171,1140949,-1134778,368,8780146134,2926715660,515205591,ACTIVE,true,0,0,0
140,142,710,false,trade_planning,65535,706,710,2260,1120,120,259,4815,0,16166,0,5321,12802950,174181700,11942278,0,0,6129,1055684,-1049555,368,8831451492,2943817458,511848863,ACTIVE,true,0,0,0
141,143,715,false,trade_planning,65535,711,715,2260,1120,120,259,4815,0,16233,0,5200,12742673,175276652,11943180,0,0,6088,1077457,-1071369,368,8882316157,2960772360,509126533,ACTIVE,true,0,0,0
142,144,720,false,trade_planning,65535,716,720,2260,1120,120,259,4815,0,16201,0,5170,12662984,174797792,11943465,0,0,6045,1042104,-1036059,368,8933581186,2977860690,505874844,ACTIVE,true,0,0,0
143,145,725,false,trade_planning,65535,721,725,2260,1120,120,259,4815,0,16286,0,5065,12608881,176190930,11944408,0,0,6003,1026517,-1020514,368,8984562672,2994854520,503928698,ACTIVE,true,0,0,0
144,146,730,false,trade_planning,65535,726,730,2258,1120,120,259,4815,0,16235,0,5111,12489636,175516723,11945345,0,0,5961,1029605,-1023644,368,9035939054,3011979982,500262395,ACTIVE,true,0,0,0
145,147,735,false,trade_planning,65535,731,735,2258,1120,120,259,4815,0,16264,0,5074,12437857,175936249,11946311,0,0,5920,1046591,-1040671,368,9087408889,3029136573,498298283,ACTIVE,true,0,0,0
146,148,740,false,trade_planning,65535,736,740,2258,1120,120,259,4815,0,16242,0,5094,12368018,175629175,11947252,0,0,5877,1046035,-1040158,368,9138990301,3046330392,495834088,ACTIVE,true,0,0,0
147,149,745,false,trade_planning,65535,741,745,2257,1120,120,259,4815,0,16262,0,5074,12281767,175819324,11948194,0,0,5835,1040796,-1034961,368,9190372636,3063457833,492218637,ACTIVE,true,0,0,0
148,150,750,false,trade_planning,65535,746,750,2257,1120,120,259,4815,0,16346,0,4989,12250544,176988037,11949126,0,0,5792,1067294,-1061502,368,9242057672,3080686180,491527442,ACTIVE,true,0,0,0
149,151,755,false,trade_planning,65535,751,755,2256,1120,120,259,4815,0,16299,0,5036,12175692,176381345,11950072,0,0,5753,1054860,-1049107,368,9293481918,3097827622,487821537,ACTIVE,true,0,0,0
150,152,760,false,trade_planning,65535,756,760,2254,1120,120,259,4815,0,16368,0,4963,12118057,177503090,11949813,0,0,5718,1060301,-1054583,368,9345083573,3115028144,485870503,ACTIVE,true,0,0,0
151,153,765,false,trade_planning,65535,761,765,2254,1120,120,259,4815,0,16360,0,4969,12070226,177281085,11950705,0,0,5683,1041350,-1035667,368,9396404109,3132135003,483261791,ACTIVE,true,0,0,0
152,154,770,false,trade_planning,65535,766,770,2251,1120,120,259,4815,0,16379,0,4950,12018719,177731980,11951612,0,0,5651,1068843,-1063192,368,9448075046,3149358635,481033862,ACTIVE,true,0,0,0
153,155,775,false,trade_planning,65535,771,775,2247,1120,120,259,4815,0,16334,0,4991,11965915,177093712,11952501,0,0,5616,1048568,-1042952,368,9499681796,3166560893,478471594,ACTIVE,true,0,0,0
154,156,780,false,trade_planning,65535,776,780,2246,1120,120,259,4815,0,16322,0,4998,11904981,177009431,11952819,0,0,5584,1064764,-1059180,368,9551276558,3183759132,475618673,ACTIVE,true,0,0,0
155,157,785,false,trade_planning,65535,781,785,2245,1120,120,259,4815,0,16333,0,4986,11854663,177217802,11953691,0,0,5554,1056221,-1050667,368,9602836068,3200945651,473813005,ACTIVE,true,0,0,0
156,158,790,false,trade_planning,65535,786,790,2241,1120,120,259,4815,0,16270,0,5046,11768509,176435424,11954603,0,0,5523,1064749,-1059226,368,9654591095,3218197331,470056055,ACTIVE,true,0,0,0
157,159,795,false,trade_planning,65535,791,795,2241,1120,120,259,4815,0,16397,0,4913,11763535,178249524,11954246,0,0,5495,1049410,-1043915,368,9706998721,3235666517,470206408,ACTIVE,true,0,0,0
158,160,800,false,trade_planning,65535,796,800,2240,1120,120,259,4815,0,16363,0,4947,11701234,177865404,11955119,0,0,5480,1067289,-1061809,368,9758729031,3252909980,467373367,ACTIVE,true,0,0,0
159,161,805,false,trade_planning,65535,801,805,2227,1120,120,259,4815,0,16393,0,4916,11677527,178394914,11955961,0,0,5462,1064229,-1058767,368,9810655418,3270218758,466321427,ACTIVE,true,0,0,0
160,162,810,false,trade_planning,65535,806,810,2178,1120,120,259,4815,0,16318,0,4973,11626482,177626737,11956849,0,0,5433,1072685,-1067252,368,9862500861,3287500574,464049226,ACTIVE,true,0,0,0
161,163,815,false,trade_planning,65535,811,815,1817,1120,120,259,4815,0,16306,0,4934,11599706,177953839,11957091,0,0,5413,1083915,-1078502,368,9914413550,3304804793,462409802,ACTIVE,true,0,0,0
162,164,820,false,trade_planning,65535,816,820,1805,1120,120,259,4815,0,15934,0,4945,11597434,177277431,11957963,0,0,5391,1094335,-1088944,368,9966094703,3322031854,461620627,ACTIVE,true,0,0,0
163,165,825,false,trade_planning,65535,821,825,1790,1120,120,259,4815,0,15939,0,4926,11531625,177552108,11958190,0,0,5399,1102315,-1096916,368,10018004335,3339335059,458693641,ACTIVE,true,0,0,0
164,166,830,false,trade_planning,65535,826,830,1655,1120,120,259,4815,0,15902,0,4937,11532524,177348345,11957873,0,0,5389,1095118,-1089729,368,10069803631,3356601502,458260688,ACTIVE,true,0,0,0
165,167,835,false,trade_planning,65535,831,835,1655,1120,120,259,4815,0,15775,0,4925,11493246,177483579,11958037,0,0,5382,1089094,-1083712,368,10122464833,3374155234,456130678,ACTIVE,true,0,0,0
166,168,840,false,trade_planning,65535,836,840,1654,1120,120,259,4815,0,15755,0,4938,11466249,177317912,11955869,0,0,5362,1100078,-1094716,368,10174498644,3391499836,455510814,ACTIVE,true,0,0,0
167,169,845,false,trade_planning,65535,841,845,1654,1120,120,259,4815,0,15747,0,4928,11409079,177367797,11956044,0,0,5377,1072680,-1067303,368,10226708670,3408903166,453233626,ACTIVE,true,0,0,0
168,170,850,false,trade_planning,65535,846,850,1654,1120,120,259,4815,0,15652,0,4991,11357719,176269135,11954478,0,0,5349,1068365,-1063016,368,10279056314,3426352390,451414659,ACTIVE,true,0,0,0
169,171,855,false,trade_planning,65535,851,855,1654,1120,120,259,4815,0,15697,0,4940,11318095,176913885,11954641,0,0,5337,1041207,-1035870,368,10331282558,3443761155,449620822,ACTIVE,true,0,0,0
170,172,860,false,trade_planning,65535,856,860,1653,1120,120,259,4815,0,15574,0,5057,11229907,175144350,11954851,0,0,5334,1052231,-1046897,368,10383601024,3461200626,447388366,ACTIVE,true,0,0,0
171,173,865,false,trade_planning,65535,861,865,1652,1120,120,259,4815,0,15710,0,4904,11183887,177124395,11952665,0,0,5326,1065118,-1059792,368,10435779143,3478593331,446258162,ACTIVE,true,0,0,0
172,174,870,false,trade_planning,65535,866,870,1652,1120,120,259,4815,0,15547,0,5059,11102500,174780885,11952820,0,0,5308,1043391,-1038083,368,10488256877,3496085918,443164451,ACTIVE,true,0,0,0
173,175,875,false,trade_planning,65535,871,875,1651,1120,120,259,4815,0,15667,0,4915,11101439,176748133,11949503,0,0,5306,1028713,-1023407,368,10540678673,3513559850,442549308,ACTIVE,true,0,0,0
174,176,880,false,trade_planning,65535,876,880,1651,1120,120,259,4815,0,15472,0,5080,11045972,174159560,11947892,0,0,5291,1023173,-1017882,368,10593262489,3531087778,439772925,ACTIVE,true,0,0,0
175,177,885,false,trade_planning,65535,881,885,1648,1120,120,259,4815,0,15622,0,4923,11029978,176442539,11946311,0,0,5294,1017890,-1012596,368,10645723535,3548574815,438053377,ACTIVE,true,0,0,0
176,178,890,false,trade_planning,65535,886,890,1648,1120,120,259,4815,0,15502,0,5036,11011530,174749409,11946457,0,0,5289,1027817,-1022528,368,10698395641,3566132182,437033535,ACTIVE,true,0,0,0
177,179,895,false,trade_planning,65535,891,895,1648,1120,120,259,4815,0,15567,0,4951,10979327,175735643,11943665,0,0,5278,1013063,-1007785,368,10750769665,3583590176,434308823,ACTIVE,true,0,0,0
178,180,900,false,trade_planning,65535,896,900,1648,1120,120,259,4815,0,15526,0,4965,11003313,175180116,11936622,0,0,5265,1027453,-1022188,368,10805643280,3601881392,434744012,ACTIVE,true,0,0,0
179,181,905,false,trade_planning,65535,901,905,1647,1120,120,259,4815,0,15610,0,4871,10959728,176452700,11934463,0,0,5255,1095655,-1090400,368,10857921717,3619307537,432351572,ACTIVE,true,0,0,0
180,182,910,false,trade_planning,65535,906,910,1647,1120,120,259,4815,0,15514,0,4948,10951629,175118642,11930430,0,0,5243,1065451,-1060208,368,10911437874,3637146240,431749023,ACTIVE,true,0,0,0
181,183,915,false,trade_planning,65535,911,915,1647,1120,120,259,4815,0,15545,0,4910,10951363,175490021,11930039,0,0,5234,1008539,-1003305,368,10963674477,3654558440,430025300,ACTIVE,true,0,0,0
182,184,920,false,trade_planning,65535,916,920,1646,1120,120,259,4815,0,15499,0,4954,10918483,174953453,11929645,0,0,5228,1087375,-1082147,368,11016200042,3672066968,427900590,ACTIVE,true,0,0,0
183,185,925,false,trade_planning,65535,921,925,1644,1120,120,259,4815,0,15561,0,4887,10911097,175836713,11929825,0,0,5219,1073547,-1068328,368,11068571495,3689524115,426446131,ACTIVE,true,0,0,0
184,186,930,false,trade_planning,65535,926,930,1644,1120,120,259,4815,0,15480,0,4959,10890453,174760134,11928240,0,0,5209,1077275,-1072066,368,11121229083,3707076653,424973127,ACTIVE,true,0,0,0
185,187,935,false,trade_planning,65535,931,935,1644,1120,120,259,4815,0,15544,0,4883,10845627,175773223,11922051,0,0,5200,1105212,-1100012,368,11173685749,3724562206,422744564,ACTIVE,true,0,0,0
186,188,940,false,trade_planning,65535,936,940,1641,1120,120,259,4815,0,15428,0,4994,10806447,174041435,11921044,0,0,5191,1010299,-1005108,368,11226419672,3742140184,421031997,ACTIVE,true,0,0,0
187,189,945,false,trade_planning,65535,941,945,1641,1120,120,259,4815,0,15549,0,4863,10801606,175910506,11918310,0,0,5188,1012569,-1007381,368,11278896692,3759632517,419954439,ACTIVE,true,0,0,0
188,190,950,false,trade_planning,65535,946,950,1641,1120,120,259,4815,0,15423,0,4988,10780945,174102449,11918483,0,0,5185,1020330,-1015145,368,11331675408,3777225422,418719138,ACTIVE,true,0,0,0
189,191,955,false,trade_planning,65535,951,955,1641,1120,120,259,4815,0,15525,0,4884,10768640,175548071,11918054,0,0,5177,1003315,-998138,368,11384125553,3794708813,416979894,ACTIVE,true,0,0,0
190,192,960,false,trade_planning,65535,956,960,1641,1120,120,259,4815,0,15431,0,4973,10746727,174292033,11918220,0,0,5167,1067722,-1062555,368,11436856119,3812285671,415587230,ACTIVE,true,0,0,0
191,193,965,false,trade_planning,65535,961,965,1641,1120,120,259,4815,0,15483,0,4909,10698888,175136665,11911946,0,0,5160,1093805,-1088645,368,11489425527,3829808809,413406488,ACTIVE,true,0,0,0
192,194,970,false,trade_planning,65535,966,970,1641,1120,120,259,4815,0,15389,0,4996,10671834,173723195,11909189,0,0,5151,1018960,-1013809,368,11542243044,3847414658,412543611,ACTIVE,true,0,0,0
193,195,975,false,trade_planning,65535,971,975,1639,1120,120,259,4815,0,15465,0,4911,10620666,174930412,11905268,0,0,5144,1023564,-1018420,368,11594936493,3864979120,409683207,ACTIVE,true,0,0,0
194,196,980,false,trade_planning,65535,976,980,1639,1120,120,259,4815,0,15518,0,4852,10654496,175797994,11905410,0,0,5137,1006581,-1001444,368,11647806036,3882602290,410943774,ACTIVE,true,0,0,0
195,197,985,false,trade_planning,65535,981,985,1639,1120,120,259,4815,0,15462,0,4902,10604419,175000941,11904364,0,0,5130,1005574,-1000444,368,11700497416,3900166098,408114053,ACTIVE,true,0,0,0
196,198,990,false,trade_planning,65535,986,990,1638,1120,120,259,4815,0,15503,0,4844,10608518,175744671,11898514,0,0,5121,1007760,-1002639,368,11753272116,3917757662,407961947,ACTIVE,true,0,0,0
197,199,995,false,trade_planning,65535,991,995,1637,1120,120,259,4815,0,15426,0,4902,10573279,174741621,11892805,0,0,5116,1000404,-995288,368,11806120116,3935373670,406342092,ACTIVE,true,0,0,0
198,200,1000,false,trade_planning,65535,996,1000,1637,1120,120,259,4815,0,15455,0,4862,10537302,175288613,11887649,0,0,5110,1028960,-1023850,368,11858996699,3952999190,404580409,ACTIVE,true,0,0,0
199,201,1005,false,trade_planning,65535,1001,1005,1637,1120,120,259,4815,0,15483,0,4820,10569743,175703119,11881838,0,0,5105,1016704,-1011599,368,11911823959,3970608263,404796941,ACTIVE,true,0,0,0
200,202,1010,false,trade_planning,65535,1006,1010,1636,1120,120,259,4815,0,15497,0,4804,10512736,176071763,11881377,0,0,5098,1035430,-1030332,368,11964603063,3988201325,402714928,ACTIVE,true,0,0,0
201,203,1015,false,trade_planning,65535,1011,1015,1635,1120,120,259,4815,0,15534,0,4763,10517647,176615993,11881489,0,0,5090,1051841,-1046751,368,12017340382,4005780404,402672141,ACTIVE,true,0,0,0
202,204,1020,false,trade_planning,65535,1016,1020,1634,1120,120,259,4815,0,15513,0,4775,10505733,176330437,11879280,0,0,5083,1019236,-1014153,368,12069979760,4023326875,401808771,ACTIVE,true,0,0,0
203,205,1025,false,trade_planning,65535,1021,1025,1633,1120,120,259,4815,0,15440,0,4844,10460451,175434768,11878203,0,0,5076,1069060,-1063984,368,12122564804,4040855230,400104705,ACTIVE,true,0,0,0
204,206,1030,false,trade_planning,65535,1026,1030,1632,1120,120,259,4815,0,15512,0,4748,10392578,176519233,11865819,0,0,5069,1036749,-1031680,368,12175245335,4058415400,398465774,ACTIVE,true,0,0,0
205,207,1035,false,trade_planning,65535,1031,1035,1632,1120,120,259,4815,0,15522,0,4736,10342614,176749055,11866549,0,0,5062,1052368,-1047306,368,12227722421,4075907760,397706958,ACTIVE,true,0,0,0
206,208,1040,false,trade_planning,65535,1036,1040,1631,1120,120,259,4815,0,15528,0,4723,10324348,176958341,11864232,0,0,5054,1042440,-1037386,368,12280536559,4093512480,397376765,ACTIVE,true,0,0,0
207,209,1045,false,trade_planning,65535,1041,1045,1631,1120,120,259,4815,0,15471,0,4770,10257741,176266193,11860779,0,0,5047,1087006,-1081959,368,12332889656,4110963514,394701320,ACTIVE,true,0,0,0
208,210,1050,false,trade_planning,65535,1046,1050,1629,1120,120,259,4815,0,15515,0,4718,10217174,177024290,11859088,0,0,5040,1035072,-1030032,368,12385753730,4128584874,393802804,ACTIVE,true,0,0,0
209,211,1055,false,trade_planning,65535,1051,1055,1610,1120,120,259,4815,0,15529,0,4695,10183402,177249844,11856203,0,0,5032,1017025,-1011993,368,12438201275,4146067370,392750150,ACTIVE,true,0,0,0
210,212,1060,false,trade_planning,65535,1056,1060,1593,1120,120,259,4815,0,15505,0,4693,10148047,177185879,11852652,0,0,5025,1034122,-1029097,368,12491818497,4163939786,391558278,ACTIVE,true,0,0,0
211,213,1065,false,trade_planning,65535,1061,1065,1585,1120,120,259,4815,0,15459,0,4708,10158840,176592389,11845413,0,0,5019,1000601,-995582,368,12546468745,4182156529,391514189,ACTIVE,true,0,0,0
212,214,1070,false,trade_planning,65535,1066,1070,1579,1120,120,259,4815,0,15416,0,4727,10190423,176078128,11836906,0,0,5018,1003001,-997983,368,12602525657,4200842166,393509070,ACTIVE,true,0,0,0
213,215,1075,false,trade_planning,65535,1071,1075,1575,1120,120,259,4815,0,15434,0,4657,10400862,176235125,11810534,0,0,5018,1004091,-999073,368,12666044506,4222015142,403150152,ACTIVE,true,0,0,0
214,216,1080,false,trade_planning,65535,1076,1080,1573,1120,120,259,4815,0,15450,0,4613,10486000,176418048,11796488,0,0,5018,992716,-987698,368,12724637819,4241546238,407062636,ACTIVE,true,0,0,0
215,217,1085,false,trade_planning,65535,1081,1085,1571,1120,120,259,4815,0,15478,0,4563,10543884,176894519,11786175,0,0,5018,1010324,-1005306,368,12780500247,4260167040,409414306,ACTIVE,true,0,0,0
216,218,1090,false,trade_planning,65535,1086,1090,1569,1120,120,259,4815,0,15427,0,4598,10530527,176163308,11779619,0,0,5018,989099,-984081,368,12834302886,4278101252,409111607,ACTIVE,true,0,0,0
217,219,1095,false,trade_planning,65535,1091,1095,1567,1120,120,259,4815,0,15434,0,4576,10510231,176411241,11774880,0,0,5018,1006754,-1001736,368,12887268111,4295756330,407510216,ACTIVE,true,0,0,0
218,220,1100,false,trade_planning,65535,1096,1100,1564,1120,120,259,4815,0,15381,0,4618,10468498,175715233,11771944,0,0,5018,987878,-982860,368,12940492838,4313497909,405370044,ACTIVE,true,0,0,0
219,221,1105,false,trade_planning,65535,1101,1105,1562,1120,120,259,4815,0,15434,0,4552,10476515,176613115,11766550,0,0,5018,1055473,-1050455,368,12993872481,4331291120,405627443,ACTIVE,true,0,0,0
220,222,1110,false,trade_planning,65535,1106,1110,1560,1120,120,259,4815,0,15396,0,4582,10456106,176017205,11764236,0,0,5018,978215,-973197,368,13046360541,4348787135,404754436,ACTIVE,true,0,0,0
221,223,1115,false,trade_planning,65535,1111,1115,1558,1120,120,259,4815,0,15393,0,4570,10404946,176112855,11758176,0,0,5018,994806,-989788,368,13100089061,4366696633,403071502,ACTIVE,true,0,0,0
222,224,1120,false,trade_planning,65535,1116,1120,1555,1120,120,259,4815,0,15410,0,4546,10397549,176358480,11756465,0,0,5018,971261,-966243,368,13152867764,4384289541,402360406,ACTIVE,true,0,0,0
223,225,1125,false,trade_planning,65535,1121,1125,1549,1120,120,259,4815,0,15389,0,4554,10379792,176172664,11752278,0,0,5018,987152,-982134,368,13206242010,4402080964,401575256,ACTIVE,true,0,0,0
224,226,1130,false,trade_planning,65535,1126,1130,1543,1120,120,259,4815,0,15374,0,4551,10363171,176028347,11747453,0,0,5018,961175,-956157,368,13259386016,4419795633,400845510,ACTIVE,true,0,0,0
225,227,1135,false,trade_planning,65535,1131,1135,1540,1120,120,259,4815,0,15340,0,4570,10323433,175714099,11743277,0,0,5018,980229,-975211,368,13312238184,4437412997,398777550,ACTIVE,true,0,0,0
226,228,1140,false,trade_planning,65535,1136,1140,1536,1120,120,259,4815,0,15328,0,4567,10330409,175548628,11738355,0,0,5018,956466,-951448,368,13368192235,4456064360,399046928,ACTIVE,true,0,0,0
227,229,1145,false,trade_planning,65535,1141,1145,1529,1120,120,259,4815,0,15311,0,4564,10363744,175566836,11734653,0,0,5018,983309,-978291,368,13423014655,4474338506,399978012,ACTIVE,true,0,0,0
228,230,1150,false,trade_planning,65535,1146,1150,1517,1120,120,259,4815,0,15257,0,4593,10342119,174890841,11729674,0,0,5018,955797,-950779,368,13480438464,4493479787,398922050,ACTIVE,true,0,0,0
229,231,1155,false,trade_planning,65535,1151,1155,1510,1120,120,259,4815,0,15284,0,4523,10537882,175512742,11717103,0,0,5018,967979,-962961,368,13543685272,4514562058,407738199,ACTIVE,true,0,0,0
230,232,1160,false,trade_planning,65535,1156,1160,1508,1120,120,259,4815,0,15095,0,4676,10680986,172647017,11702047,0,0,5018,941658,-936640,368,13607694206,4535898357,414710946,ACTIVE,true,0,0,0
231,233,1165,false,trade_planning,65535,1161,1165,1507,1120,120,259,4815,0,14938,0,4800,10727729,170485524,11691004,0,0,5018,953692,-948674,368,13665791847,4555264233,417066824,ACTIVE,true,0,0,0
232,234,1170,false,trade_planning,65535,1166,1170,1506,1120,120,259,4815,0,14812,0,4903,10698569,168734544,11686903,0,0,5018,937672,-932654,368,13717889145,4572630001,415542520,ACTIVE,true,0,0,0
233,235,1175,false,trade_planning,65535,1171,1175,1505,1120,120,259,4815,0,14763,0,4940,10695510,168142007,11681488,0,0,5018,952592,-947574,368,13769578331,4589859747,415350312,ACTIVE,true,0,0,0
234,236,1180,false,trade_planning,65535,1176,1180,1504,1120,120,259,4815,0,14739,0,4942,10697018,167905710,11672497,0,0,5018,951258,-946240,368,13822005390,4607335418,415318773,ACTIVE,true,0,0,0
235,237,1185,false,trade_planning,65535,1181,1185,1501,1120,120,259,4815,0,14782,0,4879,10664527,168684954,11661742,0,0,5018,958701,-953683,368,13873586331,4624529078,413439760,ACTIVE,true,0,0,0
236,238,1190,false,trade_planning,65535,1186,1190,1492,1120,120,259,4815,0,14946,0,4688,10652533,171308087,11649053,0,0,5018,966276,-961258,368,13925963557,4641988133,412977740,ACTIVE,true,0,0,0
237,239,1195,false,trade_planning,65535,1191,1195,1491,1120,120,259,4815,0,15007,0,4598,10636727,172378012,11637660,0,0,5018,951733,-946715,368,13979497620,4659832831,411835122,ACTIVE,true,0,0,0
238,240,1200,false,trade_planning,65535,1196,1200,1491,1120,120,259,4815,0,14964,0,4617,10634676,171876810,11625615,0,0,5018,987423,-982405,368,14032114909,4677371928,411404693,ACTIVE,true,0,0,0
239,241,1205,false,trade_planning,65535,1201,1205,1489,1120,120,259,4815,0,14974,0,4571,10620563,172238764,11604643,0,0,5018,966778,-961760,368,14085151988,4695050959,409881054,ACTIVE,true,0,0,0
240,242,1210,false,trade_planning,65535,1206,1210,1488,1120,120,259,4815,0,14923,0,4602,10566057,171568464,11594356,0,0,5018,968235,-963217,368,14137842877,4712614608,407853418,ACTIVE,true,0,0,0
241,243,1215,false,trade_planning,65535,1211,1215,1487,1120,120,259,4815,0,15013,0,4478,10553376,172947575,11575177,0,0,5018,982830,-977812,368,14190010847,4730003906,407116397,ACTIVE,true,0,0,0
242,244,1220,false,trade_planning,65535,1216,1220,1485,1120,120,259,4815,0,14932,0,4532,10508328,171863805,11560263,0,0,5018,955192,-950174,368,14241956641,4747319173,404948300,ACTIVE,true,0,0,0
243,245,1225,false,trade_planning,65535,1221,1225,1484,1120,120,259,4815,0,14960,0,4475,10481745,172480261,11544686,0,0,5018,986897,-981879,368,14293816235,4764605698,402792931,ACTIVE,true,0,0,0
244,246,1230,false,trade_planning,65535,1226,1230,1484,1120,120,259,4815,0,14868,0,4530,10465553,171331357,11523659,0,0,5018,1048075,-1043057,368,14348096012,4782698964,402009900,ACTIVE,true,0,0,0
245,247,1235,false,trade_planning,65535,1231,1235,1481,1120,120,259,4815,0,14871,0,4493,10403684,171373516,11503918,0,0,5018,960962,-955944,368,14399983736,4799994872,398722236,ACTIVE,true,0,0,0
246,248,1240,false,trade_planning,65535,1236,1240,1480,1120,120,259,4815,0,14781,0,4548,10381670,170145181,11486524,0,0,5018,979602,-974584,368,14452923826,4817641575,397020290,ACTIVE,true,0,0,0
247,249,1245,false,trade_planning,65535,1241,1245,1478,1120,120,259,4815,0,14896,0,4397,10371989,171976925,11466539,0,0,5018,1021405,-1016387,368,14504944840,4834981910,396395899,ACTIVE,true,0,0,0
248,250,1250,false,trade_planning,65535,1246,1250,1478,1120,120,259,4815,0,14806,0,4446,10380890,170675475,11443665,0,0,5018,1013108,-1008090,368,14560043685,4853348202,397353118,ACTIVE,true,0,0,0
249,251,1255,false,trade_planning,65535,1251,1255,1475,1120,120,259,4815,0,14825,0,4388,10335252,170995540,11420884,0,0,5018,957918,-952900,368,14611744183,4870581692,394865197,ACTIVE,true,0,0,0
250,252,1260,false,trade_planning,65535,1256,1260,1473,1120,120,259,4815,0,14668,0,4523,10299024,168774229,11410011,0,0,5018,952802,-947784,368,14663983308,4887994710,392829064,ACTIVE,true,0,0,0
251,253,1265,false,trade_planning,65535,1261,1265,1471,1120,120,259,4815,0,14753,0,4400,10297482,170226426,11389005,0,0,5018,950377,-945359,368,14716027512,4905342797,392184031,ACTIVE,true,0,0,0
252,254,1270,false,trade_planning,65535,1266,1270,1469,1120,120,259,4815,0,14583,0,4539,10265834,167803723,11371909,0,0,5018,975435,-970417,368,14769531735,4923177541,390919921,ACTIVE,true,0,0,0
253,255,1275,false,trade_planning,65535,1271,1275,1469,1120,120,259,4815,0,14619,0,4464,10217367,168408291,11350203,0,0,5018,943800,-938782,368,14821843270,4940614716,388913228,ACTIVE,true,0,0,0
254,256,1280,false,trade_planning,65535,1276,1280,1467,1120,120,259,4815,0,14512,0,4540,10192782,166856017,11332758,0,0,5018,941570,-936552,368,14874477673,4958159513,387947219,ACTIVE,true,0,0,0
255,257,1285,false,trade_planning,65535,1281,1285,1465,1120,120,259,4815,0,14571,0,4455,10171169,167779607,11318723,0,0,5018,942145,-937127,368,14926636088,4975545643,385875247,ACTIVE,true,0,0,0
256,258,1290,false,trade_planning,65535,1286,1290,1464,1120,120,259,4815,0,14580,0,4406,10216472,168069798,11296257,0,0,5018,1021219,-1016201,368,14982848943,4994283283,386659690,ACTIVE,true,0,0,0
257,259,1295,false,trade_planning,65535,1291,1295,1461,1120,120,259,4815,0,14618,0,4342,10214764,168641872,11282067,0,0,5018,1008016,-1002998,368,15038035225,5012678701,386242022,ACTIVE,true,0,0,0
258,260,1300,false,trade_planning,65535,1296,1300,1457,1120,120,259,4815,0,14543,0,4382,10174901,167720611,11263203,0,0,5018,1146904,-1141886,368,15091271978,5030424297,385229283,ACTIVE,true,0,0,0
259,261,1305,false,trade_planning,65535,1301,1305,1457,1120,120,259,4815,0,14471,0,4431,10155834,166611536,11252334,0,0,5018,941953,-936935,368,15143417155,5047806019,383759376,ACTIVE,true,0,0,0
260,262,1310,false,trade_planning,65535,1306,1310,1455,1120,120,259,4815,0,14307,0,4550,10162313,164229358,11225085,0,0,5018,945571,-940553,368,15204949520,5068316806,384495867,ACTIVE,true,0,0,0
261,263,1315,false,trade_planning,65535,1311,1315,1454,1120,120,259,4815,0,14394,0,4434,10213814,165478453,11208788,0,0,5018,941356,-936338,368,15267055834,5089018896,387112744,ACTIVE,true,0,0,0
262,264,1320,false,trade_planning,65535,1316,1320,1453,1120,120,259,4815,0,14257,0,4527,10239143,163580203,11183935,0,0,5018,941277,-936259,368,15333377744,5111126218,388641759,ACTIVE,true,0,0,0
263,265,1325,false,trade_planning,65535,1321,1325,1451,1120,120,259,4815,0,14288,0,4475,10250727,164000155,11172129,0,0,5018,939555,-934537,368,15389489597,5129830151,389566765,ACTIVE,true,0,0,0
264,266,1330,false,trade_planning,65535,1326,1330,1450,1120,120,259,4815,0,14182,0,4549,10231890,162527610,11154283,0,0,5018,941190,-936172,368,15444055795,5148018897,388911021,ACTIVE,true,0,0,0
265,267,1335,false,trade_planning,65535,1331,1335,1447,1120,120,259,4815,0,14209,0,4499,10184163,163006868,11141973,0,0,5018,943791,-938773,368,15498128957,5166043288,387034065,ACTIVE,true,0,0,0
266,268,1340,false,trade_planning,65535,1336,1340,1446,1120,120,259,4815,0,14201,0,4467,10295652,162919022,11119281,0,0,5018,939279,-934261,368,15565493673,5188498176,392738727,ACTIVE,true,0,0,0
267,269,1345,false,trade_planning,65535,1341,1345,1438,1120,120,259,4815,0,14172,0,4470,10222463,162370178,11104978,0,0,5018,931642,-926624,368,15619886696,5206629189,389321383,ACTIVE,true,0,0,0
268,270,1350,false,trade_planning,65535,1346,1350,1428,1120,120,259,4815,0,14198,0,4414,10271062,163136139,11091683,0,0,5018,936066,-931048,368,15679246714,5226415859,391919600,ACTIVE,true,0,0,0
269,271,1355,false,trade_planning,65535,1351,1355,1415,1120,120,259,4815,0,14154,0,4420,10215173,162449994,11074964,0,0,5018,925092,-920074,368,15737419743,5245806868,389787651,ACTIVE,true,0,0,0
270,272,1360,false,trade_planning,65535,1356,1360,1409,1120,120,259,4815,0,14209,0,4334,10290844,163612964,11064291,0,0,5018,979699,-974681,368,15794139929,5264713589,393604620,ACTIVE,true,0,0,0
271,273,1365,false,trade_planning,65535,1361,1365,1394,1120,120,259,4815,0,14077,0,4436,10253166,161635441,11050705,0,0,5018,923358,-918340,368,15848455188,5282818678,392218525,ACTIVE,true,0,0,0
272,274,1370,false,trade_planning,65535,1366,1370,1385,1120,120,259,4815,0,14072,0,4403,10288830,161970280,11037065,0,0,5018,988132,-983114,368,15900554363,5300185075,394137152,ACTIVE,true,0,0,0
273,275,1375,false,trade_planning,65535,1371,1375,1384,1120,120,259,4815,0,13955,0,4497,10257572,160190894,11028785,0,0,5018,938908,-933890,368,15951842535,5317281142,392228701,ACTIVE,true,0,0,0
274,276,1380,false,trade_planning,65535,1376,1380,1380,1120,120,259,4815,0,13990,0,4446,10277927,160947465,11020030,0,0,5018,948448,-943430,368,16003016476,5334339120,393131127,ACTIVE,true,0,0,0
275,277,1385,false,trade_planning,65535,1381,1385,1378,1120,120,259,4815,0,13947,0,4464,10237955,160249338,11007377,0,0,5018,945978,-940960,368,16054469197,5351490008,390860409,ACTIVE,true,0,0,0
276,278,1390,false,trade_planning,65535,1386,1390,1378,1120,120,259,4815,0,14014,0,4388,10276577,161429020,11003574,0,0,5018,945035,-940017,368,16105094214,5368365032,392525155,ACTIVE,true,0,0,0
277,279,1395,false,trade_planning,65535,1391,1395,1378,1120,120,259,4815,0,13968,0,4423,10202058,160734009,10997117,0,0,5018,1015449,-1010431,368,16155705769,5385235543,388684303,ACTIVE,true,0,0,0
278,280,1400,false,trade_planning,65535,1396,1400,1378,1120,120,259,4815,0,14019,0,4360,10256085,161584160,10990105,0,0,5018,954782,-949764,368,16207871887,5402624237,391039016,ACTIVE,true,0,0,0
279,281,1405,false,trade_planning,65535,1401,1405,1378,1120,120,259,4815,0,13960,0,4412,10186425,160648379,10986314,0,0,5018,953917,-948899,368,16258761430,5419587426,387218837,ACTIVE,true,0,0,0
280,282,1410,false,trade_planning,65535,1406,1410,1378,1120,120,259,4815,0,14000,0,4366,10198505,161421564,10982885,0,0,5018,976167,-971149,368,16310629939,5436876929,388095872,ACTIVE,true,0,0,0
281,283,1415,false,trade_planning,65535,1411,1415,1378,1120,120,259,4815,0,13961,0,4395,10188129,160688391,10977072,0,0,5018,974449,-969431,368,16363468198,5454489685,386856618,ACTIVE,true,0,0,0
282,284,1420,false,trade_planning,65535,1416,1420,1378,1120,120,259,4815,0,13961,0,4386,10178648,160805702,10971778,0,0,5018,956467,-951449,368,16414286953,5471429292,386800948,ACTIVE,true,0,0,0
283,285,1425,false,trade_planning,65535,1421,1425,1378,1120,120,259,4815,0,14019,0,4321,10190265,161580560,10968017,0,0,5018,1046369,-1041351,368,16465023943,5488341612,385719942,ACTIVE,true,0,0,0
284,286,1430,false,trade_planning,65535,1426,1430,1378,1120,120,259,4815,0,13963,0,4376,10146202,160966712,10968016,0,0,5018,979229,-974211,368,16516050476,5505350435,383482331,ACTIVE,true,0,0,0
285,287,1435,false,trade_planning,65535,1431,1435,1378,1120,120,259,4815,0,13980,0,4353,10138003,161234801,10964722,0,0,5018,1005703,-1000685,368,16572545447,5524182111,382775376,ACTIVE,true,0,0,0
286,288,1440,false,trade_planning,65535,1436,1440,1378,1120,120,259,4815,0,13962,0,4363,10062627,161089084,10960838,0,0,5018,999059,-994041,368,16623789985,5541263605,380160037,ACTIVE,true,0,0,0
287,289,1445,false,trade_planning,65535,1441,1445,1378,1120,120,259,4815,0,14007,0,4314,10036380,161891052,10959006,0,0,5018,941591,-936573,368,16675030031,5558343631,379192707,ACTIVE,true,0,0,0
288,290,1450,false,trade_planning,65535,1446,1450,1378,1120,120,259,4815,0,13978,0,4337,9994803,161468711,10955672,0,0,5018,934911,-929893,368,16726790727,5575597195,377336453,ACTIVE,true,0,0,0
289,291,1455,false,trade_planning,65535,1451,1455,1378,1120,120,259,4815,0,14016,0,4295,9997549,162059852,10953761,0,0,5018,931671,-926653,368,16778838139,5592946345,377281481,ACTIVE,true,0,0,0
290,292,1460,false,trade_planning,65535,1456,1460,1378,1120,120,259,4815,0,13967,0,4338,9947718,161375501,10950411,0,0,5018,934245,-929227,368,16835302240,5611767709,375186187,ACTIVE,true,0,0,0
291,293,1465,false,trade_planning,65535,1461,1465,1378,1120,120,259,4815,0,14017,0,4284,9900422,162230864,10948395,0,0,5018,958762,-953744,368,16891463735,5630488205,373186046,ACTIVE,true,0,0,0
292,294,1470,false,trade_planning,65535,1466,1470,1378,1120,120,259,4815,0,14039,0,4258,9901503,162542559,10946457,0,0,5018,956311,-951293,368,16943598561,5647866488,373981531,ACTIVE,true,0,0,0
293,295,1475,false,trade_planning,65535,1471,1475,1378,1120,120,259,4815,0,14027,0,4263,9891908,162399656,10942703,0,0,5018,941062,-936044,368,16996359001,5665453283,373794705,ACTIVE,true,0,0,0
294,296,1480,false,trade_planning,65535,1476,1480,1377,1120,120,259,4815,0,14048,0,4227,9956303,162640003,10934511,0,0,5018,939779,-934761,368,17052084677,5684028512,376959151,ACTIVE,true,0,0,0
295,297,1485,false,trade_planning,65535,1481,1485,1377,1120,120,259,4815,0,14038,0,4211,10046046,162471117,10919568,0,0,5018,939731,-934713,369,17111208347,5703736425,381894530,ACTIVE,true,0,0,0
296,298,1490,false,trade_planning,65535,1486,1490,1376,1120,120,259,4815,0,14058,0,4148,10279733,162589614,10893210,0,0,5018,936335,-931317,369,17179579072,5726526636,393618952,ACTIVE,true,0,0,0
297,299,1495,false,trade_planning,65535,1491,1495,1376,1120,120,259,4815,0,14057,0,4131,10321738,162507712,10883241,0,0,5018,929246,-924228,369,17234828920,5744943276,396120585,ACTIVE,true,0,0,0
298,300,1500,false,trade_planning,65535,1496,1500,1376,1120,120,259,4815,0,14038,0,4143,10286788,162270864,10879524,0,0,5018,933359,-928341,369,17287199277,5762400042,394325860,ACTIVE,true,0,0,0
299,301,1505,false,trade_planning,65535,1501,1505,1376,1120,120,259,4815,0,14062,0,4114,10279777,162687035,10876967,0,0,5018,931688,-926670,369,17339060968,5779687266,394152407,ACTIVE,true,0,0,0
300,302,1510,false,trade_planning,65535,1506,1510,1376,1120,120,259,4815,0,14025,0,4146,10236014,162126433,10874476,0,0,5018,923623,-918605,369,17391374623,5797125157,392613586,ACTIVE,true,0,0,0
301,303,1515,false,trade_planning,65535,1511,1515,1375,1120,120,259,4815,0,14062,0,4101,10236463,162678130,10869979,0,0,5018,925271,-920253,369,17443653000,5814551271,392837097,ACTIVE,true,0,0,0
302,304,1520,false,trade_planning,65535,1516,1520,1375,1120,120,259,4815,0,14031,0,4128,10183508,162273814,10868575,0,0,5018,916356,-911338,369,17499682997,5833227971,390207320,ACTIVE,true,0,0,0
303,305,1525,false,trade_planning,65535,1521,1525,1374,1120,120,259,4815,0,14072,0,4077,10195182,162949891,10862650,0,0,5018,932157,-927139,369,17557147349,5852382743,390507032,ACTIVE,true,0,0,0
304,306,1530,false,trade_planning,65535,1526,1530,1373,1120,120,259,4815,0,14051,0,4092,10162131,162661580,10860700,0,0,5018,917259,-912241,369,17608541240,5869514041,388845348,ACTIVE,true,0,0,0
305,307,1535,false,trade_planning,65535,1531,1535,1373,1120,120,259,4815,0,14039,0,4093,10140633,162572178,10854842,0,0,5018,932615,-927597,369,17674243140,5891414669,388253002,ACTIVE,true,0,0,0
306,308,1540,false,trade_planning,65535,1536,1540,1373,1120,120,259,4815,0,14042,0,4084,10144097,162535901,10851538,0,0,5018,917236,-912218,369,17730955413,5910318763,388678712,ACTIVE,true,0,0,0
307,309,1545,false,trade_planning,65535,1541,1545,1373,1120,120,259,4815,0,14013,0,4109,10108078,162183992,10849523,0,0,5018,929609,-924591,369,17794357556,5931452811,387424569,ACTIVE,true,0,0,0
308,310,1550,false,trade_planning,65535,1546,1550,1372,1120,120,259,4815,0,14007,0,4107,10108903,162097359,10844948,0,0,5018,916462,-911444,369,17851082085,5950360989,387589640,ACTIVE,true,0,0,0
309,311,1555,false,trade_planning,65535,1551,1555,1371,1120,120,259,4815,0,13964,0,4144,10046465,161502081,10842298,0,0,5018,919291,-914273,369,17908452028,5969484289,385119682,ACTIVE,true,0,0,0
310,312,1560,false,trade_planning,65535,1556,1560,1371,1120,120,259,4815,0,13993,0,4108,10048021,161916667,10838224,0,0,5018,913011,-907993,369,17978217761,5992739547,385324802,ACTIVE,true,0,0,0
311,313,1565,false,trade_planning,65535,1561,1565,1370,1120,120,259,4815,0,13987,0,4101,10013408,161901914,10830460,0,0,5018,911600,-906582,369,18032521012,6010840625,383966499,ACTIVE,true,0,0,0
312,314,1570,false,trade_planning,65535,1566,1570,1370,1120,120,259,4815,0,13934,0,4142,9988251,161177987,10823800,0,0,5018,920763,-915745,369,18085055832,6028352239,382778248,ACTIVE,true,0,0,0
313,315,1575,false,trade_planning,65535,1571,1575,1370,1120,120,259,4815,0,13956,0,4101,10008446,161496386,10811934,0,0,5018,916992,-911974,369,18146551888,6048850919,383278583,ACTIVE,true,0,0,0
314,316,1580,false,trade_planning,65535,1576,1580,1370,1120,120,259,4815,0,13879,0,4167,10000602,160382837,10805350,0,0,5018,926652,-921634,369,18207420767,6069140538,383406510,ACTIVE,true,0,0,0
315,317,1585,false,trade_planning,65535,1581,1585,1370,1120,120,259,4815,0,13897,0,4139,9985845,160630571,10799307,0,0,5018,919331,-914313,369,18264262011,6088087616,382260542,ACTIVE,true,0,0,0
316,318,1590,false,trade_planning,65535,1586,1590,1370,1120,120,259,4815,0,13820,0,4209,9960012,159563680,10795390,0,0,5018,926335,-921317,369,18316637310,6105546061,380243160,ACTIVE,true,0,0,0
317,319,1595,false,trade_planning,65535,1591,1595,1370,1120,120,259,4815,0,13865,0,4145,9966151,160220827,10783691,0,0,5018,920220,-915202,369,18377446276,6125815712,379976370,ACTIVE,true,0,0,0
318,320,1600,false,trade_planning,65535,1596,1600,1370,1120,120,259,4815,0,13794,0,4203,9951104,159237271,10775920,0,0,5018,979172,-974154,369,18429762436,6143254431,378890594,ACTIVE,true,0,0,0
319,321,1605,false,trade_planning,65535,1601,1605,1370,1120,120,259,4815,0,13864,0,4130,9933015,160260763,10774464,0,0,5018,920628,-915610,369,18484177478,6161392793,377466776,ACTIVE,true,0,0,0
320,322,1610,false,trade_planning,65535,1606,1610,1370,1120,120,259,4815,0,13797,0,4180,9968246,159325451,10763950,0,0,5018,943421,-938403,369,18543927808,6181309544,378150434,ACTIVE,true,0,0,0
321,323,1615,false,trade_planning,65535,1611,1615,1370,1120,120,259,4815,0,13824,0,4138,9979795,159664149,10754826,0,0,5018,943577,-938559,369,18603260814,6201087242,378242248,ACTIVE,true,0,0,0
322,324,1620,false,trade_planning,65535,1616,1620,1370,1120,120,259,4815,0,13732,0,4213,10005999,158338981,10744632,0,0,5018,966624,-961606,369,18657409736,6219136858,379126571,ACTIVE,true,0,0,0
323,325,1625,false,trade_planning,65535,1621,1625,1370,1120,120,259,4815,0,13730,0,4193,10106089,158270419,10731603,0,0,5018,990840,-985822,369,18720820785,6240273889,383735850,ACTIVE,true,0,0,0
324,326,1630,false,trade_planning,65535,1626,1630,1370,1120,120,259,4815,0,13528,0,4374,10269486,155082937,10718491,0,0,5018,944225,-939207,370,18797375724,6265792192,391071646,ACTIVE,true,0,0,0
325,327,1635,false,trade_planning,65535,1631,1635,1369,1120,120,259,4815,0,13453,0,4429,10284709,153754154,10706070,0,0,5018,954278,-949260,370,18863840195,6287947028,391144007,ACTIVE,true,0,0,0
326,328,1640,false,trade_planning,65535,1636,1640,1369,1120,120,259,4815,0,13403,0,4465,10288903,153078301,10697653,0,0,5018,1028780,-1023762,370,18931063095,6310354657,391665646,ACTIVE,true,0,0,0
327,329,1645,false,trade_planning,65535,1641,1645,1369,1120,120,259,4815,0,13312,0,4534,10335755,151584174,10683991,0,0,5018,953778,-948760,370,18996337627,6332112833,392599177,ACTIVE,true,0,0,0
328,330,1650,false,trade_planning,65535,1646,1650,1368,1120,120,259,4815,0,13200,0,4632,10371469,149992162,10675375,0,0,5018,1006277,-1001259,370,19056129388,6352043410,393176395,ACTIVE,true,0,0,0
329,331,1655,false,trade_planning,65535,1651,1655,1368,1120,120,259,4815,0,13204,0,4620,10338621,150091155,10671491,0,0,5018,1047237,-1042219,370,19106385302,6368795413,391231068,ACTIVE,true,0,0,0
330,332,1660,false,trade_planning,65535,1656,1660,1368,1120,120,259,4815,0,13164,0,4645,10342836,149503873,10662329,0,0,5018,985100,-980082,370,19166413141,6388804678,390619660,ACTIVE,true,0,0,0
331,333,1665,false,trade_planning,65535,1661,1665,1368,1120,120,259,4815,0,13341,0,4458,10361238,152063834,10656578,0,0,5018,955119,-950101,370,19219456732,6406485867,390720043,ACTIVE,true,0,0,0
332,334,1670,false,trade_planning,65535,1666,1670,1368,1120,120,259,4815,0,13432,0,4353,10349073,153653895,10648107,0,0,5018,1039993,-1034975,370,19275594070,6425198326,391156861,ACTIVE,true,0,0,0
333,335,1675,false,trade_planning,65535,1671,1675,1368,1120,120,259,4815,0,13492,0,4283,10278565,154496460,10642114,0,0,5018,975108,-970090,370,19326312642,6442104510,388210014,ACTIVE,true,0,0,0
334,336,1680,false,trade_planning,65535,1676,1680,1368,1120,120,259,4815,0,13464,0,4301,10224223,154302507,10636851,0,0,5018,948056,-943038,370,19376677410,6458892739,386897517,ACTIVE,true,0,0,0
335,337,1685,false,trade_planning,65535,1681,1685,1368,1120,120,259,4815,0,13471,0,4282,10193212,154612004,10629560,0,0,5018,915776,-910758,370,19426990786,6475663899,384949709,ACTIVE,true,0,0,0
336,338,1690,false,trade_planning,65535,1686,1690,1367,1120,120,259,4815,0,13434,0,4307,10185882,154169880,10622502,0,0,5018,924840,-919822,370,19481857851,6493952912,384386435,ACTIVE,true,0,0,0
337,339,1695,false,trade_planning,65535,1691,1695,1367,1120,120,259,4815,0,13505,0,4222,10153978,155211161,10614533,0,0,5018,914120,-909102,370,19532498576,6510833158,383233849,ACTIVE,true,0,0,0
338,340,1700,false,trade_planning,65535,1696,1700,1367,1120,120,259,4815,0,13476,0,4245,10104243,154886166,10611094,0,0,5018,914521,-909503,370,19588705779,6529568885,381232642,ACTIVE,true,0,0,0
339,341,1705,false,trade_planning,65535,1701,1705,1367,1120,120,259,4815,0,13566,0,4146,10098199,156195208,10605645,0,0,5018,910736,-905718,370,19645093570,6548364809,381188363,ACTIVE,true,0,0,0
340,342,1710,false,trade_planning,65535,1706,1710,1367,1120,120,259,4815,0,13529,0,4168,10119588,155709833,10596574,0,0,5018,912369,-907351,370,19698900797,6566300568,382347048,ACTIVE,true,0,0,0
341,343,1715,false,trade_planning,65535,1711,1715,1366,1120,120,259,4815,0,13522,0,4168,10061943,155656796,10592792,0,0,5018,910381,-905363,370,19749156685,6583052514,379536751,ACTIVE,true,0,0,0
342,344,1720,false,trade_planning,65535,1716,1720,1366,1120,120,259,4815,0,13550,0,4134,10056087,156077395,10589977,0,0,5018,933850,-928832,370,19799914866,6599971914,379874504,ACTIVE,true,0,0,0
343,345,1725,false,trade_planning,65535,1721,1725,1365,1120,120,259,4815,0,13443,0,4233,10054444,154480894,10585365,0,0,5018,912655,-907637,370,19865135756,6621712218,379881723,ACTIVE,true,0,0,0
344,346,1730,false,trade_planning,65535,1726,1730,1365,1120,120,259,4815,0,13446,0,4220,10040331,154642278,10580089,0,0,5018,921852,-916834,370,19916605090,6638868668,378877700,ACTIVE,true,0,0,0
345,347,1735,false,trade_planning,65535,1731,1735,1364,1120,120,259,4815,0,13404,0,4244,9988955,154012580,10568600,0,0,5018,913623,-908605,370,19994242987,6664747970,376986364,ACTIVE,true,0,0,0
346,348,1740,false,trade_planning,65535,1736,1740,1363,1120,120,259,4815,0,13480,0,4156,10008111,155158727,10560968,0,0,5018,912011,-906993,370,20081119728,6693706869,378280974,ACTIVE,true,0,0,0
347,349,1745,false,trade_planning,65535,1741,1745,1361,1120,120,259,4815,0,13427,0,4203,9961935,154421286,10558255,0,0,5018,912344,-907326,370,20131718497,6710573114,376749307,ACTIVE,true,0,0,0
348,350,1750,false,trade_planning,65535,1746,1750,1361,1120,120,259,4815,0,13486,0,4139,9919347,155281102,10555458,0,0,5018,899475,-894457,370,20213946883,6737982571,375811334,ACTIVE,true,0,0,0
349,351,1755,false,trade_planning,65535,1751,1755,1360,1120,120,259,4815,0,13448,0,4170,9920349,154733420,10551365,0,0,5018,906105,-901087,370,20265754129,6755251679,376002733,ACTIVE,true,0,0,0
350,352,1760,false,trade_planning,65535,1756,1760,1360,1120,120,259,4815,0,13509,0,4100,9919549,155669701,10545801,0,0,5018,904097,-899079,370,20340714451,6780238441,376433680,ACTIVE,true,0,0,0
351,353,1765,false,trade_planning,65535,1761,1765,1359,1120,120,259,4815,0,13464,0,4137,9887932,154997227,10541067,0,0,5018,906748,-901730,370,20399813236,6799938026,375177453,ACTIVE,true,0,0,0
352,354,1770,false,trade_planning,65535,1766,1770,1358,1120,120,259,4815,0,13465,0,4133,9863123,155044658,10540259,0,0,5018,908530,-903512,370,20457759008,6819253283,374247355,ACTIVE,true,0,0,0
353,355,1775,false,trade_planning,65535,1771,1775,1358,1120,120,259,4815,0,13459,0,4138,9862631,155024963,10540862,0,0,5018,933731,-928713,370,20507581105,6835860650,373487155,ACTIVE,true,0,0,0
354,356,1780,false,trade_planning,65535,1776,1780,1358,1120,120,259,4815,0,13424,0,4161,9830706,154557311,10533567,0,0,5018,916892,-911874,370,20574958458,6858319792,372610094,ACTIVE,true,0,0,0
355,357,1785,false,trade_planning,65535,1781,1785,1358,1120,120,259,4815,0,13502,0,4079,9879326,155725147,10531568,0,0,5018,949370,-944352,370,20628984240,6876328359,374325414,ACTIVE,true,0,0,0
356,358,1790,false,trade_planning,65535,1786,1790,1357,1120,120,259,4815,0,13414,0,4159,9877618,154398643,10526829,0,0,5018,925119,-920101,370,20696253378,6898751428,374243353,ACTIVE,true,0,0,0
357,359,1795,false,trade_planning,65535,1791,1795,1356,1120,120,259,4815,0,13445,0,4120,9911943,154871868,10522727,0,0,5018,923012,-917994,370,20756111042,6918703959,374944794,ACTIVE,true,0,0,0
358,360,1800,false,trade_planning,65535,1796,1800,1356,1120,120,259,4815,0,13366,0,4196,9862003,153737316,10521277,0,0,5018,939188,-934170,370,20828109572,6942703499,372567717,ACTIVE,true,0,0,0
359,361,1805,false,trade_planning,65535,1801,1805,1354,1120,120,259,4815,0,13396,0,4161,9909560,154134814,10518484,0,0,5018,933726,-928708,370,20881759771,6960586889,373540788,ACTIVE,true,0,0,0
360,362,1810,false,trade_planning,65535,1806,1810,1354,1120,120,259,4815,0,13297,0,4258,9861328,152721132,10517702,0,0,5018,944907,-939889,370,20952826753,6984275870,371818694,ACTIVE,true,0,0,0
361,363,1815,false,trade_planning,65535,1811,1815,1353,1120,120,259,4815,0,13332,0,4219,9828490,153298382,10515749,0,0,5018,938837,-933819,370,21003272646,7001091156,370017520,ACTIVE,true,0,0,0
362,364,1820,false,trade_planning,65535,1816,1820,1352,1120,120,259,4815,0,13378,0,4169,9839177,154058225,10514386,0,0,5018,993236,-988218,370,21069983074,7023327979,369954369,ACTIVE,true,0,0,0
363,365,1825,false,trade_planning,65535,1821,1825,1351,1120,120,259,4815,0,13341,0,4203,9819736,153478001,10513730,0,0,5018,937014,-931996,370,21121227574,7040409489,368860141,ACTIVE,true,0,0,0
364,366,1830,false,trade_planning,65535,1826,1830,1351,1120,120,259,4815,0,13438,0,4100,9873233,154955706,10511041,0,0,5018,993711,-988693,370,21173832125,7057944316,370958059,ACTIVE,true,0,0,0
365,367,1835,false,trade_planning,65535,1831,1835,1351,1120,120,259,4815,0,13393,0,4140,9834745,154290362,10508354,0,0,5018,954204,-949186,370,21225519679,7075173516,369399885,ACTIVE,true,0,0,0
366,368,1840,false,trade_planning,65535,1836,1840,1351,1120,120,259,4815,0,13500,0,4030,9849441,155942666,10506889,0,0,5018,1014474,-1009456,370,21276724734,7092241860,370822193,ACTIVE,true,0,0,0
367,369,1845,false,trade_planning,65535,1841,1845,1350,1120,120,259,4815,0,13397,0,4130,9862721,154260237,10505545,0,0,5018,917009,-911991,370,21328756010,7109585624,371314994,ACTIVE,true,0,0,0
368,370,1850,false,trade_planning,65535,1846,1850,1350,1120,120,259,4815,0,13372,0,4150,9825087,154054450,10502804,0,0,5018,948751,-943733,371,21400594112,7133531645,369113707,ACTIVE,true,0,0,0
369,371,1855,false,trade_planning,65535,1851,1855,1350,1120,120,259,4815,0,13375,0,4140,9865335,154037569,10498960,0,0,5018,963281,-958263,371,21454180422,7151393754,371112591,ACTIVE,true,0,0,0
370,372,1860,false,trade_planning,65535,1856,1860,1350,1120,120,259,4815,0,13320,0,4188,9850126,153260500,10495050,0,0,5018,983185,-978167,371,21508826427,7169609093,371155260,ACTIVE,true,0,0,0
371,373,1865,false,trade_planning,65535,1861,1865,1350,1120,120,259,4815,0,13330,0,4175,9866046,153315790,10493631,0,0,5018,926441,-921423,371,21569387097,7189795988,371629651,ACTIVE,true,0,0,0
372,374,1870,false,trade_planning,65535,1866,1870,1349,1120,120,259,4815,0,13306,0,4195,9843490,152971176,10491629,0,0,5018,932946,-927928,371,21622764416,7207588419,371091372,ACTIVE,true,0,0,0
373,375,1875,false,trade_planning,65535,1871,1875,1348,1120,120,259,4815,0,13386,0,4113,9845242,154125078,10490861,0,0,5018,937801,-932783,371,21690135585,7230045479,371401785,ACTIVE,true,0,0,0
374,376,1880,false,trade_planning,65535,1876,1880,1348,1120,120,259,4815,0,13341,0,4153,9807485,153492777,10488791,0,0,5018,917303,-912285,371,21740779231,7246926719,370706962,ACTIVE,true,0,0,0
375,377,1885,false,trade_planning,65535,1881,1885,1348,1120,120,259,4815,0,13396,0,4094,9781018,154310844,10486769,0,0,5018,910273,-905255,371,21792364847,7264121898,369871611,ACTIVE,true,0,0,0
376,378,1890,false,trade_planning,65535,1886,1890,1348,1120,120,259,4815,0,13396,0,4089,9788781,154374464,10484202,0,0,5018,927024,-922006,371,21844418144,7281473001,369927754,ACTIVE,true,0,0,0
377,379,1895,false,trade_planning,65535,1891,1895,1347,1120,120,259,4815,0,13389,0,4064,9996666,154069441,10464660,0,0,5018,912289,-907271,371,21905622589,7301874478,380174906,ACTIVE,true,0,0,0
378,380,1900,false,trade_planning,65535,1896,1900,1346,1120,120,259,4815,0,13352,0,4075,10115547,153404743,10449022,0,0,5018,948823,-943805,371,21964025620,7321342150,386330766,ACTIVE,true,0,0,0
379,381,1905,false,trade_planning,65535,1901,1905,1345,1120,120,259,4815,0,13352,0,4042,10262541,153221979,10428964,0,0,5018,912567,-907549,371,22046536198,7348845690,393980919,ACTIVE,true,0,0,0
380,382,1910,false,trade_planning,65535,1906,1910,1344,1120,120,259,4815,0,13377,0,4008,10318951,153614498,10423926,0,0,5018,924252,-919234,371,22111278662,7370426510,397266193,ACTIVE,true,0,0,0
381,383,1915,false,trade_planning,65535,1911,1915,1344,1120,120,259,4815,0,13321,0,4060,10260915,152792558,10421897,0,0,5018,912096,-907078,371,22180026064,7393342319,394819874,ACTIVE,true,0,0,0
382,384,1920,false,trade_planning,65535,1916,1920,1342,1120,120,259,4815,0,13410,0,3963,10273223,154161246,10417324,0,0,5018,924112,-919094,371,22231475232,7410492069,395845973,ACTIVE,true,0,0,0
383,385,1925,false,trade_planning,65535,1921,1925,1341,1120,120,259,4815,0,13372,0,3994,10230312,153582274,10413296,0,0,5018,904380,-899362,372,22310180573,7436727152,393980881,ACTIVE,true,0,0,0
384,386,1930,false,trade_planning,65535,1926,1930,1341,1120,120,259,4815,0,13386,0,3974,10231910,153886967,10409900,0,0,5018,922970,-917952,372,22383061367,7461020740,394210540,ACTIVE,true,0,0,0
385,387,1935,false,trade_planning,65535,1931,1935,1341,1120,120,259,4815,0,13379,0,3979,10208784,153750327,10409153,0,0,5018,906059,-901041,373,22434266625,7478089162,392836438,ACTIVE,true,0,0,0
386,388,1940,false,trade_planning,65535,1936,1940,1338,1120,120,259,4815,0,13339,0,4017,10158054,153281410,10408383,0,0,5018,918843,-913825,373,22485631319,7495210728,390317516,ACTIVE,true,0,0,0
387,389,1945,false,trade_planning,65535,1941,1945,1338,1120,120,259,4815,0,13373,0,3974,10174216,153739056,10402945,0,0,5018,911677,-906659,373,22601392468,7533797791,390947234,ACTIVE,true,0,0,0
388,390,1950,false,trade_planning,65535,1946,1950,1338,1120,120,259,4815,0,13301,0,4044,10123924,152732518,10402180,0,0,5018,918638,-913620,373,22653130116,7551043677,388895787,ACTIVE,true,0,0,0
389,391,1955,false,trade_planning,65535,1951,1955,1337,1120,120,259,4815,0,13351,0,3991,10123446,153475584,10400903,0,0,5018,911015,-905997,373,22704738539,7568246462,388149714,ACTIVE,true,0,0,0
390,392,1960,false,trade_planning,65535,1956,1960,1337,1120,120,259,4815,0,13274,0,4057,10061801,152404044,10394253,0,0,5018,931147,-926129,374,22775204688,7591735175,385868818,ACTIVE,true,0,0,0
391,393,1965,false,trade_planning,65535,1961,1965,1336,1120,120,259,4815,0,13383,0,3945,10084550,154045435,10392718,0,0,5018,945963,-940945,374,22826601885,7608867593,385899038,ACTIVE,true,0,0,0
392,394,1970,false,trade_planning,65535,1966,1970,1335,1120,120,259,4815,0,13256,0,4066,10048081,152180240,10389940,0,0,5018,908260,-903242,374,22896006452,7632002450,384555400,ACTIVE,true,0,0,0
393,395,1975,false,trade_planning,65535,1971,1975,1333,1120,120,259,4815,0,13351,0,3962,9998091,153727754,10384327,0,0,5018,944937,-939919,375,22956171628,7652057515,381963840,ACTIVE,true,0,0,0
394,396,1980,false,trade_planning,65535,1976,1980,1333,1120,120,259,4815,0,13285,0,4020,9995064,152764587,10380998,0,0,5018,932396,-927378,375,23008095342,7669365399,381802633,ACTIVE,true,0,0,0
395,397,1985,false,trade_planning,65535,1981,1985,1332,1120,120,259,4815,0,13318,0,3977,9985121,153320166,10374443,0,0,5018,917473,-912455,377,23072541922,7690847599,381114582,ACTIVE,true,0,0,0
396,398,1990,false,trade_planning,65535,1986,1990,1330,1120,120,259,4815,0,13249,0,4037,9963400,152295065,10369716,0,0,5018,902955,-897937,377,23125073894,7708358260,380181254,ACTIVE,true,0,0,0
397,399,1995,false,trade_planning,65535,1991,1995,1330,1120,120,259,4815,0,13308,0,3963,9960671,153268275,10360977,0,0,5018,927576,-922558,378,23224222471,7741407787,379050926,ACTIVE,true,0,0,0
398,400,2000,false,trade_planning,65535,1996,2000,1330,1120,120,259,4815,0,13239,0,4029,9956260,152245820,10358883,0,0,5018,932898,-927880,378,23286076170,7762025689,378211257,ACTIVE,true,0,0,0
399,401,2005,false,trade_planning,65535,2001,2005,1329,1120,120,259,4815,0,13275,0,3983,9942891,152828923,10352038,0,0,5018,945198,-940180,378,23370814294,7790271724,376401343,ACTIVE,true,0,0,0
400,402,2010,false,trade_planning,65535,2006,2010,1328,1120,120,259,4815,0,13245,0,4007,9931807,152392936,10347877,0,0,5018,935818,-930800,378,23431963283,7810654703,374870927,ACTIVE,true,0,0,0
401,403,2015,false,trade_planning,65535,2011,2015,1325,1120,120,259,4815,0,13304,0,3940,9957953,153337907,10343311,0,0,5018,974428,-969410,378,23483884155,7827961693,374723974,ACTIVE,true,0,0,0
402,404,2020,false,trade_planning,65535,2016,2020,1325,1120,120,259,4815,0,13239,0,3998,9957342,152357343,10340607,0,0,5018,936416,-931398,378,23535674180,7845225019,373739779,ACTIVE,true,0,0,0
403,405,2025,false,trade_planning,65535,2021,2025,1325,1120,120,259,4815,0,13289,0,3944,9936854,153205533,10338616,0,0,5018,1055754,-1050736,378,23592915614,7864305485,371780598,ACTIVE,true,0,0,0
404,406,2030,false,trade_planning,65535,2026,2030,1325,1120,120,259,4815,0,13202,0,4030,9931645,151920471,10338535,0,0,5018,976937,-971919,378,23644454744,7881485197,370685384,ACTIVE,true,0,0,0
405,407,2035,false,trade_planning,65535,2031,2035,1325,1120,120,259,4815,0,13230,0,4001,9932635,152349681,10338442,0,0,5018,992252,-987234,378,23696302893,7898767936,369850863,ACTIVE,true,0,0,0
406,408,2040,false,trade_planning,65535,2036,2040,1323,1120,120,259,4815,0,13196,0,4030,9917312,151849504,10335582,0,0,5018,982170,-977152,378,23747970525,7915990482,369006113,ACTIVE,true,0,0,0
407,409,2045,false,trade_planning,65535,2041,2045,1323,1120,120,259,4815,0,13268,0,3951,9875645,152987508,10331491,0,0,5018,1011660,-1006642,378,23805184936,7935061946,367159667,ACTIVE,true,0,0,0
408,410,2050,false,trade_planning,65535,2046,2050,1321,1120,120,259,4815,0,13186,0,4027,9838461,151786420,10328888,0,0,5018,958112,-953094,378,23857282698,7952427869,365904927,ACTIVE,true,0,0,0
409,411,2055,false,trade_planning,65535,2051,2055,1321,1120,120,259,4815,0,13256,0,3949,9854989,152802949,10325350,0,0,5018,930352,-925334,378,23923897693,7974632858,366336979,ACTIVE,true,0,0,0
410,412,2060,false,trade_planning,65535,2056,2060,1320,1120,120,259,4815,0,13162,0,4039,9789605,151471395,10323260,0,0,5018,917192,-912174,378,23975634511,7991878459,363901556,ACTIVE,true,0,0,0
411,413,2065,false,trade_planning,65535,2061,2065,1319,1120,120,259,4815,0,13225,0,3970,9762192,152491924,10319880,0,0,5018,953021,-948003,378,24027466992,8009155947,362851043,ACTIVE,true,0,0,0
412,414,2070,false,trade_planning,65535,2066,2070,1318,1120,120,259,4815,0,13197,0,3993,9766920,151980766,10316420,0,0,5018,905555,-900537,378,24111254297,8037085043,363107386,ACTIVE,true,0,0,0
413,415,2075,false,trade_planning,65535,2071,2075,1317,1120,120,259,4815,0,13205,0,3981,9750189,152173695,10315014,0,0,5018,910019,-905001,379,24177257071,8059085973,362361475,ACTIVE,true,0,0,0
414,416,2080,false,trade_planning,65535,2076,2080,1316,1120,120,259,4815,0,13237,0,3940,9782179,152649831,10310198,0,0,5018,934082,-929064,379,24232352167,8077451002,364061242,ACTIVE,true,0,0,0
415,417,2085,false,trade_planning,65535,2081,2085,1316,1120,120,259,4815,0,13148,0,4021,9748856,151288005,10306135,0,0,5018,971130,-966112,379,24296801734,8098934197,363355370,ACTIVE,true,0,0,0
416,418,2090,false,trade_planning,65535,2086,2090,1316,1120,120,259,4815,0,13151,0,4004,9857558,151187272,10296775,0,0,5018,902656,-897638,379,24367147629,8122382839,369232854,ACTIVE,true,0,0,0
417,419,2095,false,trade_planning,65535,2091,2095,1316,1120,120,259,4815,0,12984,0,4155,9967813,148440336,10286946,0,0,5018,905031,-900013,379,24430188477,8143396441,374737645,ACTIVE,true,0,0,0
418,420,2100,false,trade_planning,65535,2096,2100,1315,1120,120,259,4815,0,12904,0,4228,10007699,147025346,10283036,0,0,5018,902625,-897607,379,24485878250,8161959710,376786616,ACTIVE,true,0,0,0
419,421,2105,false,trade_planning,65535,2101,2105,1315,1120,120,259,4815,0,12834,0,4295,10022214,145926143,10281576,0,0,5018,926965,-921947,379,24556331614,8185444164,377795124,ACTIVE,true,0,0,0
420,422,2110,false,trade_planning,65535,2106,2110,1315,1120,120,259,4815,0,12727,0,4399,10025368,144343830,10280147,0,0,5018,933883,-928865,379,24610891392,8203630768,378278612,ACTIVE,true,0,0,0
421,423,2115,false,trade_planning,65535,2111,2115,1315,1120,120,259,4815,0,12669,0,4455,10024346,143436666,10279414,0,0,5018,906290,-901272,379,24663182842,8221061222,378879982,ACTIVE,true,0,0,0
422,424,2120,false,trade_planning,65535,2116,2120,1315,1120,120,259,4815,0,12646,0,4477,9994777,143159634,10279360,0,0,5018,911655,-906637,379,24714669080,8238223306,378362951,ACTIVE,true,0,0,0
423,425,2125,false,trade_planning,65535,2121,2125,1314,1120,120,259,4815,0,12650,0,4471,9990737,143182225,10278636,0,0,5018,913237,-908219,379,24766828909,8255609918,378546948,ACTIVE,true,0,0,0
424,426,2130,false,trade_planning,65535,2126,2130,1314,1120,120,259,4815,0,12737,0,4380,9988263,144493566,10276518,0,0,5018,909420,-904402,379,24830917215,8276972703,379149269,ACTIVE,true,0,0,0
425,427,2135,false,trade_planning,65535,2131,2135,1312,1120,120,259,4815,0,12706,0,4407,9969854,144034371,10274559,0,0,5018,907743,-902725,379,24883252222,8294417698,377702191,ACTIVE,true,0,0,0
426,428,2140,false,trade_planning,65535,2136,2140,1312,1120,120,259,4815,0,12774,0,4334,9930192,145080984,10271729,0,0,5018,928613,-923595,379,24982048740,8327349875,377135967,ACTIVE,true,0,0,0
427,429,2145,false,trade_planning,65535,2141,2145,1311,1120,120,259,4815,0,12955,0,4152,9905389,147820293,10271606,0,0,5018,924569,-919551,379,25034595001,8344865295,376118458,ACTIVE,true,0,0,0
428,430,2150,false,trade_planning,65535,2146,2150,1311,1120,120,259,4815,0,13073,0,4033,9863212,149778803,10271460,0,0,5018,925865,-920847,379,25086016480,8362005797,374681197,ACTIVE,true,0,0,0
429,431,2155,false,trade_planning,65535,2151,2155,1311,1120,120,259,4815,0,13112,0,3991,9853871,150467632,10270169,0,0,5018,898115,-893097,379,25138068131,8379356331,373716530,ACTIVE,true,0,0,0
430,432,2160,false,trade_planning,65535,2156,2160,1311,1120,120,259,4815,0,13109,0,3992,9843764,150640614,10270128,0,0,5018,913523,-908505,379,25190050272,8396683717,373014880,ACTIVE,true,0,0,0
431,433,2165,false,trade_planning,65535,2161,2165,1311,1120,120,259,4815,0,13116,0,3984,9794277,150790628,10270060,0,0,5018,903713,-898695,379,25241453706,8413818200,370659218,ACTIVE,true,0,0,0
