epoch_row_id,epoch_id,day_index,cell_idx,q,r,s,cohort_index,handle,signature_id,profession_id,ethnicity_id,population,funds,epoch_income,epoch_expense,income_ema,satisfaction_q16,worst_need_id,is_merchant,owner_employed,employee_employed,unemployed
1,2,10,577,10,14,-24,0,4294988032,2,2,0,3,1165048,26915,64703,-5012,56462,11,0,3,0,0
1,2,10,577,10,14,-24,1,4294988033,9,9,0,43,16171693,589906,249810,59993,60989,11,0,30,0,13
1,2,10,577,10,14,-24,2,4294988034,12,12,0,23,7742454,0,318584,-47110,56464,11,0,23,0,0
1,2,10,577,10,14,-24,3,4294988035,20,20,0,1,5439036,652155,635879,-7870,56475,11,1,0,0,1
2,3,15,577,10,14,-24,0,4294988032,2,2,0,3,1131614,31730,65164,-6057,45555,10,0,3,0,0
2,3,15,577,10,14,-24,1,4294988033,9,9,0,43,16212082,506933,466544,27545,55528,10,0,28,0,15
2,3,15,577,10,14,-24,2,4294988034,12,12,0,23,7921715,538027,358766,4741,45558,10,0,23,0,0
2,3,15,577,10,14,-24,3,4294988035,20,20,0,1,5252820,920139,1106355,-26227,45576,10,1,0,0,1
3,4,20,577,10,14,-24,0,4294988032,2,2,0,3,1072138,24703,84179,-9705,51143,10,0,3,0,0
3,4,20,577,10,14,-24,1,4294988033,9,9,0,43,16393467,718159,536774,33002,58323,10,0,28,0,15
3,4,20,577,10,14,-24,2,4294988034,12,12,0,23,7785061,290489,427143,-15304,51147,10,0,5,0,18
3,4,20,577,10,14,-24,3,4294988035,20,20,0,1,5267565,1082049,1067304,-7992,51155,10,1,0,0,1
4,5,25,577,10,14,-24,0,4294988032,2,2,0,3,1023464,21378,70052,-9722,48963,10,0,3,0,0
4,5,25,577,10,14,-24,1,4294988033,9,9,0,43,16624232,744361,513596,41220,57227,10,0,28,0,15
4,5,25,577,10,14,-24,2,4294988034,12,12,0,23,7600589,238164,422636,-28797,48965,10,0,4,0,19
4,5,25,577,10,14,-24,3,4294988035,20,20,0,1,5269946,1039256,1036875,-2700,48971,10,1,0,0,1
5,6,30,577,10,14,-24,0,4294988032,2,2,0,3,970294,17815,70985,-10291,50120,10,0,3,0,0
5,6,30,577,10,14,-24,1,4294988033,9,9,0,43,16914028,814396,524600,51681,57809,10,0,28,0,15
5,6,30,577,10,14,-24,2,4294988034,12,12,0,23,7263601,106562,443550,-52921,50128,10,0,2,0,21
5,6,30,577,10,14,-24,3,4294988035,20,20,0,1,5370308,1073201,972839,11533,50147,10,1,0,0,1
6,7,35,577,10,14,-24,0,4294988032,2,2,0,3,916361,17933,71866,-10600,49728,10,0,3,0,0
6,7,35,577,10,14,-24,1,4294988033,9,9,0,43,17298899,824510,439639,67488,57611,10,0,28,0,15
6,7,35,577,10,14,-24,2,4294988034,12,12,0,23,6889476,42936,417061,-66610,49734,10,0,1,0,22
6,7,35,577,10,14,-24,3,4294988035,20,20,0,1,5413495,958917,915730,9722,49737,10,1,0,0,1
7,8,40,577,10,14,-24,0,4294988032,2,2,0,3,874512,18607,60456,-9205,49983,10,0,3,0,0
7,8,40,577,10,14,-24,1,4294988033,9,9,0,43,17591416,671667,379150,61872,57742,10,0,28,0,15
7,8,40,577,10,14,-24,2,4294988034,12,12,0,23,6686313,190573,393736,-50373,49986,10,0,23,0,0
7,8,40,577,10,14,-24,3,4294988035,20,20,0,1,5365990,861355,908860,-2293,49988,10,1,0,0,1
8,9,45,577,10,14,-24,0,4294988032,2,2,0,3,821360,16232,69384,-10094,49910,10,0,3,0,0
8,9,45,577,10,14,-24,1,4294988033,9,9,0,43,17965407,868601,494610,69950,57700,10,0,28,0,15
8,9,45,577,10,14,-24,2,4294988034,12,12,0,23,6380399,149034,454948,-57127,49913,10,0,2,0,21
8,9,45,577,10,14,-24,3,4294988035,20,20,0,1,5351065,1052527,1067452,-2724,49915,10,1,0,0,1
9,10,50,577,10,14,-24,0,4294988032,2,2,0,3,761397,18878,78841,-11280,50078,10,0,3,0,0
9,10,50,577,10,14,-24,1,4294988033,9,9,0,43,18377399,952241,540249,77729,57783,10,0,28,0,15
9,10,50,577,10,14,-24,2,4294988034,12,12,0,23,5961236,64192,483355,-73817,50079,10,0,1,0,22
9,10,50,577,10,14,-24,3,4294988035,20,20,0,1,5418199,1138463,1071329,7370,50101,10,1,0,0,1
10,11,55,577,10,14,-24,0,4294988032,2,2,0,3,696467,16418,81348,-12346,50081,10,0,3,0,0
10,11,55,577,10,14,-24,1,4294988033,9,9,0,43,18857010,1136466,656855,89099,57781,10,0,28,0,15
10,11,55,577,10,14,-24,2,4294988034,12,12,0,23,5485122,66485,542599,-87194,50084,10,0,1,0,22
10,11,55,577,10,14,-24,3,4294988035,20,20,0,1,5479632,1322369,1260936,10441,50092,10,1,0,0,1
11,12,60,577,10,14,-24,0,4294988032,2,2,0,3,631416,14879,79930,-12760,50217,10,0,3,0,0
11,12,60,577,10,14,-24,1,4294988033,9,9,0,43,19334125,1111703,634588,93051,57850,10,0,28,0,15
11,12,60,577,10,14,-24,2,4294988034,12,12,0,23,5013862,64262,535522,-91604,50219,10,0,1,0,22
11,12,60,577,10,14,-24,3,4294988035,20,20,0,1,5538828,1290976,1231780,11314,50234,10,1,0,0,1
12,13,65,577,10,14,-24,0,4294988032,2,2,0,3,570653,16187,76950,-12380,50253,10,0,3,0,0
12,13,65,577,10,14,-24,1,4294988033,9,9,0,43,19831988,1087460,589597,97126,57870,10,0,28,0,15
12,13,65,577,10,14,-24,2,4294988034,12,12,0,23,4546302,53969,521529,-92796,50255,10,0,1,0,22
12,13,65,577,10,14,-24,3,4294988035,20,20,0,1,5569288,1227307,1196847,8049,50272,10,1,0,0,1
13,14,70,577,10,14,-24,0,4294988032,2,2,0,3,516932,18832,72553,-11357,50323,10,0,3,0,0
13,14,70,577,10,14,-24,1,4294988033,9,9,0,43,20253203,854887,433672,89073,57913,10,0,28,0,15
13,14,70,577,10,14,-24,2,4294988034,12,12,0,23,4251432,174063,468933,-71656,50329,10,0,23,0,0
13,14,70,577,10,14,-24,3,4294988035,20,20,0,1,5496664,1007780,1080404,-6059,50329,10,1,0,0,1
14,15,75,577,10,14,-24,0,4294988032,2,2,0,3,455378,9330,70884,-11951,50375,10,0,3,0,0
14,15,75,577,10,14,-24,1,4294988033,9,9,0,43,20693297,888570,448476,88413,57939,10,0,28,0,15
14,15,75,577,10,14,-24,2,4294988034,12,12,0,23,3859101,87066,479397,-75912,50384,10,0,2,0,21
14,15,75,577,10,14,-24,3,4294988035,20,20,0,1,5510455,1032492,1018701,-549,50401,10,1,0,0,1
15,16,80,577,10,14,-24,0,4294988032,2,2,0,3,388416,5748,72710,-12851,50479,10,0,3,0,0
15,16,80,577,10,14,-24,1,4294988033,9,9,0,43,21152501,923637,464433,90554,57988,10,0,28,0,15
15,16,80,577,10,14,-24,2,4294988034,12,12,0,23,3438528,73341,493914,-81038,50480,10,0,1,0,22
15,16,80,577,10,14,-24,3,4294988035,20,20,0,1,5538786,1065966,1037635,3336,50506,10,1,0,0,1
16,17,85,577,10,14,-24,0,4294988032,2,2,0,3,315443,1579,74552,-13940,50565,10,0,3,0,0
16,17,85,577,10,14,-24,1,4294988033,9,9,0,43,21628926,958978,482553,93510,58035,10,0,28,0,15
16,17,85,577,10,14,-24,2,4294988034,12,12,0,23,2989910,60937,509555,-86465,50574,10,0,1,0,22
16,17,85,577,10,14,-24,3,4294988035,20,20,0,1,5583952,1102842,1057676,6896,50583,10,1,0,0,1
17,18,90,577,10,14,-24,0,4294988032,2,2,0,3,243987,4771,76227,-14158,50661,10,0,3,0,0
17,18,90,577,10,14,-24,1,4294988033,9,9,0,43,22123803,994875,499998,96925,58083,10,0,28,0,15
17,18,90,577,10,14,-24,2,4294988034,12,12,0,23,2529009,63575,524476,-90036,50673,10,0,1,0,22
17,18,90,577,10,14,-24,3,4294988035,20,20,0,1,5621432,1138163,1100683,7271,50696,10,1,0,0,1
18,19,95,577,10,14,-24,0,4294988032,2,2,0,3,170988,3409,76408,-14433,50828,10,0,3,0,0
18,19,95,577,10,14,-24,1,4294988033,9,9,0,43,22659672,1031058,495189,103329,58161,10,0,28,0,15
18,19,95,577,10,14,-24,2,4294988034,12,12,0,23,1987730,0,541279,-101422,50828,10,0,1,0,22
18,19,95,577,10,14,-24,3,4294988035,20,20,0,1,5699841,1150680,1072271,12526,50832,10,1,0,0,1
19,20,100,577,10,14,-24,0,4294988032,2,2,0,3,100064,4784,75708,-14277,50962,11,0,3,0,0
19,20,100,577,10,14,-24,1,4294988033,9,9,0,43,23248230,1066038,477480,112317,58234,11,0,28,0,15
19,20,100,577,10,14,-24,2,4294988034,12,12,0,23,1448854,0,538876,-105392,50975,11,0,23,0,0
19,20,100,577,10,14,-24,3,4294988035,20,20,0,1,5721083,1127951,1106709,7352,50981,11,1,0,0,1
20,21,105,577,10,14,-24,0,4294988032,2,2,0,3,30373,7645,77336,-14064,51140,10,0,3,0,0
20,21,105,577,10,14,-24,1,4294988033,9,9,0,43,23829492,1099961,518699,114775,58322,10,0,28,0,15
20,21,105,577,10,14,-24,2,4294988034,12,12,0,23,920567,25522,553809,-105557,51150,10,0,23,0,0
20,21,105,577,10,14,-24,3,4294988035,20,20,0,1,5737799,1189262,1172546,4846,51178,10,1,0,0,1
21,22,110,577,10,14,-24,0,4294988032,2,2,0,3,5966,11251,35658,-8324,22132,10,0,3,0,0
21,22,110,577,10,14,-24,1,4294988033,9,9,0,43,24380910,1132091,580673,111966,59390,10,0,28,0,15
21,22,110,577,10,14,-24,2,4294988034,12,12,0,23,492276,164712,593003,-93119,53281,10,0,23,0,0
21,22,110,577,10,14,-24,3,4294988035,20,20,0,1,5639079,1253215,1351935,-10523,53283,10,1,0,0,1
22,23,115,577,10,14,-24,0,4294988032,2,2,0,3,100,5741,11607,-3854,7475,10,0,3,0,0
22,23,115,577,10,14,-24,1,4294988033,9,9,0,43,24827817,1101237,654330,97850,62030,10,0,28,0,15
22,23,115,577,10,14,-24,2,4294988034,12,12,0,23,51866,59981,500391,-89970,45348,10,0,4,0,19
22,23,115,577,10,14,-24,3,4294988035,20,20,0,1,5638448,1215694,1216325,-4024,58566,10,1,0,0,1
23,24,120,577,10,14,-24,0,4294988032,2,2,0,3,0,2205,2305,-1457,1986,10,0,3,0,0
23,24,120,577,10,14,-24,1,4294988033,9,9,0,43,25020607,939412,746622,60791,65535,10,0,17,0,26
23,24,120,577,10,14,-24,2,4294988034,12,12,0,23,0,40733,92599,-40221,9270,10,0,1,0,22
23,24,120,577,10,14,-24,3,4294988035,20,20,0,1,5497624,897705,1038529,-19111,65535,10,1,0,0,1
24,25,125,577,10,14,-24,0,4294988032,2,2,0,3,0,2455,2455,-546,1920,5,0,3,0,0
24,25,125,577,10,14,-24,1,4294988033,9,9,0,43,25076781,1299009,1242835,29817,59973,5,0,12,0,31
24,25,125,577,10,14,-24,2,4294988034,12,12,0,22,0,0,0,-15082,0,13,0,1,0,21
24,25,125,577,10,14,-24,3,4294988035,20,20,0,1,5441450,1326184,1382358,-14187,55013,5,1,0,0,1
25,26,130,577,10,14,-24,0,4294988032,2,2,0,3,0,2083,2083,-204,1181,11,0,3,0,0
25,26,130,577,10,14,-24,1,4294988033,9,9,0,43,24790646,580091,866226,-24585,58274,11,0,20,0,23
25,26,130,577,10,14,-24,2,4294988034,12,12,0,22,0,0,0,-5655,0,13,0,22,0,0
25,26,130,577,10,14,-24,3,4294988035,20,20,0,1,5727585,923428,637293,30446,51036,11,1,0,0,1
26,27,135,577,10,14,-24,0,4294988032,2,2,0,3,376,2947,2571,-30,1797,11,0,3,0,0
26,27,135,577,10,14,-24,1,4294988033,9,9,0,43,24803074,672209,659781,-7666,61205,11,0,24,0,19
26,27,135,577,10,14,-24,2,4294988034,12,12,0,21,0,0,0,-2120,0,13,0,22,0,0
26,27,135,577,10,14,-24,3,4294988035,20,20,0,1,5714781,711455,724259,9817,56889,11,1,0,0,1
27,28,140,577,10,14,-24,0,4294988032,2,2,0,3,1316,7450,6510,106,4135,11,0,3,0,0
27,28,140,577,10,14,-24,1,4294988033,9,9,0,43,24815875,662360,649559,-1274,59837,11,0,26,0,17
27,28,140,577,10,14,-24,2,4294988034,12,12,0,21,0,0,0,-795,0,13,0,21,0,0
27,28,140,577,10,14,-24,3,4294988035,20,20,0,1,5701040,704346,718087,1964,54175,11,1,0,0,1
28,29,145,577,10,14,-24,0,4294988032,2,2,0,3,2067,12231,11480,132,6876,11,0,3,0,0
28,29,145,577,10,14,-24,1,4294988033,9,9,0,43,24834118,704636,686393,1803,60481,11,0,27,0,16
28,29,145,577,10,14,-24,2,4294988034,12,12,0,20,0,0,0,-298,0,13,0,21,0,0
28,29,145,577,10,14,-24,3,4294988035,20,20,0,1,5682046,748908,767902,-1637,55473,11,1,0,0,1
29,30,150,577,10,14,-24,0,4294988032,2,2,0,3,1194,6301,7174,-59,4255,11,0,3,0,0
29,30,150,577,10,14,-24,1,4294988033,9,9,0,43,24847340,724632,711410,2328,60606,11,0,27,0,16
29,30,150,577,10,14,-24,2,4294988034,12,12,0,20,0,0,0,-111,0,13,0,20,0,0
29,30,150,577,10,14,-24,3,4294988035,20,20,0,1,5669697,771400,783749,-2156,55718,11,1,0,0,1
30,31,155,577,10,14,-24,0,4294988032,2,2,0,3,1914,10917,10197,68,5730,11,0,3,0,0
30,31,155,577,10,14,-24,1,4294988033,9,9,0,43,24863797,743320,726863,2929,60182,11,0,27,0,16
30,31,155,577,10,14,-24,2,4294988034,12,12,0,19,0,0,0,-41,0,13,0,20,0,0
30,31,155,577,10,14,-24,3,4294988035,20,20,0,1,5652520,791049,808226,-2954,54867,11,1,0,0,1
31,32,160,577,10,14,-24,0,4294988032,2,2,0,3,1469,7731,8176,-30,4425,11,0,3,0,0
31,32,160,577,10,14,-24,1,4294988033,9,9,0,43,24877611,781424,767610,2824,60311,11,0,27,0,16
31,32,160,577,10,14,-24,2,4294988034,12,12,0,19,0,0,0,-15,0,13,0,19,0,0
31,32,160,577,10,14,-24,3,4294988035,20,20,0,1,5639151,832761,846130,-2777,55132,11,1,0,0,1
32,33,165,577,10,14,-24,0,4294988032,2,2,0,3,1897,10389,9961,42,5089,11,0,3,0,0
32,33,165,577,10,14,-24,1,4294988033,9,9,0,43,24893744,815964,799831,3075,60140,11,0,27,0,16
32,33,165,577,10,14,-24,2,4294988034,12,12,0,18,0,0,0,-5,0,13,0,19,0,0
32,33,165,577,10,14,-24,3,4294988035,20,20,0,1,5622590,869175,885736,-3111,54801,11,1,0,0,1
33,34,170,577,10,14,-24,0,4294988032,2,2,0,3,2092,11466,11271,39,5456,11,0,3,0,0
33,34,170,577,10,14,-24,1,4294988033,9,9,0,43,24910668,859738,842814,3268,60221,11,0,27,0,16
33,34,170,577,10,14,-24,2,4294988034,12,12,0,18,0,0,0,-1,0,13,0,18,0,0
33,34,170,577,10,14,-24,3,4294988035,20,20,0,1,5605471,916607,933726,-3305,54933,11,1,0,0,1
34,35,175,577,10,14,-24,0,4294988032,2,2,0,3,2445,13308,12955,57,5936,11,0,3,0,0
34,35,175,577,10,14,-24,1,4294988033,9,9,0,43,24929903,901519,882284,3629,60170,11,0,27,0,16
34,35,175,577,10,14,-24,2,4294988034,12,12,0,17,0,0,0,0,0,13,0,18,0,0
34,35,175,577,10,14,-24,3,4294988035,20,20,0,1,5585883,960669,980257,-3687,54834,11,1,0,0,1
35,36,180,577,10,14,-24,0,4294988032,2,2,0,3,2002,10704,11147,-34,4891,11,0,3,0,0
35,36,180,577,10,14,-24,1,4294988033,9,9,0,43,24948013,947674,929564,3623,60283,11,0,27,0,16
35,36,180,577,10,14,-24,2,4294988034,12,12,0,17,0,0,0,0,0,13,0,17,0,0
35,36,180,577,10,14,-24,3,4294988035,20,20,0,1,5568216,1009637,1027304,-3590,55066,11,1,0,0,1
36,37,185,577,10,14,-24,0,4294988032,2,2,0,2,2139,11775,11638,4,4859,11,0,3,0,0
36,37,185,577,10,14,-24,1,4294988033,9,9,0,43,24967378,990376,971011,3778,60181,11,0,27,0,16
36,37,185,577,10,14,-24,2,4294988034,12,12,0,17,0,0,0,0,0,13,0,17,0,0
36,37,185,577,10,14,-24,3,4294988035,20,20,0,1,5548714,1054656,1074158,-3783,54867,11,1,0,0,1
37,38,190,577,10,14,-24,0,4294988032,2,2,0,2,306,0,1833,-227,1146,11,0,2,0,0
37,38,190,577,10,14,-24,1,4294988033,9,9,0,43,24978426,1040926,1029878,2796,60485,11,0,27,0,16
37,38,190,577,10,14,-24,2,4294988034,12,12,0,16,0,0,0,0,0,13,0,17,0,0
37,38,190,577,10,14,-24,3,4294988035,20,20,0,1,5539499,1108092,1117307,-2569,55463,11,1,0,0,1
38,39,195,577,10,14,-24,0,4294988032,2,2,0,2,40,0,266,-118,120,11,0,2,0,0
38,39,195,577,10,14,-24,1,4294988033,9,9,0,43,25000472,1077792,1055746,3803,60192,11,0,27,0,16
38,39,195,577,10,14,-24,2,4294988034,12,12,0,16,0,0,0,0,0,13,0,16,0,0
38,39,195,577,10,14,-24,3,4294988035,20,20,0,1,5517719,1134726,1156506,-3685,54900,11,1,0,0,1
39,40,200,577,10,14,-24,0,4294988032,2,2,0,2,1,0,39,-48,0,13,0,2,0,0
39,40,200,577,10,14,-24,1,4294988033,9,9,0,43,25023474,1134409,1111407,4301,60279,11,0,27,0,16
39,40,200,577,10,14,-24,2,4294988034,12,12,0,15,0,0,0,0,0,13,0,16,0,0
39,40,200,577,10,14,-24,3,4294988035,20,20,0,1,5494756,1194270,1217233,-4251,55066,11,1,0,0,1
40,41,205,577,10,14,-24,0,4294988032,2,2,0,2,1,0,0,-18,0,13,0,2,0,0
40,41,205,577,10,14,-24,1,4294988033,9,9,0,43,25046506,1136888,1113856,4490,60247,11,0,27,0,16
40,41,205,577,10,14,-24,2,4294988034,12,12,0,15,0,0,0,0,0,13,0,15,0,0
40,41,205,577,10,14,-24,3,4294988035,20,20,0,1,5471724,1196856,1219888,-4472,54999,11,1,0,0,1
41,42,210,577,10,14,-24,0,4294988032,2,2,0,2,1,0,0,-6,0,13,0,2,0,0
41,42,210,577,10,14,-24,1,4294988033,9,9,0,43,25069566,1137363,1114303,4565,60256,11,0,27,0,16
41,42,210,577,10,14,-24,2,4294988034,12,12,0,15,0,0,0,0,0,13,0,15,0,0
41,42,210,577,10,14,-24,3,4294988035,20,20,0,1,5448664,1197353,1220413,-4559,55033,11,1,0,0,1
42,43,215,577,10,14,-24,0,4294988032,2,2,0,2,1,0,0,-2,0,13,0,2,0,0
42,43,215,577,10,14,-24,1,4294988033,9,9,0,43,25092588,1137173,1114151,4588,60250,11,0,27,0,16
42,43,215,577,10,14,-24,2,4294988034,12,12,0,14,0,0,0,0,0,13,0,15,0,0
42,43,215,577,10,14,-24,3,4294988035,20,20,0,1,5425642,1197151,1220173,-4586,54999,11,1,0,0,1
43,44,220,577,10,14,-24,0,4294988032,2,2,0,2,1,0,0,0,0,13,0,2,0,0
43,44,220,577,10,14,-24,1,4294988033,9,9,0,43,25115645,1137506,1114449,4601,60256,11,0,27,0,16
43,44,220,577,10,14,-24,2,4294988034,12,12,0,14,0,0,0,0,0,13,0,14,0,0
43,44,220,577,10,14,-24,3,4294988035,20,20,0,1,5402585,1197499,1220556,-4600,55033,11,1,0,0,1
44,45,225,577,10,14,-24,0,4294988032,2,2,0,2,1,0,0,0,0,13,0,2,0,0
44,45,225,577,10,14,-24,1,4294988033,9,9,0,43,25138709,1137411,1114347,4607,60253,11,0,27,0,16
44,45,225,577,10,14,-24,2,4294988034,12,12,0,14,0,0,0,0,0,13,0,14,0,0
44,45,225,577,10,14,-24,3,4294988035,20,20,0,1,5379521,1197397,1220461,-4607,55033,11,1,0,0,1
45,46,230,577,10,14,-24,0,4294988032,2,2,0,2,1,0,0,0,0,13,0,2,0,0
45,46,230,577,10,14,-24,1,4294988033,9,9,0,43,25161775,1137411,1114345,4610,60252,11,0,27,0,16
45,46,230,577,10,14,-24,2,4294988034,12,12,0,13,0,0,0,0,0,13,0,14,0,0
45,46,230,577,10,14,-24,3,4294988035,20,20,0,1,5356455,1197395,1220461,-4610,55033,11,1,0,0,1
46,47,235,577,10,14,-24,0,4294988032,2,2,0,2,1,0,0,0,0,13,0,2,0,0
46,47,235,577,10,14,-24,1,4294988033,9,9,0,43,25184792,1137411,1114394,4604,60251,11,0,27,0,16
46,47,235,577,10,14,-24,2,4294988034,12,12,0,13,0,0,0,0,0,13,0,13,0,0
46,47,235,577,10,14,-24,3,4294988035,20,20,0,1,5333438,1197394,1220411,-4604,54999,11,1,0,0,1
47,48,240,577,10,14,-24,0,4294988032,2,2,0,2,1,0,0,0,0,13,0,2,0,0
47,48,240,577,10,14,-24,1,4294988033,9,9,0,43,25207847,1137648,1114593,4607,60255,11,0,27,0,16
47,48,240,577,10,14,-24,2,4294988034,12,12,0,13,0,0,0,0,0,13,0,13,0,0
47,48,240,577,10,14,-24,3,4294988035,20,20,0,1,5310383,1197643,1220698,-4607,55033,11,1,0,0,1
48,49,245,577,10,14,-24,0,4294988032,2,2,0,2,1,0,0,0,0,13,0,2,0,0
48,49,245,577,10,14,-24,1,4294988033,9,9,0,43,25230858,1137553,1114542,4603,60252,11,0,27,0,16
48,49,245,577,10,14,-24,2,4294988034,12,12,0,12,0,0,0,0,0,13,0,13,0,0
48,49,245,577,10,14,-24,3,4294988035,20,20,0,1,5287372,1197542,1220553,-4603,54999,11,1,0,0,1
49,50,250,577,10,14,-24,0,4294988032,2,2,0,2,1,0,0,0,0,13,0,2,0,0
49,50,250,577,10,14,-24,1,4294988033,9,9,0,43,25253914,1137648,1114592,4607,60252,11,0,27,0,16
49,50,250,577,10,14,-24,2,4294988034,12,12,0,12,0,0,0,0,0,13,0,12,0,0
49,50,250,577,10,14,-24,3,4294988035,20,20,0,1,5264316,1197642,1220698,-4607,55033,11,1,0,0,1
50,51,255,577,10,14,-24,0,4294988032,2,2,0,2,1,0,0,0,0,13,0,2,0,0
50,51,255,577,10,14,-24,1,4294988033,9,9,0,43,25276926,1137553,1114541,4603,60250,11,0,27,0,16
50,51,255,577,10,14,-24,2,4294988034,12,12,0,12,0,0,0,0,0,13,0,12,0,0
50,51,255,577,10,14,-24,3,4294988035,20,20,0,1,5241304,1197541,1220553,-4603,54999,11,1,0,0,1
51,52,260,577,10,14,-24,0,4294988032,2,2,0,2,1,11,11,0,0,13,0,2,0,0
51,52,260,577,10,14,-24,1,4294988033,9,9,0,43,25299985,1137886,1114827,4607,60255,11,0,27,0,16
51,52,260,577,10,14,-24,2,4294988034,12,12,0,11,0,0,0,0,0,13,0,12,0,0
51,52,260,577,10,14,-24,3,4294988035,20,20,0,1,5218245,1197888,1220947,-4607,55033,11,1,0,0,1
52,53,265,577,10,14,-24,0,4294988032,2,2,0,2,1,11,11,0,0,13,0,2,0,0
52,53,265,577,10,14,-24,1,4294988033,9,9,0,43,25323081,1137696,1114600,4613,60249,11,0,27,0,16
52,53,265,577,10,14,-24,2,4294988034,12,12,0,11,0,0,0,0,0,13,0,11,0,0
52,53,265,577,10,14,-24,3,4294988035,20,20,0,1,5195149,1197611,1220707,-4613,54999,11,1,0,0,1
53,54,270,577,10,14,-24,0,4294988032,2,2,0,2,1,11,11,0,0,13,0,2,0,0
53,54,270,577,10,14,-24,1,4294988033,9,9,0,43,25346172,1137791,1114700,4615,60251,11,0,27,0,16
53,54,270,577,10,14,-24,2,4294988034,12,12,0,11,0,0,0,0,0,13,0,11,0,0
53,54,270,577,10,14,-24,3,4294988035,20,20,0,1,5172058,1197711,1220802,-4615,54999,11,1,0,0,1
54,55,275,577,10,14,-24,0,4294988032,2,2,0,2,1,11,11,0,0,13,0,2,0,0
54,55,275,577,10,14,-24,1,4294988033,9,9,0,43,25369300,1138028,1114900,4620,60255,11,0,27,0,16
54,55,275,577,10,14,-24,2,4294988034,12,12,0,11,0,0,0,0,0,13,0,11,0,0
54,55,275,577,10,14,-24,3,4294988035,20,20,0,1,5148930,1197961,1221089,-4620,55033,11,1,0,0,1
55,56,280,577,10,14,-24,0,4294988032,2,2,0,2,1,11,11,0,0,13,0,2,0,0
55,56,280,577,10,14,-24,1,4294988033,9,9,0,43,25392383,1137933,1114850,4617,60252,11,0,27,0,16
55,56,280,577,10,14,-24,2,4294988034,12,12,0,10,0,0,0,0,0,13,0,11,0,0
55,56,280,577,10,14,-24,3,4294988035,20,20,0,1,5125847,1197861,1220944,-4617,54999,11,1,0,0,1
56,57,285,577,10,14,-24,0,4294988032,2,2,0,1,1,11,11,0,0,13,0,2,0,0
56,57,285,577,10,14,-24,1,4294988033,9,9,0,43,25415466,1137933,1114850,4616,60250,11,0,27,0,16
56,57,285,577,10,14,-24,2,4294988034,12,12,0,10,0,0,0,0,0,13,0,10,0,0
56,57,285,577,10,14,-24,3,4294988035,20,20,0,1,5102764,1197861,1220944,-4616,54999,11,1,0,0,1
57,58,290,577,10,14,-24,0,4294988032,2,2,0,1,1,0,0,0,0,13,0,1,0,0
57,58,290,577,10,14,-24,1,4294988033,9,9,0,43,25438549,1137933,1114850,4616,60249,11,0,27,0,16
57,58,290,577,10,14,-24,2,4294988034,12,12,0,10,0,0,0,0,0,13,0,10,0,0
57,58,290,577,10,14,-24,3,4294988035,20,20,0,1,5079681,1197850,1220933,-4616,54999,11,1,0,0,1
58,59,295,577,10,14,-24,0,4294988032,2,2,0,1,1,0,0,0,0,13,0,1,0,0
58,59,295,577,10,14,-24,1,4294988033,9,9,0,43,25461670,1138171,1115050,4621,60252,11,0,27,0,16
58,59,295,577,10,14,-24,2,4294988034,12,12,0,10,0,0,0,0,0,13,0,10,0,0
58,59,295,577,10,14,-24,3,4294988035,20,20,0,1,5056560,1198100,1221221,-4621,55033,11,1,0,0,1
59,60,300,577,10,14,-24,0,4294988032,2,2,0,1,1,0,0,0,0,13,0,1,0,0
59,60,300,577,10,14,-24,1,4294988033,9,9,0,43,25484746,1138076,1115000,4616,60250,11,0,27,0,16
59,60,300,577,10,14,-24,2,4294988034,12,12,0,9,0,0,0,0,0,13,0,10,0,0
59,60,300,577,10,14,-24,3,4294988035,20,20,0,1,5033484,1198000,1221076,-4616,54999,11,1,0,0,1
60,61,305,577,10,14,-24,0,4294988032,2,2,0,1,1,0,0,0,0,13,0,1,0,0
60,61,305,577,10,14,-24,1,4294988033,9,9,0,43,25507822,1138076,1115000,4615,60248,11,0,27,0,16
60,61,305,577,10,14,-24,2,4294988034,12,12,0,9,0,0,0,0,0,13,0,9,0,0
60,61,305,577,10,14,-24,3,4294988035,20,20,0,1,5010408,1198000,1221076,-4615,54999,11,1,0,0,1
61,62,310,577,10,14,-24,0,4294988032,2,2,0,1,1,0,0,0,0,13,0,1,0,0
61,62,310,577,10,14,-24,1,4294988033,9,9,0,43,25530885,1138313,1115250,4612,60253,11,0,27,0,16
61,62,310,577,10,14,-24,2,4294988034,12,12,0,9,0,0,0,0,0,13,0,9,0,0
61,62,310,577,10,14,-24,3,4294988035,20,20,0,1,4987345,1198250,1221313,-4612,54999,11,1,0,0,1
62,63,315,577,10,14,-24,0,4294988032,2,2,0,1,1,0,0,0,0,13,0,1,0,0
62,63,315,577,10,14,-24,1,4294988033,9,9,0,43,25553953,1138218,1115150,4612,60248,11,0,27,0,16
62,63,315,577,10,14,-24,2,4294988034,12,12,0,9,0,0,0,0,0,13,0,9,0,0
62,63,315,577,10,14,-24,3,4294988035,20,20,0,1,4964277,1198150,1221218,-4612,54999,11,1,0,0,1
63,64,320,577,10,14,-24,0,4294988032,2,2,0,1,1,0,0,0,0,13,0,1,0,0
63,64,320,577,10,14,-24,1,4294988033,9,9,0,43,25577016,1138313,1115250,4611,60251,11,0,27,0,16
63,64,320,577,10,14,-24,2,4294988034,12,12,0,8,0,0,0,0,0,13,0,9,0,0
63,64,320,577,10,14,-24,3,4294988035,20,20,0,1,4941214,1198250,1221313,-4611,54999,11,1,0,0,1
64,65,325,577,10,14,-24,0,4294988032,2,2,0,1,1,0,0,0,0,13,0,1,0,0
64,65,325,577,10,14,-24,1,4294988033,9,9,0,43,25600084,1138218,1115150,4612,60246,11,0,27,0,16
64,65,325,577,10,14,-24,2,4294988034,12,12,0,8,0,0,0,0,0,13,0,8,0,0
64,65,325,577,10,14,-24,3,4294988035,20,20,0,1,4918146,1198150,1221218,-4612,54999,11,1,0,0,1
65,66,330,577,10,14,-24,0,4294988032,2,2,0,1,1,0,0,0,0,13,0,1,0,0
65,66,330,577,10,14,-24,1,4294988033,9,9,0,43,25623185,1138551,1115450,4616,60253,11,0,27,0,16
65,66,330,577,10,14,-24,2,4294988034,12,12,0,8,0,0,0,0,0,13,0,8,0,0
65,66,330,577,10,14,-24,3,4294988035,20,20,0,1,4895045,1198500,1221601,-4616,55033,11,1,0,0,1
66,67,335,577,10,14,-24,0,4294988032,2,2,0,1,1,0,0,0,0,13,0,1,0,0
66,67,335,577,10,14,-24,1,4294988033,9,9,0,43,25646246,1138361,1115300,4613,60247,11,0,27,0,16
66,67,335,577,10,14,-24,2,4294988034,12,12,0,8,0,0,0,0,0,13,0,8,0,0
66,67,335,577,10,14,-24,3,4294988035,20,20,0,1,4871984,1198300,1221361,-4613,54999,11,1,0,0,1
67,68,340,577,10,14,-24,0,4294988032,2,2,0,1,1,0,0,0,0,13,0,1,0,0
67,68,340,577,10,14,-24,1,4294988033,9,9,0,43,25669302,1138456,1115400,4610,60248,11,0,27,0,16
67,68,340,577,10,14,-24,2,4294988034,12,12,0,8,0,0,0,0,0,13,0,8,0,0
67,68,340,577,10,14,-24,3,4294988035,20,20,0,1,4848928,1198400,1221456,-4610,54999,11,1,0,0,1
68,69,345,577,10,14,-24,0,4294988032,2,2,0,1,1,0,0,0,0,13,0,1,0,0
68,69,345,577,10,14,-24,1,4294988033,9,9,0,43,25692358,1138456,1115400,4609,60246,11,0,27,0,16
68,69,345,577,10,14,-24,2,4294988034,12,12,0,7,0,0,0,0,0,13,0,8,0,0
68,69,345,577,10,14,-24,3,4294988035,20,20,0,1,4825872,1198400,1221456,-4609,54999,11,1,0,0,1
69,70,350,577,10,14,-24,0,4294988032,2,2,0,1,1,0,0,0,0,13,0,1,0,0
69,70,350,577,10,14,-24,1,4294988033,9,9,0,43,25715401,1138693,1115650,4608,60251,11,0,27,0,16
69,70,350,577,10,14,-24,2,4294988034,12,12,0,7,0,0,0,0,0,13,0,7,0,0
69,70,350,577,10,14,-24,3,4294988035,20,20,0,1,4802829,1198650,1221693,-4608,54999,11,1,0,0,1
70,71,355,577,10,14,-24,0,4294988032,2,2,0,1,1,0,0,0,0,13,0,1,0,0
70,71,355,577,10,14,-24,1,4294988033,9,9,0,43,25738449,1138598,1115550,4608,60248,11,0,27,0,16
70,71,355,577,10,14,-24,2,4294988034,12,12,0,7,0,0,0,0,0,13,0,7,0,0
70,71,355,577,10,14,-24,3,4294988035,20,20,0,1,4779781,1198550,1221598,-4608,54999,11,1,0,0,1
71,72,360,577,10,14,-24,0,4294988032,2,2,0,1,1,0,0,0,0,13,0,1,0,0
71,72,360,577,10,14,-24,1,4294988033,9,9,0,43,25761497,1138598,1115550,4608,60247,11,0,27,0,16
71,72,360,577,10,14,-24,2,4294988034,12,12,0,7,0,0,0,0,0,13,0,7,0,0
71,72,360,577,10,14,-24,3,4294988035,20,20,0,1,4756733,1198550,1221598,-4608,54999,11,1,0,0,1
72,73,365,577,10,14,-24,0,4294988032,2,2,0,1,1,0,0,0,0,13,0,1,0,0
72,73,365,577,10,14,-24,1,4294988033,9,9,0,43,25784545,1138598,1115550,4608,60245,11,0,27,0,16
72,73,365,577,10,14,-24,2,4294988034,12,12,0,7,0,0,0,0,0,13,0,7,0,0
72,73,365,577,10,14,-24,3,4294988035,20,20,0,1,4733685,1198550,1221598,-4608,54999,11,1,0,0,1
73,74,370,577,10,14,-24,0,4294988032,2,2,0,1,1,0,0,0,0,13,0,1,0,0
73,74,370,577,10,14,-24,1,4294988033,9,9,0,43,25807581,1138836,1115800,4607,60250,11,0,27,0,16
73,74,370,577,10,14,-24,2,4294988034,12,12,0,6,0,0,0,0,0,13,0,7,0,0
73,74,370,577,10,14,-24,3,4294988035,20,20,0,1,4710649,1198800,1221836,-4607,54999,11,1,0,0,1
74,75,375,577,10,14,-24,0,4294988032,2,2,0,1,1,0,0,0,0,13,0,1,0,0
74,75,375,577,10,14,-24,1,4294988033,9,9,0,43,25830622,1138741,1115700,4607,60247,11,0,27,0,16
74,75,375,577,10,14,-24,2,4294988034,12,12,0,6,0,0,0,0,0,13,0,6,0,0
74,75,375,577,10,14,-24,3,4294988035,20,20,0,1,4687608,1198700,1221741,-4607,54999,11,1,0,0,1
75,76,380,577,10,14,-24,0,4294988032,2,2,0,1,1,0,0,0,0,13,0,1,0,0
75,76,380,577,10,14,-24,1,4294988033,9,9,0,43,25853608,1138836,1115850,4600,60249,11,0,27,0,16
75,76,380,577,10,14,-24,2,4294988034,12,12,0,6,0,0,0,0,0,13,0,6,0,0
75,76,380,577,10,14,-24,3,4294988035,20,20,0,1,4664622,1198800,1221786,-4600,54994,11,1,0,0,1
76,77,385,577,10,14,-24,0,4294988032,2,2,0,1,1,0,0,0,0,13,0,1,0,0
76,77,385,577,10,14,-24,1,4294988033,9,9,0,43,25876599,1138741,1115750,4598,60245,11,0,27,0,16
76,77,385,577,10,14,-24,2,4294988034,12,12,0,6,0,0,0,0,0,13,0,6,0,0
76,77,385,577,10,14,-24,3,4294988035,20,20,0,1,4641631,1198700,1221691,-4598,54994,11,1,0,0,1
77,78,390,577,10,14,-24,0,4294988032,2,2,0,1,1,0,0,0,0,13,0,1,0,0
77,78,390,577,10,14,-24,1,4294988033,9,9,0,43,25899572,1139073,1116100,4595,60251,11,0,27,0,16
77,78,390,577,10,14,-24,2,4294988034,12,12,0,6,0,0,0,0,0,13,0,6,0,0
77,78,390,577,10,14,-24,3,4294988035,20,20,0,1,4618658,1199050,1222023,-4595,55022,11,1,0,0,1
78,79,395,577,10,14,-24,0,4294988032,2,2,0,1,1,0,0,0,0,13,0,1,0,0
78,79,395,577,10,14,-24,1,4294988033,9,9,0,43,25922505,1138883,1115950,4589,60247,11,0,27,0,16
78,79,395,577,10,14,-24,2,4294988034,12,12,0,6,0,0,0,0,0,13,0,6,0,0
78,79,395,577,10,14,-24,3,4294988035,20,20,0,1,4595725,1198850,1221783,-4589,55017,11,1,0,0,1
79,80,400,577,10,14,-24,0,4294988032,2,2,0,1,1,0,0,0,0,13,0,1,0,0
79,80,400,577,10,14,-24,1,4294988033,9,9,0,43,25945383,1138978,1116100,4579,60248,11,0,27,0,16
79,80,400,577,10,14,-24,2,4294988034,12,12,0,6,0,0,0,0,0,13,0,6,0,0
79,80,400,577,10,14,-24,3,4294988035,20,20,0,1,4572847,1198950,1221828,-4579,55011,11,1,0,0,1
80,81,405,577,10,14,-24,0,4294988032,2,2,0,1,1,0,0,0,0,13,0,1,0,0
80,81,405,577,10,14,-24,1,4294988033,9,9,0,43,25968211,1138978,1116150,4570,60248,11,0,27,0,16
80,81,405,577,10,14,-24,2,4294988034,12,12,0,5,0,0,0,0,0,13,0,6,0,0
80,81,405,577,10,14,-24,3,4294988035,20,20,0,1,4550019,1198950,1221778,-4570,55006,11,1,0,0,1
81,82,410,577,10,14,-24,0,4294988032,2,2,0,1,1,0,0,0,0,13,0,1,0,0
81,82,410,577,10,14,-24,1,4294988033,9,9,0,43,25991039,1138978,1116150,4566,60246,11,0,27,0,16
81,82,410,577,10,14,-24,2,4294988034,12,12,0,5,0,0,0,0,0,13,0,5,0,0
81,82,410,577,10,14,-24,3,4294988035,20,20,0,1,4527191,1198950,1221778,-4566,55006,11,1,0,0,1
82,83,415,577,10,14,-24,0,4294988032,2,2,0,1,1,0,0,0,0,13,0,1,0,0
82,83,415,577,10,14,-24,1,4294988033,9,9,0,43,26013817,1138978,1116200,4558,60247,11,0,27,0,16
82,83,415,577,10,14,-24,2,4294988034,12,12,0,5,0,0,0,0,0,13,0,5,0,0
82,83,415,577,10,14,-24,3,4294988035,20,20,0,1,4504413,1198950,1221728,-4558,55001,11,1,0,0,1
83,84,420,577,10,14,-24,0,4294988032,2,2,0,1,1,0,0,0,0,13,0,1,0,0
83,84,420,577,10,14,-24,1,4294988033,9,9,0,43,26036545,1138978,1116250,4549,60247,11,0,27,0,16
83,84,420,577,10,14,-24,2,4294988034,12,12,0,5,0,0,0,0,0,13,0,5,0,0
83,84,420,577,10,14,-24,3,4294988035,20,20,0,1,4481685,1198950,1221678,-4549,54995,11,1,0,0,1
84,85,425,577,10,14,-24,0,4294988032,2,2,0,1,1,0,0,0,0,13,0,1,0,0
84,85,425,577,10,14,-24,1,4294988033,9,9,0,43,26059223,1138978,1116300,4539,60246,11,0,27,0,16
84,85,425,577,10,14,-24,2,4294988034,12,12,0,5,0,0,0,0,0,13,0,5,0,0
84,85,425,577,10,14,-24,3,4294988035,20,20,0,1,4459007,1198950,1221628,-4539,54990,11,1,0,0,1
85,86,430,577,10,14,-24,0,4294988032,2,2,0,1,1,0,0,0,0,13,0,1,0,0
85,86,430,577,10,14,-24,1,4294988033,9,9,0,43,26081889,1139216,1116550,4535,60252,11,0,27,0,16
85,86,430,577,10,14,-24,2,4294988034,12,12,0,5,0,0,0,0,0,13,0,5,0,0
85,86,430,577,10,14,-24,3,4294988035,20,20,0,1,4436341,1199200,1221866,-4535,55018,11,1,0,0,1
86,87,435,577,10,14,-24,0,4294988032,2,2,0,1,1,0,0,0,0,13,0,1,0,0
86,87,435,577,10,14,-24,1,4294988033,9,9,0,43,26104522,1138883,1116250,4528,60244,11,0,27,0,16
86,87,435,577,10,14,-24,2,4294988034,12,12,0,5,0,0,0,0,0,13,0,5,0,0
86,87,435,577,10,14,-24,3,4294988035,20,20,0,1,4413708,1198850,1221483,-4528,55012,11,1,0,0,1
87,88,440,577,10,14,-24,0,4294988032,2,2,0,1,1,0,0,0,0,13,0,1,0,0
87,88,440,577,10,14,-24,1,4294988033,9,9,0,43,26127150,1138978,1116350,4526,60244,11,0,27,0,16
87,88,440,577,10,14,-24,2,4294988034,12,12,0,5,0,0,0,0,0,13,0,5,0,0
87,88,440,577,10,14,-24,3,4294988035,20,20,0,1,4391080,1198950,1221578,-4526,55012,11,1,0,0,1
88,89,445,577,10,14,-24,0,4294988032,2,2,0,1,1,0,0,0,0,13,0,1,0,0
88,89,445,577,10,14,-24,1,4294988033,9,9,0,43,26149716,1139216,1116650,4517,60252,11,0,27,0,16
88,89,445,577,10,14,-24,2,4294988034,12,12,0,4,0,0,0,0,0,13,0,5,0,0
88,89,445,577,10,14,-24,3,4294988035,20,20,0,1,4368514,1199200,1221766,-4517,55007,11,1,0,0,1
89,90,450,577,10,14,-24,0,4294988032,2,2,0,1,1,0,0,0,0,13,0,1,0,0
89,90,450,577,10,14,-24,1,4294988033,9,9,0,43,26172237,1139121,1116600,4508,60248,11,0,27,0,16
89,90,450,577,10,14,-24,2,4294988034,12,12,0,4,0,0,0,0,0,13,0,4,0,0
89,90,450,577,10,14,-24,3,4294988035,20,20,0,1,4345993,1199100,1221621,-4508,55002,11,1,0,0,1
90,91,455,577,10,14,-24,0,4294988032,2,2,0,1,1,0,0,0,0,13,0,1,0,0
90,91,455,577,10,14,-24,1,4294988033,9,9,0,43,26194708,1139121,1116650,4498,60247,11,0,27,0,16
90,91,455,577,10,14,-24,2,4294988034,12,12,0,4,0,0,0,0,0,13,0,4,0,0
90,91,455,577,10,14,-24,3,4294988035,20,20,0,1,4323522,1199100,1221571,-4498,54996,11,1,0,0,1
91,92,460,577,10,14,-24,0,4294988032,2,2,0,1,1,0,0,0,0,13,0,1,0,0
91,92,460,577,10,14,-24,1,4294988033,9,9,0,43,26217129,1139121,1116700,4488,60248,11,0,27,0,16
91,92,460,577,10,14,-24,2,4294988034,12,12,0,4,0,0,0,0,0,13,0,4,0,0
91,92,460,577,10,14,-24,3,4294988035,20,20,0,1,4301101,1199100,1221521,-4488,54991,11,1,0,0,1
92,93,465,577,10,14,-24,0,4294988032,2,2,0,1,1,0,0,0,0,13,0,1,0,0
92,93,465,577,10,14,-24,1,4294988033,9,9,0,43,26239550,1139121,1116700,4485,60246,11,0,27,0,16
92,93,465,577,10,14,-24,2,4294988034,12,12,0,4,0,0,0,0,0,13,0,4,0,0
92,93,465,577,10,14,-24,3,4294988035,20,20,0,1,4278680,1199100,1221521,-4485,55019,11,1,0,0,1
93,94,470,577,10,14,-24,0,4294988032,2,2,0,1,1,0,0,0,0,13,0,1,0,0
93,94,470,577,10,14,-24,1,4294988033,9,9,0,43,26261921,1139121,1116750,4477,60246,11,0,27,0,16
93,94,470,577,10,14,-24,2,4294988034,12,12,0,4,0,0,0,0,0,13,0,4,0,0
93,94,470,577,10,14,-24,3,4294988035,20,20,0,1,4256309,1199100,1221471,-4477,55014,11,1,0,0,1
94,95,475,577,10,14,-24,0,4294988032,2,2,0,1,1,0,0,0,0,13,0,1,0,0
94,95,475,577,10,14,-24,1,4294988033,9,9,0,43,26284292,1139121,1116750,4474,60245,11,0,27,0,16
94,95,475,577,10,14,-24,2,4294988034,12,12,0,4,0,0,0,0,0,13,0,4,0,0
94,95,475,577,10,14,-24,3,4294988035,20,20,0,1,4233938,1199100,1221471,-4474,55014,11,1,0,0,1
95,96,480,577,10,14,-24,0,4294988032,2,2,0,1,1,0,0,0,0,13,0,1,0,0
95,96,480,577,10,14,-24,1,4294988033,9,9,0,43,26306613,1139121,1116800,4467,60244,11,0,27,0,16
95,96,480,577,10,14,-24,2,4294988034,12,12,0,4,0,0,0,0,0,13,0,4,0,0
95,96,480,577,10,14,-24,3,4294988035,20,20,0,1,4211617,1199100,1221421,-4467,55008,11,1,0,0,1
96,97,485,577,10,14,-24,0,4294988033,9,9,0,43,26328871,1139358,1117100,4456,60250,11,0,27,0,16
96,97,485,577,10,14,-24,1,4294988034,12,12,0,4,0,0,0,0,0,13,0,4,0,0
96,97,485,577,10,14,-24,2,4294988035,20,20,0,1,4189359,1199350,1221608,-4456,55003,11,1,0,0,1
97,98,490,577,10,14,-24,0,4294988033,9,9,0,43,26351084,1139263,1117050,4447,60247,11,0,27,0,16
97,98,490,577,10,14,-24,1,4294988034,12,12,0,4,0,0,0,0,0,13,0,4,0,0
97,98,490,577,10,14,-24,2,4294988035,20,20,0,1,4167146,1199250,1221463,-4447,54998,11,1,0,0,1
98,99,495,577,10,14,-24,0,4294988033,9,9,0,43,26373247,1139263,1117100,4437,60246,11,0,27,0,16
98,99,495,577,10,14,-24,1,4294988034,12,12,0,3,0,0,0,0,0,13,0,4,0,0
98,99,495,577,10,14,-24,2,4294988035,20,20,0,1,4144983,1199250,1221413,-4437,54992,11,1,0,0,1
99,100,500,577,10,14,-24,0,4294988033,9,9,0,43,26395410,1139263,1117100,4433,60246,11,0,27,0,16
99,100,500,577,10,14,-24,1,4294988034,12,12,0,3,0,0,0,0,0,13,0,3,0,0
99,100,500,577,10,14,-24,2,4294988035,20,20,0,1,4122820,1199250,1221413,-4433,55020,11,1,0,0,1
100,101,505,577,10,14,-24,0,4294988033,9,9,0,43,26417523,1139263,1117150,4425,60245,11,0,27,0,16
100,101,505,577,10,14,-24,1,4294988034,12,12,0,3,0,0,0,0,0,13,0,3,0,0
100,101,505,577,10,14,-24,2,4294988035,20,20,0,1,4100707,1199250,1221363,-4425,55015,11,1,0,0,1
101,102,510,577,10,14,-24,0,4294988033,9,9,0,43,26439586,1139263,1117200,4416,60247,11,0,27,0,16
101,102,510,577,10,14,-24,1,4294988034,12,12,0,3,0,0,0,0,0,13,0,3,0,0
101,102,510,577,10,14,-24,2,4294988035,20,20,0,1,4078644,1199250,1221313,-4416,55010,11,1,0,0,1
102,103,515,577,10,14,-24,0,4294988033,9,9,0,43,26461599,1139263,1117250,4407,60246,11,0,27,0,16
102,103,515,577,10,14,-24,1,4294988034,12,12,0,3,0,0,0,0,0,13,0,3,0,0
102,103,515,577,10,14,-24,2,4294988035,20,20,0,1,4056631,1199250,1221263,-4407,55004,11,1,0,0,1
103,104,520,577,10,14,-24,0,4294988033,9,9,0,43,26483562,1139263,1117300,4397,60247,11,0,27,0,16
103,104,520,577,10,14,-24,1,4294988034,12,12,0,3,0,0,0,0,0,13,0,3,0,0
103,104,520,577,10,14,-24,2,4294988035,20,20,0,1,4034668,1199250,1221213,-4397,54999,11,1,0,0,1
104,105,525,577,10,14,-24,0,4294988033,9,9,0,43,26505475,1139263,1117350,4386,60246,11,0,27,0,16
104,105,525,577,10,14,-24,1,4294988034,12,12,0,3,0,0,0,0,0,13,0,3,0,0
104,105,525,577,10,14,-24,2,4294988035,20,20,0,1,4012755,1199250,1221163,-4386,54993,11,1,0,0,1
105,106,530,577,10,14,-24,0,4294988033,9,9,0,43,26527388,1139263,1117350,4382,60244,11,0,27,0,16
105,106,530,577,10,14,-24,1,4294988034,12,12,0,3,0,0,0,0,0,13,0,3,0,0
105,106,530,577,10,14,-24,2,4294988035,20,20,0,1,3990842,1199250,1221163,-4382,54993,11,1,0,0,1
106,107,535,577,10,14,-24,0,4294988033,9,9,0,43,26549251,1139263,1117400,4375,60246,11,0,27,0,16
106,107,535,577,10,14,-24,1,4294988034,12,12,0,3,0,0,0,0,0,13,0,3,0,0
106,107,535,577,10,14,-24,2,4294988035,20,20,0,1,3968979,1199250,1221113,-4375,54988,11,1,0,0,1
107,108,540,577,10,14,-24,0,4294988033,9,9,0,43,26571064,1139263,1117450,4366,60245,11,0,27,0,16
107,108,540,577,10,14,-24,1,4294988034,12,12,0,3,0,0,0,0,0,13,0,3,0,0
107,108,540,577,10,14,-24,2,4294988035,20,20,0,1,3947166,1199250,1221063,-4366,54983,11,1,0,0,1
108,109,545,577,10,14,-24,0,4294988033,9,9,0,43,26592877,1139263,1117450,4363,60242,11,0,27,0,16
108,109,545,577,10,14,-24,1,4294988034,12,12,0,3,0,0,0,0,0,13,0,3,0,0
108,109,545,577,10,14,-24,2,4294988035,20,20,0,1,3925353,1199250,1221063,-4363,55011,11,1,0,0,1
109,110,550,577,10,14,-24,0,4294988033,9,9,0,43,26614628,1139501,1117750,4354,60249,11,0,27,0,16
109,110,550,577,10,14,-24,1,4294988034,12,12,0,3,0,0,0,0,0,13,0,3,0,0
109,110,550,577,10,14,-24,2,4294988035,20,20,0,1,3903602,1199500,1221251,-4354,55005,11,1,0,0,1
110,111,555,577,10,14,-24,0,4294988033,9,9,0,43,26636334,1139406,1117700,4345,60247,11,0,27,0,16
110,111,555,577,10,14,-24,1,4294988034,12,12,0,3,0,0,0,0,0,13,0,3,0,0
110,111,555,577,10,14,-24,2,4294988035,20,20,0,1,3881896,1199400,1221106,-4345,55000,11,1,0,0,1
111,112,560,577,10,14,-24,0,4294988033,9,9,0,43,26657985,1139501,1117850,4335,60249,11,0,27,0,16
111,112,560,577,10,14,-24,1,4294988034,12,12,0,2,0,0,0,0,0,13,0,3,0,0
111,112,560,577,10,14,-24,2,4294988035,20,20,0,1,3860245,1199500,1221151,-4335,54995,11,1,0,0,1
112,113,565,577,10,14,-24,0,4294988033,9,9,0,43,26679591,1139406,1117800,4325,60247,11,0,27,0,16
112,113,565,577,10,14,-24,1,4294988034,12,12,0,2,0,0,0,0,0,13,0,2,0,0
112,113,565,577,10,14,-24,2,4294988035,20,20,0,1,3838639,1199400,1221006,-4325,54989,11,1,0,0,1
113,114,570,577,10,14,-24,0,4294988033,9,9,0,43,26701192,1139501,1117900,4321,60247,11,0,27,0,16
113,114,570,577,10,14,-24,1,4294988034,12,12,0,2,0,0,0,0,0,13,0,2,0,0
113,114,570,577,10,14,-24,2,4294988035,20,20,0,1,3817038,1199500,1221101,-4321,55017,11,1,0,0,1
114,115,575,577,10,14,-24,0,4294988033,9,9,0,43,26722748,1139406,1117850,4314,60245,11,0,27,0,16
114,115,575,577,10,14,-24,1,4294988034,12,12,0,2,0,0,0,0,0,13,0,2,0,0
114,115,575,577,10,14,-24,2,4294988035,20,20,0,1,3795482,1199400,1220956,-4314,55012,11,1,0,0,1
115,116,580,577,10,14,-24,0,4294988033,9,9,0,43,26744249,1139501,1118000,4304,60248,11,0,27,0,16
115,116,580,577,10,14,-24,1,4294988034,12,12,0,2,0,0,0,0,0,13,0,2,0,0
115,116,580,577,10,14,-24,2,4294988035,20,20,0,1,3773981,1199500,1221001,-4304,55007,11,1,0,0,1
116,117,585,577,10,14,-24,0,4294988033,9,9,0,43,26765705,1139406,1117950,4295,60246,11,0,27,0,16
116,117,585,577,10,14,-24,1,4294988034,12,12,0,2,0,0,0,0,0,13,0,2,0,0
116,117,585,577,10,14,-24,2,4294988035,20,20,0,1,3752525,1199400,1220856,-4295,55001,11,1,0,0,1
117,118,590,577,10,14,-24,0,4294988033,9,9,0,43,26787106,1139501,1118100,4285,60248,11,0,27,0,16
117,118,590,577,10,14,-24,1,4294988034,12,12,0,2,0,0,0,0,0,13,0,2,0,0
117,118,590,577,10,14,-24,2,4294988035,20,20,0,1,3731124,1199500,1220901,-4285,54996,11,1,0,0,1
118,119,595,577,10,14,-24,0,4294988033,9,9,0,43,26808462,1139406,1118050,4275,60245,11,0,27,0,16
118,119,595,577,10,14,-24,1,4294988034,12,12,0,2,0,0,0,0,0,13,0,2,0,0
118,119,595,577,10,14,-24,2,4294988035,20,20,0,1,3709768,1199400,1220756,-4275,54990,11,1,0,0,1
119,120,600,577,10,14,-24,0,4294988033,9,9,0,43,26829813,1139501,1118150,4271,60246,11,0,27,0,16
119,120,600,577,10,14,-24,1,4294988034,12,12,0,2,0,0,0,0,0,13,0,2,0,0
119,120,600,577,10,14,-24,2,4294988035,20,20,0,1,3688417,1199500,1220851,-4271,55019,11,1,0,0,1
120,121,605,577,10,14,-24,0,4294988033,9,9,0,43,26851119,1139406,1118100,4264,60244,11,0,27,0,16
120,121,605,577,10,14,-24,1,4294988034,12,12,0,2,0,0,0,0,0,13,0,2,0,0
120,121,605,577,10,14,-24,2,4294988035,20,20,0,1,3667111,1199400,1220706,-4264,55013,11,1,0,0,1
121,122,610,577,10,14,-24,0,4294988033,9,9,0,43,26872370,1139501,1118250,4255,60247,11,0,27,0,16
121,122,610,577,10,14,-24,1,4294988034,12,12,0,2,0,0,0,0,0,13,0,2,0,0
121,122,610,577,10,14,-24,2,4294988035,20,20,0,1,3645860,1199500,1220751,-4255,55008,11,1,0,0,1
122,123,615,577,10,14,-24,0,4294988033,9,9,0,43,26893576,1139406,1118200,4245,60244,11,0,27,0,16
122,123,615,577,10,14,-24,1,4294988034,12,12,0,2,0,0,0,0,0,13,0,2,0,0
122,123,615,577,10,14,-24,2,4294988035,20,20,0,1,3624654,1199400,1220606,-4245,55002,11,1,0,0,1
123,124,620,577,10,14,-24,0,4294988033,9,9,0,43,26914727,1139501,1118350,4234,60246,11,0,27,0,16
123,124,620,577,10,14,-24,1,4294988034,12,12,0,2,0,0,0,0,0,13,0,2,0,0
123,124,620,577,10,14,-24,2,4294988035,20,20,0,1,3603503,1199500,1220651,-4234,54997,11,1,0,0,1
124,125,625,577,10,14,-24,0,4294988033,9,9,0,43,26935833,1139406,1118300,4225,60245,11,0,27,0,16
124,125,625,577,10,14,-24,1,4294988034,12,12,0,2,0,0,0,0,0,13,0,2,0,0
124,125,625,577,10,14,-24,2,4294988035,20,20,0,1,3582397,1199400,1220506,-4225,54991,11,1,0,0,1
125,126,630,577,10,14,-24,0,4294988033,9,9,0,43,26956884,1139501,1118450,4215,60247,11,0,27,0,16
125,126,630,577,10,14,-24,1,4294988034,12,12,0,2,0,0,0,0,0,13,0,2,0,0
125,126,630,577,10,14,-24,2,4294988035,20,20,0,1,3561346,1199500,1220551,-4215,54986,11,1,0,0,1
126,127,635,577,10,14,-24,0,4294988033,9,9,0,43,26977940,1139406,1118350,4211,60243,11,0,27,0,16
126,127,635,577,10,14,-24,1,4294988034,12,12,0,2,0,0,0,0,0,13,0,2,0,0
126,127,635,577,10,14,-24,2,4294988035,20,20,0,1,3540290,1199400,1220456,-4211,55014,11,1,0,0,1
127,128,640,577,10,14,-24,0,4294988033,9,9,0,43,26998941,1139501,1118500,4204,60245,11,0,27,0,16
127,128,640,577,10,14,-24,1,4294988034,12,12,0,2,0,0,0,0,0,13,0,2,0,0
127,128,640,577,10,14,-24,2,4294988035,20,20,0,1,3519289,1199500,1220501,-4204,55009,11,1,0,0,1
128,129,645,577,10,14,-24,0,4294988033,9,9,0,43,27019897,1139406,1118450,4195,60244,11,0,27,0,16
128,129,645,577,10,14,-24,1,4294988034,12,12,0,2,0,0,0,0,0,13,0,2,0,0
128,129,645,577,10,14,-24,2,4294988035,20,20,0,1,3498333,1199400,1220356,-4195,55004,11,1,0,0,1
129,130,650,577,10,14,-24,0,4294988033,9,9,0,43,27040798,1139501,1118600,4185,60245,11,0,27,0,16
129,130,650,577,10,14,-24,1,4294988034,12,12,0,2,0,0,0,0,0,13,0,2,0,0
129,130,650,577,10,14,-24,2,4294988035,20,20,0,1,3477432,1199500,1220401,-4185,54998,11,1,0,0,1
130,131,655,577,10,14,-24,0,4294988033,9,9,0,43,27061654,1139406,1118550,4175,60243,11,0,27,0,16
130,131,655,577,10,14,-24,1,4294988034,12,12,0,2,0,0,0,0,0,13,0,2,0,0
130,131,655,577,10,14,-24,2,4294988035,20,20,0,1,3456576,1199400,1220256,-4175,54993,11,1,0,0,1
131,132,660,577,10,14,-24,0,4294988033,9,9,0,43,27082455,1139501,1118700,4165,60247,11,0,27,0,16
131,132,660,577,10,14,-24,1,4294988034,12,12,0,1,0,0,0,0,0,13,0,2,0,0
131,132,660,577,10,14,-24,2,4294988035,20,20,0,1,3435775,1199500,1220301,-4165,55016,11,1,0,0,1
132,133,665,577,10,14,-24,0,4294988033,9,9,0,43,27103211,1139406,1118650,4155,60243,11,0,27,0,16
132,133,665,577,10,14,-24,1,4294988034,12,12,0,1,0,0,0,0,0,13,0,1,0,0
132,133,665,577,10,14,-24,2,4294988035,20,20,0,1,3415019,1199400,1220156,-4155,55010,11,1,0,0,1
133,134,670,577,10,14,-24,0,4294988033,9,9,0,43,27123912,1139501,1118800,4145,60246,11,0,27,0,16
133,134,670,577,10,14,-24,1,4294988034,12,12,0,1,0,0,0,0,0,13,0,1,0,0
133,134,670,577,10,14,-24,2,4294988035,20,20,0,1,3394318,1199500,1220201,-4145,55005,11,1,0,0,1
134,135,675,577,10,14,-24,0,4294988033,9,9,0,43,27144568,1139406,1118750,4135,60243,11,0,27,0,16
134,135,675,577,10,14,-24,1,4294988034,12,12,0,1,0,0,0,0,0,13,0,1,0,0
134,135,675,577,10,14,-24,2,4294988035,20,20,0,1,3373662,1199400,1220056,-4135,54999,11,1,0,0,1
135,136,680,577,10,14,-24,0,4294988033,9,9,0,43,27165169,1139501,1118900,4125,60247,11,0,27,0,16
135,136,680,577,10,14,-24,1,4294988034,12,12,0,1,0,0,0,0,0,13,0,1,0,0
135,136,680,577,10,14,-24,2,4294988035,20,20,0,1,3353061,1199500,1220101,-4125,54994,11,1,0,0,1
136,137,685,577,10,14,-24,0,4294988033,9,9,0,43,27185725,1139406,1118850,4115,60243,11,0,27,0,16
136,137,685,577,10,14,-24,1,4294988034,12,12,0,1,0,0,0,0,0,13,0,1,0,0
136,137,685,577,10,14,-24,2,4294988035,20,20,0,1,3332505,1199400,1219956,-4115,54988,11,1,0,0,1
137,138,690,577,10,14,-24,0,4294988033,9,9,0,43,27206276,1139501,1118950,4111,60245,11,0,27,0,16
137,138,690,577,10,14,-24,1,4294988034,12,12,0,1,0,0,0,0,0,13,0,1,0,0
137,138,690,577,10,14,-24,2,4294988035,20,20,0,1,3311954,1199500,1220051,-4111,55017,11,1,0,0,1
138,139,695,577,10,14,-24,0,4294988033,9,9,0,43,27226732,1139406,1118950,4097,60242,11,0,27,0,16
138,139,695,577,10,14,-24,1,4294988034,12,12,0,1,0,0,0,0,0,13,0,1,0,0
138,139,695,577,10,14,-24,2,4294988035,20,20,0,1,3291498,1199400,1219856,-4097,54977,11,1,0,0,1
139,140,700,577,10,14,-24,0,4294988033,9,9,0,43,27247170,1139738,1119300,4090,60251,11,0,27,0,16
139,140,700,577,10,14,-24,1,4294988034,12,12,0,1,0,0,0,0,0,13,0,1,0,0
139,140,700,577,10,14,-24,2,4294988035,20,20,0,1,3271060,1199750,1220188,-4090,55006,11,1,0,0,1
140,141,705,577,10,14,-24,0,4294988033,9,9,0,43,27267531,1139311,1118950,4078,60241,11,0,27,0,16
140,141,705,577,10,14,-24,1,4294988034,12,12,0,1,0,0,0,0,0,13,0,1,0,0
140,141,705,577,10,14,-24,2,4294988035,20,20,0,1,3250699,1199300,1219661,-4078,54995,11,1,0,0,1
141,142,710,577,10,14,-24,0,4294988033,9,9,0,43,27287832,1139501,1119200,4066,60246,11,0,27,0,16
141,142,710,577,10,14,-24,1,4294988034,12,12,0,1,0,0,0,0,0,13,0,1,0,0
141,142,710,577,10,14,-24,2,4294988035,20,20,0,1,3230398,1199500,1219801,-4066,54989,11,1,0,0,1
142,143,715,577,10,14,-24,0,4294988033,9,9,0,43,27308088,1139406,1119150,4055,60242,11,0,27,0,16
142,143,715,577,10,14,-24,1,4294988034,12,12,0,1,0,0,0,0,0,13,0,1,0,0
142,143,715,577,10,14,-24,2,4294988035,20,20,0,1,3210142,1199400,1219656,-4055,54984,11,1,0,0,1
143,144,720,577,10,14,-24,0,4294988033,9,9,0,43,27328326,1139738,1119500,4049,60250,11,0,27,0,16
143,144,720,577,10,14,-24,1,4294988034,12,12,0,1,0,0,0,0,0,13,0,1,0,0
143,144,720,577,10,14,-24,2,4294988035,20,20,0,1,3189904,1199750,1219988,-4049,55013,11,1,0,0,1
144,145,725,577,10,14,-24,0,4294988033,9,9,0,43,27348524,1139548,1119350,4042,60246,11,0,27,0,16
144,145,725,577,10,14,-24,1,4294988034,12,12,0,1,0,0,0,0,0,13,0,1,0,0
144,145,725,577,10,14,-24,2,4294988035,20,20,0,1,3169706,1199550,1219748,-4042,55007,11,1,0,0,1
145,146,730,577,10,14,-24,0,4294988033,9,9,0,43,27368680,1139406,1119250,4034,60243,11,0,27,0,16
145,146,730,577,10,14,-24,1,4294988034,12,12,0,1,0,0,0,0,0,13,0,1,0,0
145,146,730,577,10,14,-24,2,4294988035,20,20,0,1,3149550,1199400,1219556,-4034,55002,11,1,0,0,1
146,147,735,577,10,14,-24,0,4294988033,9,9,0,43,27388731,1139501,1119450,4018,60247,11,0,27,0,16
146,147,735,577,10,14,-24,1,4294988034,12,12,0,1,0,0,0,0,0,13,0,1,0,0
146,147,735,577,10,14,-24,2,4294988035,20,20,0,1,3129499,1199500,1219551,-4018,54991,11,1,0,0,1
147,148,740,577,10,14,-24,0,4294988033,9,9,0,43,27408737,1139406,1119400,4006,60245,11,0,27,0,16
147,148,740,577,10,14,-24,1,4294988034,12,12,0,1,0,0,0,0,0,13,0,1,0,0
147,148,740,577,10,14,-24,2,4294988035,20,20,0,1,3109493,1199400,1219406,-4006,54985,11,1,0,0,1
148,149,745,577,10,14,-24,0,4294988033,9,9,0,43,27428738,1139501,1119500,4002,60246,11,0,27,0,16
148,149,745,577,10,14,-24,1,4294988034,12,12,0,1,0,0,0,0,0,13,0,1,0,0
148,149,745,577,10,14,-24,2,4294988035,20,20,0,1,3089492,1199500,1219501,-4002,55014,11,1,0,0,1
149,150,750,577,10,14,-24,0,4294988033,9,9,0,43,27448694,1139406,1119450,3994,60243,11,0,27,0,16
149,150,750,577,10,14,-24,1,4294988034,12,12,0,1,0,0,0,0,0,13,0,1,0,0
149,150,750,577,10,14,-24,2,4294988035,20,20,0,1,3069536,1199400,1219356,-3994,55008,11,1,0,0,1
150,151,755,577,10,14,-24,0,4294988033,9,9,0,43,27468595,1139501,1119600,3984,60246,11,0,27,0,16
150,151,755,577,10,14,-24,1,4294988034,12,12,0,1,0,0,0,0,0,13,0,1,0,0
150,151,755,577,10,14,-24,2,4294988035,20,20,0,1,3049635,1199500,1219401,-3984,55003,11,1,0,0,1
151,152,760,577,10,14,-24,0,4294988033,9,9,0,43,27488401,1139406,1119600,3969,60244,11,0,27,0,16
151,152,760,577,10,14,-24,1,4294988034,12,12,0,1,0,0,0,0,0,13,0,1,0,0
151,152,760,577,10,14,-24,2,4294988035,20,20,0,1,3029829,1199400,1219206,-3969,54992,11,1,0,0,1
152,153,765,577,10,14,-24,0,4294988033,9,9,0,43,27508152,1139501,1119750,3956,60247,11,0,27,0,16
152,153,765,577,10,14,-24,1,4294988034,12,12,0,1,0,0,0,0,0,13,0,1,0,0
152,153,765,577,10,14,-24,2,4294988035,20,20,0,1,3010078,1199500,1219251,-3956,54986,11,1,0,0,1
153,154,770,577,10,14,-24,0,4294988033,9,9,0,43,27527858,1139406,1119700,3946,60245,11,0,27,0,16
153,154,770,577,10,14,-24,1,4294988034,12,12,0,1,0,0,0,0,0,13,0,1,0,0
153,154,770,577,10,14,-24,2,4294988035,20,20,0,1,2990372,1199400,1219106,-3946,54981,11,1,0,0,1
154,155,775,577,10,14,-24,0,4294988033,9,9,0,43,27547559,1139501,1119800,3941,60246,11,0,27,0,16
154,155,775,577,10,14,-24,1,4294988034,12,12,0,1,0,0,0,0,0,13,0,1,0,0
154,155,775,577,10,14,-24,2,4294988035,20,20,0,1,2970671,1199500,1219201,-3941,55010,11,1,0,0,1
155,156,780,577,10,14,-24,0,4294988033,9,9,0,43,27567165,1139406,1119800,3927,60245,11,0,27,0,16
155,156,780,577,10,14,-24,1,4294988034,12,12,0,1,0,0,0,0,0,13,0,1,0,0
155,156,780,577,10,14,-24,2,4294988035,20,20,0,1,2951065,1199400,1219006,-3927,54999,11,1,0,0,1
156,157,785,577,10,14,-24,0,4294988033,9,9,0,43,27586716,1139501,1119950,3915,60248,11,0,27,0,16
156,157,785,577,10,14,-24,1,4294988034,12,12,0,1,0,0,0,0,0,13,0,1,0,0
156,157,785,577,10,14,-24,2,4294988035,20,20,0,1,2931514,1199500,1219051,-3915,54993,11,1,0,0,1
157,158,790,577,10,14,-24,0,4294988033,9,9,0,43,27606222,1139406,1119900,3906,60244,11,0,27,0,16
157,158,790,577,10,14,-24,1,4294988034,12,12,0,1,0,0,0,0,0,13,0,1,0,0
157,158,790,577,10,14,-24,2,4294988035,20,20,0,1,2912008,1199400,1218906,-3906,54987,11,1,0,0,1
158,159,795,577,10,14,-24,0,4294988033,9,9,0,43,27625673,1139501,1120050,3895,60247,11,0,27,0,16
158,159,795,577,10,14,-24,1,4294988034,12,12,0,1,0,0,0,0,0,13,0,1,0,0
158,159,795,577,10,14,-24,2,4294988035,20,20,0,1,2892557,1199500,1218951,-3895,55011,11,1,0,0,1
159,160,800,577,10,14,-24,0,4294988033,9,9,0,43,27645079,1139406,1120000,3885,60245,11,0,27,0,16
159,160,800,577,10,14,-24,1,4294988034,12,12,0,1,0,0,0,0,0,13,0,1,0,0
159,160,800,577,10,14,-24,2,4294988035,20,20,0,1,2873151,1199400,1218806,-3885,55005,11,1,0,0,1
160,161,805,577,10,14,-24,0,4294988033,9,9,0,43,27664430,1139501,1120150,3874,60248,11,0,27,0,16
160,161,805,577,10,14,-24,1,4294988034,12,12,0,1,0,0,0,0,0,13,0,1,0,0
160,161,805,577,10,14,-24,2,4294988035,20,20,0,1,2853800,1199500,1218851,-3874,55000,11,1,0,0,1
161,162,810,577,10,14,-24,0,4294988033,9,9,0,43,27683736,1139406,1120100,3865,60245,11,0,27,0,16
161,162,810,577,10,14,-24,1,4294988034,12,12,0,1,0,0,0,0,0,13,0,1,0,0
161,162,810,577,10,14,-24,2,4294988035,20,20,0,1,2834494,1199400,1218706,-3865,54994,11,1,0,0,1
162,163,815,577,10,14,-24,0,4294988033,9,9,0,43,27702987,1139501,1120250,3855,60248,11,0,27,0,16
162,163,815,577,10,14,-24,1,4294988034,12,12,0,1,0,0,0,0,0,13,0,1,0,0
162,163,815,577,10,14,-24,2,4294988035,20,20,0,1,2815243,1199500,1218751,-3855,55018,11,1,0,0,1
163,164,820,577,10,14,-24,0,4294988033,9,9,0,43,27722193,1139406,1120200,3845,60247,11,0,27,0,16
163,164,820,577,10,14,-24,1,4294988034,12,12,0,1,0,0,0,0,0,13,0,1,0,0
163,164,820,577,10,14,-24,2,4294988035,20,20,0,1,2796037,1199400,1218606,-3845,55012,11,1,0,0,1
164,165,825,577,10,14,-24,0,4294988033,9,9,0,43,27741344,1139501,1120350,3834,60248,11,0,27,0,16
164,165,825,577,10,14,-24,1,4294988034,12,12,0,1,0,0,0,0,0,13,0,1,0,0
164,165,825,577,10,14,-24,2,4294988035,20,20,0,1,2776886,1199500,1218651,-3834,55007,11,1,0,0,1
165,166,830,577,10,14,-24,0,4294988033,9,9,0,43,27760400,1139406,1120350,3818,60247,11,0,27,0,16
165,166,830,577,10,14,-24,1,4294988034,12,12,0,1,0,0,0,0,0,13,0,1,0,0
165,166,830,577,10,14,-24,2,4294988035,20,20,0,1,2757830,1199400,1218456,-3818,54995,11,1,0,0,1
166,167,835,577,10,14,-24,0,4294988033,9,9,0,43,27779401,1139501,1120500,3806,60249,11,0,27,0,16
166,167,835,577,10,14,-24,1,4294988034,12,12,0,1,0,0,0,0,0,13,0,1,0,0
166,167,835,577,10,14,-24,2,4294988035,20,20,0,1,2738829,1199500,1218501,-3806,54990,11,1,0,0,1
167,168,840,577,10,14,-24,0,4294988033,9,9,0,43,27798357,1139406,1120450,3796,60247,11,0,27,0,16
167,168,840,577,10,14,-24,1,4294988034,12,12,0,1,0,0,0,0,0,13,0,1,0,0
167,168,840,577,10,14,-24,2,4294988035,20,20,0,1,2719873,1199400,1218356,-3796,55014,11,1,0,0,1
168,169,845,577,10,14,-24,0,4294988033,9,9,0,43,27817258,1139501,1120600,3785,60249,11,0,27,0,16
168,169,845,577,10,14,-24,1,4294988034,12,12,0,1,0,0,0,0,0,13,0,1,0,0
168,169,845,577,10,14,-24,2,4294988035,20,20,0,1,2700972,1199500,1218401,-3785,55008,11,1,0,0,1
169,170,850,577,10,14,-24,0,4294988033,9,9,0,43,27836114,1139406,1120550,3775,60247,11,0,27,0,16
169,170,850,577,10,14,-24,1,4294988034,12,12,0,1,0,0,0,0,0,13,0,1,0,0
169,170,850,577,10,14,-24,2,4294988035,20,20,0,1,2682116,1199400,1218256,-3775,55002,11,1,0,0,1
170,171,855,577,10,14,-24,0,4294988033,9,9,0,43,27854915,1139501,1120700,3765,60250,11,0,27,0,16
170,171,855,577,10,14,-24,1,4294988035,20,20,0,1,2663315,1199500,1218301,-3765,55026,11,1,0,0,1
171,172,860,577,10,14,-24,0,4294988033,9,9,0,43,27873633,1139168,1120450,3750,60244,11,0,27,0,16
171,172,860,577,10,14,-24,1,4294988035,20,20,0,1,2644597,1199150,1217868,-3750,54985,11,1,0,0,1
172,173,865,577,10,14,-24,0,4294988033,9,9,0,43,27892291,1139358,1120700,3737,60249,11,0,27,0,16
172,173,865,577,10,14,-24,1,4294988035,20,20,0,1,2625939,1199350,1218008,-3737,55009,11,1,0,0,1
173,174,870,577,10,14,-24,0,4294988033,9,9,0,43,27910904,1139263,1120650,3727,60245,11,0,27,0,16
173,174,870,577,10,14,-24,1,4294988035,20,20,0,1,2607326,1199250,1217863,-3727,55004,11,1,0,0,1
174,175,875,577,10,14,-24,0,4294988033,9,9,0,43,27929417,1139263,1120750,3710,60247,11,0,27,0,16
174,175,875,577,10,14,-24,1,4294988035,20,20,0,1,2588813,1199250,1217763,-3710,54992,11,1,0,0,1
175,176,880,577,10,14,-24,0,4294988033,9,9,0,43,27947930,1139263,1120750,3704,60247,11,0,27,0,16
175,176,880,577,10,14,-24,1,4294988035,20,20,0,1,2570300,1199250,1217763,-3704,55022,11,1,0,0,1
176,177,885,577,10,14,-24,0,4294988033,9,9,0,43,27966343,1139263,1120850,3690,60248,11,0,27,0,16
176,177,885,577,10,14,-24,1,4294988035,20,20,0,1,2551887,1199250,1217663,-3690,55010,11,1,0,0,1
177,178,890,577,10,14,-24,0,4294988033,9,9,0,43,27984706,1139263,1120900,3678,60248,11,0,27,0,16
177,178,890,577,10,14,-24,1,4294988035,20,20,0,1,2533524,1199250,1217613,-3678,55005,11,1,0,0,1
178,179,895,577,10,14,-24,0,4294988033,9,9,0,43,28002969,1139263,1121000,3661,60249,11,0,27,0,16
178,179,895,577,10,14,-24,1,4294988035,20,20,0,1,2515261,1199250,1217513,-3661,54994,11,1,0,0,1
179,180,900,577,10,14,-24,0,4294988033,9,9,0,43,28021232,1139263,1121000,3654,60248,11,0,27,0,16
179,180,900,577,10,14,-24,1,4294988035,20,20,0,1,2496998,1199250,1217513,-3654,55023,11,1,0,0,1
180,181,905,577,10,14,-24,0,4294988033,9,9,0,43,28039395,1139263,1121100,3640,60251,11,0,27,0,16
180,181,905,577,10,14,-24,1,4294988035,20,20,0,1,2478835,1199250,1217413,-3640,55012,11,1,0,0,1
181,182,910,577,10,14,-24,0,4294988033,9,9,0,43,28057521,1139026,1120900,3630,60245,11,0,27,0,16
181,182,910,577,10,14,-24,1,4294988035,20,20,0,1,2460709,1199000,1217126,-3630,55006,11,1,0,0,1
182,183,915,577,10,14,-24,0,4294988033,9,9,0,43,28075542,1139121,1121100,3613,60249,11,0,27,0,16
182,183,915,577,10,14,-24,1,4294988035,20,20,0,1,2442688,1199100,1217121,-3613,54995,11,1,0,0,1
183,184,920,577,10,14,-24,0,4294988033,9,9,0,43,28093513,1139121,1121150,3600,60248,11,0,27,0,16
183,184,920,577,10,14,-24,1,4294988035,20,20,0,1,2424717,1199100,1217071,-3600,55019,11,1,0,0,1
184,185,925,577,10,14,-24,0,4294988033,9,9,0,43,28111434,1139121,1121200,3590,60248,11,0,27,0,16
184,185,925,577,10,14,-24,1,4294988035,20,20,0,1,2406796,1199100,1217021,-3590,55013,11,1,0,0,1
