row_idx,tick_idx,timestamp_ms,fps,fast_ms,t_sus_ms,t_render_ms,t_ui_ms,sus_pct_of_fast,render_pct_of_fast,ui_pct_of_fast,known_job_ms,known_job_pct_of_sus,unaccounted_sus_ms,unaccounted_sus_pct,season_refresh_ms,season_refresh_pct_of_sus,season_refresh_pct_of_known_jobs,natural_resource_daily_ms,natural_resource_daily_pct_of_sus,natural_resource_daily_pct_of_known_jobs,enum_atlas_upload_ms,enum_atlas_upload_pct_of_sus,enum_atlas_upload_pct_of_known_jobs,ocean_currents_ms,ocean_currents_pct_of_sus,ocean_currents_pct_of_known_jobs,native_daily_sim_ms,native_daily_sim_pct_of_sus,native_daily_sim_pct_of_known_jobs,dynamic_visual_atlas_upload_ms,dynamic_visual_atlas_upload_pct_of_sus,dynamic_visual_atlas_upload_pct_of_known_jobs,dominant_job,dominant_job_ms,dominant_job_pct_of_sus,largest_slice_job,largest_slice_stage,largest_slice_substage,largest_slice_path,largest_slice_ms
0,384,46152,49,13.000,12.153,0.021,0.929,93.5,0.2,7.1,10.503,86.4,1.650,13.6,0.046,0.4,0.4,1.281,10.5,12.2,0.000,0.0,0.0,4.697,38.6,44.7,4.479,36.9,42.6,0.000,0.0,0.0,ocean_currents,4.697,38.6,ocean_currents,phys_wind,next_phys_done,gdext,4.673
1,385,46177,49,8.000,7.982,0.013,0.532,99.8,0.2,6.7,6.309,79.0,1.673,21.0,0.046,0.6,0.7,1.394,17.5,22.1,0.000,0.0,0.0,0.000,0.0,0.0,4.452,55.8,70.6,0.417,5.2,6.6,native_daily_sim,4.452,55.8,native_daily_sim,ocean_water,ocean_water_knobs,gdext_native_daily_slice,4.441
2,386,46203,49,10.000,9.106,0.017,0.812,91.1,0.2,8.1,7.621,83.7,1.485,16.3,0.037,0.4,0.5,1.177,12.9,15.4,0.000,0.0,0.0,2.601,28.6,34.1,3.235,35.5,42.4,0.571,6.3,7.5,native_daily_sim,3.235,35.5,native_daily_sim,ocean_land,ocean_land_knobs,gdext_native_daily_slice,3.221
3,387,46225,49,11.000,9.396,0.027,0.726,85.4,0.2,6.6,7.692,81.9,1.704,18.1,0.046,0.5,0.6,1.061,11.3,13.8,0.000,0.0,0.0,2.943,31.3,38.3,3.642,38.8,47.3,0.000,0.0,0.0,native_daily_sim,3.642,38.8,native_daily_sim,wind_air,wind_air_knobs,gdext_native_daily_slice,3.631
4,388,46244,49,7.000,6.684,0.006,0.386,95.5,0.1,5.5,5.257,78.7,1.427,21.3,0.034,0.5,0.6,1.057,15.8,20.1,0.684,10.2,13.0,1.418,21.2,27.0,1.727,25.8,32.9,0.337,5.0,6.4,native_daily_sim,1.727,25.8,native_daily_sim,wind_surface,wind_surface_knobs,gdext_native_daily_slice,1.717
5,389,46264,49,5.000,4.483,0.008,0.485,89.7,0.2,9.7,3.016,67.3,1.467,32.7,0.039,0.9,1.3,1.173,26.2,38.9,0.000,0.0,0.0,0.000,0.0,0.0,1.804,40.2,59.8,0.000,0.0,0.0,native_daily_sim,1.804,40.2,native_daily_sim,sea_ice,sea_ice_knobs,gdext_native_daily_slice,1.795
6,390,46287,49,10.000,10.001,0.008,0.764,100.0,0.1,7.6,7.297,73.0,2.704,27.0,0.104,1.0,1.4,2.030,20.3,27.8,0.000,0.0,0.0,2.901,29.0,39.8,1.834,18.3,25.1,0.428,4.3,5.9,ocean_currents,2.901,29.0,ocean_currents,phys_psi_init,next_phys_upwelling,gdext,2.888
7,391,46313,49,11.000,10.797,0.011,0.533,98.2,0.1,4.8,8.923,82.6,1.874,17.4,0.100,0.9,1.1,1.917,17.8,21.5,0.000,0.0,0.0,0.000,0.0,0.0,6.906,64.0,77.4,0.000,0.0,0.0,native_daily_sim,6.906,64.0,native_daily_sim,weather,weather_knobs,gdext_native_daily_slice,6.893
8,392,46330,49,7.000,6.601,0.011,0.657,94.3,0.2,9.4,5.071,76.8,1.530,23.2,0.033,0.5,0.7,1.211,18.3,23.9,0.000,0.0,0.0,0.813,12.3,16.0,2.592,39.3,51.1,0.422,6.4,8.3,native_daily_sim,2.592,39.3,native_daily_sim,runtime_hydrology,runtime_hydrology_knobs,gdext_native_daily_slice,2.581
9,393,46359,49,14.000,11.869,1.390,0.848,84.8,9.9,6.1,10.187,85.8,1.682,14.2,0.037,0.3,0.4,1.199,10.1,11.8,0.000,0.0,0.0,2.470,20.8,24.2,6.481,54.6,63.6,0.000,0.0,0.0,native_daily_sim,6.481,54.6,native_daily_sim,native_daily_complete,round_complete,gdext_native_daily_slice,6.439
10,394,46381,49,8.000,7.001,1.034,0.734,87.5,12.9,9.2,5.135,73.3,1.866,26.7,0.038,0.5,0.7,1.317,18.8,25.6,0.000,0.0,0.0,3.308,47.3,64.4,0.000,0.0,0.0,0.472,6.7,9.2,ocean_currents,3.308,47.3,ocean_currents,phys_slp,next_phys_wind,gdext,3.293
11,395,46408,49,14.000,13.383,0.011,0.479,95.6,0.1,3.4,11.867,88.7,1.516,11.3,0.039,0.3,0.3,1.566,11.7,13.2,0.000,0.0,0.0,0.000,0.0,0.0,10.262,76.7,86.5,0.000,0.0,0.0,native_daily_sim,10.262,76.7,native_daily_sim,climate_pass_a,climate_pass_a_struct,gdext_native_daily_slice,10.251
12,396,46433,49,10.000,9.626,0.011,0.472,96.3,0.1,4.7,7.893,82.0,1.733,18.0,0.077,0.8,1.0,1.848,19.2,23.4,1.461,15.2,18.5,2.771,28.8,35.1,1.736,18.0,22.0,0.000,0.0,0.0,ocean_currents,2.771,28.8,ocean_currents,phys_wind,next_phys_done,gdext,2.760
13,397,46456,49,11.000,9.012,0.032,1.749,81.9,0.3,15.9,7.140,79.2,1.872,20.8,0.035,0.4,0.5,1.170,13.0,16.4,0.000,0.0,0.0,0.000,0.0,0.0,4.912,54.5,68.8,1.023,11.4,14.3,native_daily_sim,4.912,54.5,native_daily_sim,ocean_water,ocean_water_knobs,gdext_native_daily_slice,4.869
14,398,46483,49,11.000,10.959,0.010,0.461,99.6,0.1,4.2,9.253,84.4,1.706,15.6,0.075,0.7,0.8,1.756,16.0,19.0,0.000,0.0,0.0,4.356,39.7,47.1,3.066,28.0,33.1,0.000,0.0,0.0,ocean_currents,4.356,39.7,ocean_currents,phys_slp,next_phys_wind,gdext,4.335
15,399,46509,49,7.000,7.480,0.007,0.384,106.9,0.1,5.5,5.803,77.6,1.677,22.4,0.045,0.6,0.8,1.181,15.8,20.4,0.000,0.0,0.0,2.466,33.0,42.5,1.760,23.5,30.3,0.351,4.7,6.0,ocean_currents,2.466,33.0,ocean_currents,daily_wind_prepass,daily_wind_slp,gdext_daily_wind_slp,2.457
16,400,46531,49,11.000,10.054,0.020,0.874,91.4,0.2,7.9,8.384,83.4,1.670,16.6,0.046,0.5,0.5,1.244,12.4,14.8,0.000,0.0,0.0,2.521,25.1,30.1,4.573,45.5,54.5,0.000,0.0,0.0,native_daily_sim,4.573,45.5,native_daily_sim,wind_surface,wind_surface_knobs,gdext_native_daily_slice,4.546
17,401,46547,49,6.000,5.535,0.011,0.525,92.2,0.2,8.8,4.042,73.0,1.493,27.0,0.037,0.7,0.9,1.187,21.4,29.4,0.000,0.0,0.0,0.000,0.0,0.0,2.359,42.6,58.4,0.459,8.3,11.4,native_daily_sim,2.359,42.6,native_daily_sim,sea_ice,sea_ice_knobs,gdext_native_daily_slice,2.343
18,402,46561,49,12.000,11.390,0.011,0.525,94.9,0.1,4.4,8.894,78.1,2.496,21.9,0.056,0.5,0.6,1.850,16.2,20.8,0.000,0.0,0.0,4.625,40.6,52.0,2.363,20.7,26.6,0.000,0.0,0.0,ocean_currents,4.625,40.6,ocean_currents,phys_psi_init,next_phys_upwelling,gdext,4.595
19,403,46582,49,12.000,10.710,0.025,0.764,89.2,0.2,6.4,8.885,83.0,1.825,17.0,0.071,0.7,0.8,1.759,16.4,19.8,0.000,0.0,0.0,0.000,0.0,0.0,7.055,65.9,79.4,0.000,0.0,0.0,native_daily_sim,7.055,65.9,native_daily_sim,weather,weather_knobs,gdext_native_daily_slice,7.038
20,404,46610,49,14.000,12.284,0.899,0.522,87.7,6.4,3.7,10.678,86.9,1.606,13.1,0.039,0.3,0.4,1.190,9.7,11.1,0.745,6.1,7.0,1.035,8.4,9.7,7.222,58.8,67.6,0.447,3.6,4.2,native_daily_sim,7.222,58.8,native_daily_sim,native_daily_complete,round_complete,gdext_native_daily_slice,7.204
21,405,46642,49,16.000,15.410,0.012,0.485,96.3,0.1,3.0,13.953,90.5,1.457,9.5,0.036,0.2,0.3,1.064,6.9,7.6,0.000,0.0,0.0,2.693,17.5,19.3,10.160,65.9,72.8,0.000,0.0,0.0,native_daily_sim,10.160,65.9,native_daily_sim,climate_pass_a,climate_pass_a_struct,gdext_native_daily_slice,10.149
22,406,46666,49,10.000,9.453,0.022,0.760,94.5,0.2,7.6,7.774,82.2,1.679,17.8,0.044,0.5,0.6,1.174,12.4,15.1,0.000,0.0,0.0,3.234,34.2,41.6,2.804,29.7,36.1,0.518,5.5,6.7,ocean_currents,3.234,34.2,ocean_currents,phys_slp,next_phys_wind,gdext,3.223
23,407,46697,49,11.000,9.813,0.016,0.958,89.2,0.1,8.7,8.126,82.8,1.687,17.2,0.053,0.5,0.7,1.289,13.1,15.9,0.000,0.0,0.0,0.000,0.0,0.0,6.784,69.1,83.5,0.000,0.0,0.0,native_daily_sim,6.784,69.1,native_daily_sim,ocean_water,ocean_water_knobs,gdext_native_daily_slice,6.757
24,408,46719,49,8.000,8.103,0.007,0.396,101.3,0.1,5.0,6.416,79.2,1.687,20.8,0.089,1.1,1.4,1.560,19.3,24.3,0.000,0.0,0.0,2.988,36.9,46.6,1.433,17.7,22.3,0.346,4.3,5.4,ocean_currents,2.988,36.9,ocean_currents,phys_wind,next_phys_done,gdext,2.976
25,409,46734,49,5.000,4.468,0.007,0.505,89.4,0.1,10.1,3.051,68.3,1.417,31.7,0.037,0.8,1.2,0.968,21.7,31.7,0.000,0.0,0.0,0.000,0.0,0.0,2.046,45.8,67.1,0.000,0.0,0.0,native_daily_sim,2.046,45.8,native_daily_sim,wind_air,wind_air_knobs,gdext_native_daily_slice,2.036
26,410,46753,49,8.000,7.505,0.008,0.468,93.8,0.1,5.9,6.007,80.0,1.498,20.0,0.042,0.6,0.7,1.134,15.1,18.9,0.000,0.0,0.0,2.458,32.8,40.9,1.922,25.6,32.0,0.451,6.0,7.5,ocean_currents,2.458,32.8,ocean_currents,phys_slp,next_phys_wind,gdext,2.448
27,411,46771,49,7.000,7.212,0.011,0.429,103.0,0.2,6.1,5.718,79.3,1.494,20.7,0.037,0.5,0.6,1.189,16.5,20.8,0.000,0.0,0.0,2.645,36.7,46.3,1.847,25.6,32.3,0.000,0.0,0.0,ocean_currents,2.645,36.7,ocean_currents,daily_wind_prepass,daily_wind_slp,gdext_daily_wind_slp,2.634
28,412,46789,49,8.000,7.926,0.009,0.439,99.1,0.1,5.5,5.879,74.2,2.047,25.8,0.036,0.5,0.6,1.384,17.5,23.5,1.019,12.9,17.3,1.579,19.9,26.9,1.484,18.7,25.2,0.377,4.8,6.4,ocean_currents,1.579,19.9,ocean_currents,phys_wind,next_phys_done,gdext,1.567
29,413,46816,49,7.000,6.343,0.007,0.404,90.6,0.1,5.8,4.820,76.0,1.523,24.0,0.037,0.6,0.8,1.152,18.2,23.9,0.000,0.0,0.0,0.000,0.0,0.0,3.631,57.2,75.3,0.000,0.0,0.0,native_daily_sim,3.631,57.2,native_daily_sim,weather,weather_knobs,gdext_native_daily_slice,3.621
30,414,46836,49,10.000,9.314,0.717,0.387,93.1,7.2,3.9,7.829,84.1,1.485,15.9,0.034,0.4,0.4,1.045,11.2,13.3,0.000,0.0,0.0,2.322,24.9,29.7,4.094,44.0,52.3,0.334,3.6,4.3,native_daily_sim,4.094,44.0,native_daily_sim,native_daily_complete,round_complete,gdext_native_daily_slice,4.078
31,415,46856,49,10.000,8.902,0.007,0.399,89.0,0.1,4.0,7.485,84.1,1.417,15.9,0.034,0.4,0.5,1.022,11.5,13.7,0.000,0.0,0.0,0.000,0.0,0.0,6.429,72.2,85.9,0.000,0.0,0.0,native_daily_sim,6.429,72.2,native_daily_sim,climate_pass_a,climate_pass_a_struct,gdext_native_daily_slice,6.420
32,416,46870,49,6.000,5.431,0.009,0.432,90.5,0.1,7.2,3.999,73.6,1.432,26.4,0.029,0.5,0.7,1.076,19.8,26.9,0.000,0.0,0.0,0.573,10.6,14.3,1.920,35.4,48.0,0.401,7.4,10.0,native_daily_sim,1.920,35.4,native_daily_sim,climate_pass_b,climate_pass_b_knobs,gdext_native_daily_slice,1.909
33,417,46899,49,9.000,9.023,0.008,0.406,100.3,0.1,4.5,7.566,83.9,1.457,16.1,0.039,0.4,0.5,1.086,12.0,14.4,0.000,0.0,0.0,2.689,29.8,35.5,3.752,41.6,49.6,0.000,0.0,0.0,native_daily_sim,3.752,41.6,native_daily_sim,ocean_water,ocean_water_knobs,gdext_native_daily_slice,3.743
34,418,46916,49,7.000,6.797,0.010,0.429,97.1,0.1,6.1,5.380,79.2,1.417,20.8,0.032,0.5,0.6,1.028,15.1,19.1,0.000,0.0,0.0,2.410,35.5,44.8,1.477,21.7,27.5,0.433,6.4,8.0,ocean_currents,2.410,35.5,ocean_currents,phys_slp,next_phys_wind,gdext,2.400
35,419,46930,49,5.000,4.439,0.006,0.426,88.8,0.1,8.5,3.057,68.9,1.382,31.1,0.030,0.7,1.0,1.151,25.9,37.7,0.000,0.0,0.0,0.000,0.0,0.0,1.876,42.3,61.4,0.000,0.0,0.0,native_daily_sim,1.876,42.3,native_daily_sim,wind_air,wind_air_knobs,gdext_native_daily_slice,1.868
36,420,46959,49,9.000,8.246,0.007,0.392,91.6,0.1,4.4,6.633,80.4,1.613,19.6,0.033,0.4,0.5,0.958,11.6,14.4,0.901,10.9,13.6,2.820,34.2,42.5,1.577,19.1,23.8,0.344,4.2,5.2,ocean_currents,2.820,34.2,ocean_currents,phys_wind,next_phys_done,gdext,2.809
37,421,46973,49,5.000,4.280,0.008,0.401,85.6,0.2,8.0,2.850,66.6,1.430,33.4,0.033,0.8,1.2,0.990,23.1,34.7,0.000,0.0,0.0,0.000,0.0,0.0,1.827,42.7,64.1,0.000,0.0,0.0,native_daily_sim,1.827,42.7,native_daily_sim,sea_ice,sea_ice_knobs,gdext_native_daily_slice,1.819
38,422,46990,49,8.000,7.285,0.007,0.390,91.1,0.1,4.9,5.492,75.4,1.793,24.6,0.032,0.4,0.6,1.021,14.0,18.6,0.000,0.0,0.0,2.482,34.1,45.2,1.576,21.6,28.7,0.381,5.2,6.9,ocean_currents,2.482,34.1,ocean_currents,phys_slp,next_phys_wind,gdext,2.473
39,423,47019,49,10.000,9.073,0.009,0.424,90.7,0.1,4.2,7.343,80.9,1.730,19.1,0.041,0.5,0.6,1.004,11.1,13.7,0.000,0.0,0.0,2.871,31.6,39.1,3.427,37.8,46.7,0.000,0.0,0.0,native_daily_sim,3.427,37.8,native_daily_sim,weather,weather_knobs,gdext_native_daily_slice,3.418
40,424,47039,46,10.000,8.667,0.745,0.444,86.7,7.4,4.4,7.236,83.5,1.431,16.5,0.037,0.4,0.5,1.096,12.6,15.1,0.000,0.0,0.0,1.477,17.0,20.4,4.276,49.3,59.1,0.350,4.0,4.8,native_daily_sim,4.276,49.3,native_daily_sim,native_daily_complete,round_complete,gdext_native_daily_slice,4.267
41,425,47059,46,11.000,10.753,0.007,0.391,97.8,0.1,3.6,9.315,86.6,1.438,13.4,0.035,0.3,0.4,1.066,9.9,11.4,0.000,0.0,0.0,0.000,0.0,0.0,8.214,76.4,88.2,0.000,0.0,0.0,native_daily_sim,8.214,76.4,native_daily_sim,climate_pass_a,climate_pass_a_struct,gdext_native_daily_slice,8.205
42,426,47087,46,8.000,7.195,0.007,0.393,89.9,0.1,4.9,5.689,79.1,1.506,20.9,0.040,0.6,0.7,1.200,16.7,21.1,0.000,0.0,0.0,2.266,31.5,39.8,1.829,25.4,32.1,0.354,4.9,6.2,ocean_currents,2.266,31.5,ocean_currents,phys_psi_init,next_phys_upwelling,gdext,2.255
43,427,47102,46,6.000,6.143,0.009,0.435,102.4,0.1,7.2,4.696,76.4,1.447,23.6,0.036,0.6,0.8,1.131,18.4,24.1,0.000,0.0,0.0,0.000,0.0,0.0,3.529,57.4,75.1,0.000,0.0,0.0,native_daily_sim,3.529,57.4,native_daily_sim,ocean_water,ocean_water_knobs,gdext_native_daily_slice,3.518
44,428,47118,46,7.000,6.081,0.008,0.403,86.9,0.1,5.8,4.610,75.8,1.471,24.2,0.032,0.5,0.7,1.158,19.0,25.1,0.675,11.1,14.6,0.677,11.1,14.7,1.690,27.8,36.7,0.378,6.2,8.2,native_daily_sim,1.690,27.8,native_daily_sim,ocean_land,ocean_land_knobs,gdext_native_daily_slice,1.681
45,429,47134,46,7.000,6.836,0.006,0.391,97.7,0.1,5.6,5.475,80.1,1.361,19.9,0.034,0.5,0.6,0.982,14.4,17.9,0.000,0.0,0.0,2.516,36.8,46.0,1.943,28.4,35.5,0.000,0.0,0.0,ocean_currents,2.516,36.8,ocean_currents,daily_wind_prepass,daily_wind_slp,gdext_daily_wind_slp,2.506
46,430,47164,46,8.000,7.603,0.008,0.434,95.0,0.1,5.4,6.135,80.7,1.468,19.3,0.033,0.4,0.5,1.143,15.0,18.6,0.000,0.0,0.0,2.613,34.4,42.6,1.941,25.5,31.6,0.405,5.3,6.6,ocean_currents,2.613,34.4,ocean_currents,phys_slp,next_phys_wind,gdext,2.602
47,431,47179,46,5.000,4.449,0.009,0.395,89.0,0.2,7.9,3.041,68.4,1.408,31.6,0.031,0.7,1.0,1.124,25.3,37.0,0.000,0.0,0.0,0.000,0.0,0.0,1.886,42.4,62.0,0.000,0.0,0.0,native_daily_sim,1.886,42.4,native_daily_sim,sea_ice,sea_ice_knobs,gdext_native_daily_slice,1.876
48,432,47195,46,8.000,7.446,0.006,0.378,93.1,0.1,4.7,5.640,75.7,1.806,24.3,0.031,0.4,0.5,1.119,15.0,19.8,0.000,0.0,0.0,2.655,35.7,47.1,1.449,19.5,25.7,0.386,5.2,6.8,ocean_currents,2.655,35.7,ocean_currents,phys_wind,next_phys_done,gdext,2.646
49,433,47229,46,6.000,6.033,0.007,0.383,100.6,0.1,6.4,4.448,73.7,1.585,26.3,0.040,0.7,0.9,1.202,19.9,27.0,0.000,0.0,0.0,0.000,0.0,0.0,3.206,53.1,72.1,0.000,0.0,0.0,native_daily_sim,3.206,53.1,native_daily_sim,weather,weather_knobs,gdext_native_daily_slice,3.197
50,434,47249,46,10.000,9.206,0.678,0.378,92.1,6.8,3.8,7.800,84.7,1.406,15.3,0.032,0.3,0.4,0.939,10.2,12.0,0.000,0.0,0.0,2.556,27.8,32.8,3.943,42.8,50.6,0.330,3.6,4.2,native_daily_sim,3.943,42.8,native_daily_sim,native_daily_complete,round_complete,gdext_native_daily_slice,3.933
51,435,47271,46,13.000,11.553,0.014,0.518,88.9,0.1,4.0,10.075,87.2,1.478,12.8,0.032,0.3,0.3,1.084,9.4,10.8,0.000,0.0,0.0,2.412,20.9,23.9,6.547,56.7,65.0,0.000,0.0,0.0,native_daily_sim,6.547,56.7,native_daily_sim,climate_pass_a,climate_pass_a_struct,gdext_native_daily_slice,6.526
52,436,47288,46,8.000,6.966,0.008,0.420,87.1,0.1,5.2,5.552,79.7,1.414,20.3,0.035,0.5,0.6,1.229,17.6,22.1,0.663,9.5,11.9,1.558,22.4,28.1,1.692,24.3,30.5,0.375,5.4,6.8,native_daily_sim,1.692,24.3,native_daily_sim,climate_pass_b,climate_pass_b_knobs,gdext_native_daily_slice,1.682
53,437,47304,46,6.000,5.743,0.010,0.453,95.7,0.2,7.5,4.358,75.9,1.385,24.1,0.037,0.6,0.8,1.021,17.8,23.4,0.000,0.0,0.0,0.000,0.0,0.0,3.300,57.5,75.7,0.000,0.0,0.0,native_daily_sim,3.300,57.5,native_daily_sim,ocean_water,ocean_water_knobs,gdext_native_daily_slice,3.291
54,438,47331,46,7.000,6.439,0.006,0.381,92.0,0.1,5.4,5.067,78.7,1.372,21.3,0.033,0.5,0.7,1.036,16.1,20.4,0.000,0.0,0.0,2.220,34.5,43.8,1.402,21.8,27.7,0.376,5.8,7.4,ocean_currents,2.220,34.5,ocean_currents,phys_psi_init,next_phys_upwelling,gdext,2.211
55,439,47348,46,5.000,4.497,0.007,0.385,89.9,0.1,7.7,2.934,65.2,1.563,34.8,0.034,0.8,1.2,1.066,23.7,36.3,0.000,0.0,0.0,0.000,0.0,0.0,1.834,40.8,62.5,0.000,0.0,0.0,native_daily_sim,1.834,40.8,native_daily_sim,wind_air,wind_air_knobs,gdext_native_daily_slice,1.824
56,440,47362,46,6.000,5.241,0.007,0.386,87.3,0.1,6.4,3.803,72.6,1.438,27.4,0.033,0.6,0.9,0.991,18.9,26.1,0.000,0.0,0.0,0.653,12.5,17.2,1.732,33.0,45.5,0.394,7.5,10.4,native_daily_sim,1.732,33.0,native_daily_sim,wind_surface,wind_surface_knobs,gdext_native_daily_slice,1.723
57,441,47378,46,7.000,6.321,0.007,0.393,90.3,0.1,5.6,4.907,77.6,1.414,22.4,0.033,0.5,0.7,0.975,15.4,19.9,0.000,0.0,0.0,2.381,37.7,48.5,1.518,24.0,30.9,0.000,0.0,0.0,ocean_currents,2.381,37.7,ocean_currents,daily_wind_prepass,daily_wind_slp,gdext_daily_wind_slp,2.371
58,442,47420,46,10.000,9.766,0.009,0.585,97.7,0.1,5.8,7.290,74.6,2.476,25.4,0.079,0.8,1.1,1.772,18.1,24.3,0.000,0.0,0.0,3.140,32.2,43.1,1.874,19.2,25.7,0.425,4.4,5.8,ocean_currents,3.140,32.2,ocean_currents,phys_slp,next_phys_wind,gdext,3.129
59,443,47447,46,12.000,11.213,0.018,0.641,93.4,0.1,5.3,9.023,80.5,2.190,19.5,0.082,0.7,0.9,1.774,15.8,19.7,0.000,0.0,0.0,0.000,0.0,0.0,7.167,63.9,79.4,0.000,0.0,0.0,native_daily_sim,7.167,63.9,native_daily_sim,weather,weather_knobs,gdext_native_daily_slice,7.143
60,444,47476,46,13.000,11.810,0.021,1.013,90.8,0.2,7.8,10.103,85.5,1.707,14.5,0.039,0.3,0.4,1.190,10.1,11.8,0.054,0.5,0.5,4.167,35.3,41.2,4.653,39.4,46.1,0.000,0.0,0.0,native_daily_sim,4.653,39.4,native_daily_sim,runtime_hydrology,runtime_hydrology_knobs,gdext_native_daily_slice,4.631
61,445,47507,46,13.000,10.245,1.627,0.939,78.8,12.5,7.2,8.280,80.8,1.965,19.2,0.089,0.9,1.1,1.416,13.8,17.1,0.000,0.0,0.0,0.000,0.0,0.0,6.096,59.5,73.6,0.679,6.6,8.2,native_daily_sim,6.096,59.5,native_daily_sim,native_daily_complete,round_complete,gdext_native_daily_slice,6.072
62,446,47535,46,7.000,6.472,0.792,0.445,92.5,11.3,6.4,4.877,75.4,1.595,24.6,0.064,1.0,1.3,1.420,21.9,29.1,0.000,0.0,0.0,2.984,46.1,61.2,0.000,0.0,0.0,0.409,6.3,8.4,ocean_currents,2.984,46.1,ocean_currents,phys_slp,next_phys_wind,gdext,2.961
63,447,47569,46,16.000,15.116,0.010,0.468,94.5,0.1,2.9,13.555,89.7,1.561,10.3,0.037,0.2,0.3,1.188,7.9,8.8,0.000,0.0,0.0,3.162,20.9,23.3,9.168,60.7,67.6,0.000,0.0,0.0,native_daily_sim,9.168,60.7,native_daily_sim,climate_pass_a,climate_pass_a_struct,gdext_native_daily_slice,9.154
64,448,47590,46,7.000,6.437,0.010,0.457,92.0,0.1,6.5,5.020,78.0,1.417,22.0,0.037,0.6,0.7,1.379,21.4,27.5,0.000,0.0,0.0,1.557,24.2,31.0,1.654,25.7,32.9,0.393,6.1,7.8,native_daily_sim,1.654,25.7,native_daily_sim,climate_pass_b,climate_pass_b_knobs,gdext_native_daily_slice,1.645
65,449,47603,46,12.000,11.119,0.018,0.874,92.7,0.1,7.3,9.379,84.4,1.740,15.6,0.054,0.5,0.6,1.557,14.0,16.6,0.000,0.0,0.0,0.000,0.0,0.0,7.768,69.9,82.8,0.000,0.0,0.0,native_daily_sim,7.768,69.9,native_daily_sim,ocean_water,ocean_water_knobs,gdext_native_daily_slice,7.739
66,450,47625,46,10.000,9.245,0.010,0.437,92.4,0.1,4.4,7.301,79.0,1.944,21.0,0.078,0.8,1.1,1.572,17.0,21.5,0.000,0.0,0.0,3.576,38.7,49.0,1.677,18.1,23.0,0.398,4.3,5.5,ocean_currents,3.576,38.7,ocean_currents,phys_psi_init,next_phys_upwelling,gdext,3.563
67,451,47644,46,5.000,4.647,0.006,0.387,92.9,0.1,7.7,3.186,68.6,1.461,31.4,0.040,0.9,1.3,1.287,27.7,40.4,0.000,0.0,0.0,0.000,0.0,0.0,1.859,40.0,58.3,0.000,0.0,0.0,native_daily_sim,1.859,40.0,native_daily_sim,wind_air,wind_air_knobs,gdext_native_daily_slice,1.850
68,452,47656,46,10.000,9.909,0.016,0.574,99.1,0.2,5.7,8.123,82.0,1.786,18.0,0.045,0.5,0.6,1.261,12.7,15.5,2.068,20.9,25.5,1.271,12.8,15.6,2.927,29.5,36.0,0.551,5.6,6.8,native_daily_sim,2.927,29.5,native_daily_sim,wind_surface,wind_surface_knobs,gdext_native_daily_slice,2.913
69,453,47682,46,8.000,7.485,0.010,0.443,93.6,0.1,5.5,5.952,79.5,1.533,20.5,0.039,0.5,0.7,1.256,16.8,21.1,0.000,0.0,0.0,2.757,36.8,46.3,1.900,25.4,31.9,0.000,0.0,0.0,ocean_currents,2.757,36.8,ocean_currents,daily_wind_prepass,daily_wind_slp,gdext_daily_wind_slp,2.745
70,454,47703,46,11.000,10.308,0.020,0.868,93.7,0.2,7.9,8.318,80.7,1.990,19.3,0.047,0.5,0.6,1.466,14.2,17.6,0.000,0.0,0.0,3.276,31.8,39.4,3.529,34.2,42.4,0.000,0.0,0.0,native_daily_sim,3.529,34.2,native_daily_sim,transpiration,transpiration_knobs,gdext_native_daily_slice,3.510
71,455,47722,46,7.000,6.198,0.006,0.383,88.5,0.1,5.5,4.655,75.1,1.543,24.9,0.035,0.6,0.8,0.923,14.9,19.8,0.000,0.0,0.0,0.000,0.0,0.0,3.311,53.4,71.1,0.386,6.2,8.3,native_daily_sim,3.311,53.4,native_daily_sim,weather,weather_knobs,gdext_native_daily_slice,3.301
72,456,47750,46,14.000,12.213,0.950,0.635,87.2,6.8,4.5,10.399,85.1,1.814,14.9,0.079,0.6,0.8,1.631,13.4,15.7,0.000,0.0,0.0,3.051,25.0,29.3,5.638,46.2,54.2,0.000,0.0,0.0,native_daily_sim,5.638,46.2,native_daily_sim,native_daily_complete,round_complete,gdext_native_daily_slice,5.621
73,457,47775,46,13.000,12.535,0.011,0.458,96.4,0.1,3.5,10.877,86.8,1.658,13.2,0.078,0.6,0.7,1.616,12.9,14.9,0.000,0.0,0.0,0.000,0.0,0.0,9.183,73.3,84.4,0.000,0.0,0.0,native_daily_sim,9.183,73.3,native_daily_sim,climate_pass_a,climate_pass_a_struct,gdext_native_daily_slice,9.171
74,458,47799,46,8.000,7.392,0.009,0.417,92.4,0.1,5.2,5.866,79.4,1.526,20.6,0.038,0.5,0.6,1.047,14.2,17.8,0.000,0.0,0.0,2.556,34.6,43.6,1.832,24.8,31.2,0.393,5.3,6.7,ocean_currents,2.556,34.6,ocean_currents,phys_slp,next_phys_wind,gdext,2.545
75,459,47827,46,12.000,11.438,0.017,0.799,95.3,0.1,6.7,9.613,84.0,1.825,16.0,0.086,0.8,0.9,1.229,10.7,12.8,0.000,0.0,0.0,2.769,24.2,28.8,5.529,48.3,57.5,0.000,0.0,0.0,native_daily_sim,5.529,48.3,native_daily_sim,ocean_water,ocean_water_knobs,gdext_native_daily_slice,5.512
76,460,47852,46,12.000,11.523,0.021,0.750,96.0,0.2,6.2,9.776,84.8,1.747,15.2,0.079,0.7,0.8,1.874,16.3,19.2,2.311,20.1,23.6,2.309,20.0,23.6,3.203,27.8,32.8,0.000,0.0,0.0,native_daily_sim,3.203,27.8,native_daily_sim,ocean_land,ocean_land_knobs,gdext_native_daily_slice,3.176
77,461,47874,46,6.000,5.407,0.008,0.414,90.1,0.1,6.9,3.737,69.1,1.670,30.9,0.058,1.1,1.6,1.243,23.0,33.3,0.000,0.0,0.0,0.000,0.0,0.0,2.071,38.3,55.4,0.365,6.8,9.8,native_daily_sim,2.071,38.3,native_daily_sim,wind_air,wind_air_knobs,gdext_native_daily_slice,2.061
78,462,47882,46,7.000,6.801,0.008,0.397,97.2,0.1,5.7,5.384,79.2,1.417,20.8,0.028,0.4,0.5,1.036,15.2,19.2,0.000,0.0,0.0,2.246,33.0,41.7,1.656,24.3,30.8,0.418,6.1,7.8,ocean_currents,2.246,33.0,ocean_currents,phys_psi_init,next_phys_upwelling,gdext,2.236
79,463,47896,46,5.000,4.671,0.009,0.420,93.4,0.2,8.4,3.231,69.2,1.440,30.8,0.035,0.7,1.1,1.201,25.7,37.2,0.000,0.0,0.0,0.000,0.0,0.0,1.995,42.7,61.7,0.000,0.0,0.0,native_daily_sim,1.995,42.7,native_daily_sim,sea_ice,sea_ice_knobs,gdext_native_daily_slice,1.985
80,464,47911,46,5.000,4.778,0.006,0.396,95.6,0.1,7.9,3.401,71.2,1.377,28.8,0.028,0.6,0.8,0.924,19.3,27.2,0.000,0.0,0.0,0.556,11.6,16.3,1.478,30.9,43.5,0.415,8.7,12.2,native_daily_sim,1.478,30.9,native_daily_sim,transpiration,transpiration_knobs,gdext_native_daily_slice,1.469
81,465,47929,46,9.000,8.548,0.007,0.393,95.0,0.1,4.4,7.161,83.8,1.387,16.2,0.026,0.3,0.4,0.975,11.4,13.6,0.000,0.0,0.0,2.470,28.9,34.5,3.690,43.2,51.5,0.000,0.0,0.0,native_daily_sim,3.690,43.2,native_daily_sim,weather,weather_knobs,gdext_native_daily_slice,3.680
82,466,47969,46,12.000,11.689,0.681,0.383,97.4,5.7,3.2,9.751,83.4,1.938,16.6,0.092,0.8,0.9,1.928,16.5,19.8,0.000,0.0,0.0,3.522,30.1,36.1,4.209,36.0,43.2,0.000,0.0,0.0,native_daily_sim,4.209,36.0,native_daily_sim,native_daily_complete,round_complete,gdext_native_daily_slice,4.198
83,467,47988,46,10.000,9.563,0.012,0.426,95.6,0.1,4.3,8.050,84.2,1.513,15.8,0.032,0.3,0.4,1.078,11.3,13.4,0.000,0.0,0.0,0.000,0.0,0.0,6.554,68.5,81.4,0.386,4.0,4.8,native_daily_sim,6.554,68.5,native_daily_sim,climate_pass_a,climate_pass_a_struct,gdext_native_daily_slice,6.544
84,468,48007,46,9.000,7.926,0.007,0.384,88.1,0.1,4.3,6.581,83.0,1.345,17.0,0.032,0.4,0.5,1.156,14.6,17.6,0.652,8.2,9.9,2.561,32.3,38.9,1.811,22.8,27.5,0.369,4.7,5.6,ocean_currents,2.561,32.3,ocean_currents,phys_wind,next_phys_done,gdext,2.551
85,469,48022,46,6.000,6.079,0.007,0.388,101.3,0.1,6.5,4.661,76.7,1.418,23.3,0.033,0.5,0.7,1.102,18.1,23.6,0.000,0.0,0.0,0.000,0.0,0.0,3.526,58.0,75.6,0.000,0.0,0.0,native_daily_sim,3.526,58.0,native_daily_sim,ocean_water,ocean_water_knobs,gdext_native_daily_slice,3.517
86,470,48038,49,7.000,6.927,0.007,0.385,99.0,0.1,5.5,5.551,80.1,1.376,19.9,0.028,0.4,0.5,0.918,13.3,16.5,0.000,0.0,0.0,2.660,38.4,47.9,1.564,22.6,28.2,0.381,5.5,6.9,ocean_currents,2.660,38.4,ocean_currents,phys_slp,next_phys_wind,gdext,2.650
87,471,48069,49,8.000,7.070,0.007,0.396,88.4,0.1,5.0,5.664,80.1,1.406,19.9,0.032,0.5,0.6,1.242,17.6,21.9,0.000,0.0,0.0,2.687,38.0,47.4,1.703,24.1,30.1,0.000,0.0,0.0,ocean_currents,2.687,38.0,ocean_currents,daily_wind_prepass,daily_wind_slp,gdext_daily_wind_slp,2.677
88,472,48084,49,7.000,5.829,0.005,0.361,83.3,0.1,5.2,4.458,76.5,1.371,23.5,0.028,0.5,0.6,1.033,17.7,23.2,0.000,0.0,0.0,1.418,24.3,31.8,1.595,27.4,35.8,0.384,6.6,8.6,native_daily_sim,1.595,27.4,native_daily_sim,wind_surface,wind_surface_knobs,gdext_native_daily_slice,1.586
89,473,48097,49,5.000,4.304,0.008,0.399,86.1,0.2,8.0,2.922,67.9,1.382,32.1,0.030,0.7,1.0,1.042,24.2,35.7,0.000,0.0,0.0,0.000,0.0,0.0,1.850,43.0,63.3,0.000,0.0,0.0,native_daily_sim,1.850,43.0,native_daily_sim,sea_ice,sea_ice_knobs,gdext_native_daily_slice,1.840
90,474,48113,49,7.000,6.491,0.006,0.376,92.7,0.1,5.4,5.141,79.2,1.350,20.8,0.028,0.4,0.5,1.050,16.2,20.4,0.000,0.0,0.0,2.274,35.0,44.2,1.396,21.5,27.2,0.393,6.1,7.6,ocean_currents,2.274,35.0,ocean_currents,phys_psi_init,next_phys_upwelling,gdext,2.264
91,475,48141,49,6.000,5.925,0.006,0.381,98.8,0.1,6.3,4.552,76.8,1.373,23.2,0.032,0.5,0.7,1.064,18.0,23.4,0.000,0.0,0.0,0.000,0.0,0.0,3.456,58.3,75.9,0.000,0.0,0.0,native_daily_sim,3.456,58.3,native_daily_sim,weather,weather_knobs,gdext_native_daily_slice,3.447
92,476,48159,49,9.000,7.953,0.653,0.383,88.4,7.3,4.3,6.601,83.0,1.352,17.0,0.035,0.4,0.5,1.002,12.6,15.2,0.709,8.9,10.7,0.558,7.0,8.5,3.962,49.8,60.0,0.335,4.2,5.1,native_daily_sim,3.962,49.8,native_daily_sim,native_daily_complete,round_complete,gdext_native_daily_slice,3.952
93,477,48179,49,11.000,11.267,0.007,0.411,102.4,0.1,3.7,9.917,88.0,1.350,12.0,0.039,0.3,0.4,1.105,9.8,11.1,0.000,0.0,0.0,2.392,21.2,24.1,6.381,56.6,64.3,0.000,0.0,0.0,native_daily_sim,6.381,56.6,native_daily_sim,climate_pass_a,climate_pass_a_struct,gdext_native_daily_slice,6.372
94,478,48211,49,10.000,9.532,0.007,0.389,95.3,0.1,3.9,6.845,71.8,2.687,28.2,0.053,0.6,0.8,1.123,11.8,16.4,0.000,0.0,0.0,2.961,31.1,43.3,2.334,24.5,34.1,0.374,3.9,5.5,ocean_currents,2.961,31.1,ocean_currents,phys_slp,next_phys_wind,gdext,2.946
95,479,48227,49,7.000,6.174,0.008,0.424,88.2,0.1,6.1,4.679,75.8,1.495,24.2,0.032,0.5,0.7,1.063,17.2,22.7,0.000,0.0,0.0,0.000,0.0,0.0,3.584,58.0,76.6,0.000,0.0,0.0,native_daily_sim,3.584,58.0,native_daily_sim,ocean_water,ocean_water_knobs,gdext_native_daily_slice,3.574
96,480,48243,49,7.000,6.966,0.006,0.410,99.5,0.1,5.9,5.444,78.2,1.522,21.8,0.033,0.5,0.6,0.965,13.9,17.7,0.000,0.0,0.0,2.566,36.8,47.1,1.514,21.7,27.8,0.366,5.3,6.7,ocean_currents,2.566,36.8,ocean_currents,phys_wind,next_phys_done,gdext,2.550
97,481,48257,49,5.000,4.428,0.007,0.379,88.6,0.1,7.6,3.017,68.1,1.411,31.9,0.031,0.7,1.0,1.143,25.8,37.9,0.000,0.0,0.0,0.000,0.0,0.0,1.843,41.6,61.1,0.000,0.0,0.0,native_daily_sim,1.843,41.6,native_daily_sim,wind_air,wind_air_knobs,gdext_native_daily_slice,1.835
98,482,48285,49,8.000,7.467,0.008,0.409,93.3,0.1,5.1,5.939,79.5,1.528,20.5,0.033,0.4,0.6,1.240,16.6,20.9,0.000,0.0,0.0,2.598,34.8,43.7,1.686,22.6,28.4,0.382,5.1,6.4,ocean_currents,2.598,34.8,ocean_currents,phys_slp,next_phys_wind,gdext,2.586
99,483,48303,49,8.000,7.085,0.008,0.405,88.6,0.1,5.1,5.672,80.1,1.413,19.9,0.031,0.4,0.5,1.142,16.1,20.1,0.000,0.0,0.0,2.702,38.1,47.6,1.797,25.4,31.7,0.000,0.0,0.0,ocean_currents,2.702,38.1,ocean_currents,daily_wind_prepass,daily_wind_slp,gdext_daily_wind_slp,2.691
100,484,48320,49,8.000,6.805,0.007,0.404,85.1,0.1,5.1,5.007,73.6,1.798,26.4,0.031,0.5,0.6,1.125,16.5,22.5,0.638,9.4,12.7,1.458,21.4,29.1,1.386,20.4,27.7,0.369,5.4,7.4,ocean_currents,1.458,21.4,ocean_currents,phys_wind,next_phys_done,gdext,1.447
101,485,48335,49,6.000,5.963,0.006,0.391,99.4,0.1,6.5,4.602,77.2,1.361,22.8,0.031,0.5,0.7,1.128,18.9,24.5,0.000,0.0,0.0,0.000,0.0,0.0,3.443,57.7,74.8,0.000,0.0,0.0,native_daily_sim,3.443,57.7,native_daily_sim,weather,weather_knobs,gdext_native_daily_slice,3.435
102,486,48368,49,11.000,9.771,0.709,0.390,88.8,6.4,3.5,8.227,84.2,1.544,15.8,0.039,0.4,0.5,1.215,12.4,14.8,0.000,0.0,0.0,2.251,23.0,27.4,4.381,44.8,53.3,0.341,3.5,4.1,native_daily_sim,4.381,44.8,native_daily_sim,native_daily_complete,round_complete,gdext_native_daily_slice,4.370
103,487,48388,49,10.000,9.149,0.007,0.398,91.5,0.1,4.0,7.710,84.3,1.439,15.7,0.035,0.4,0.5,1.144,12.5,14.8,0.000,0.0,0.0,0.000,0.0,0.0,6.531,71.4,84.7,0.000,0.0,0.0,native_daily_sim,6.531,71.4,native_daily_sim,climate_pass_a,climate_pass_a_struct,gdext_native_daily_slice,6.522
104,488,48403,49,5.000,5.064,0.008,0.408,101.3,0.2,8.2,3.692,72.9,1.372,27.1,0.034,0.7,0.9,1.083,21.4,29.3,0.000,0.0,0.0,0.656,13.0,17.8,1.551,30.6,42.0,0.368,7.3,10.0,native_daily_sim,1.551,30.6,native_daily_sim,climate_pass_b,climate_pass_b_knobs,gdext_native_daily_slice,1.543
105,489,48421,49,9.000,8.144,0.006,0.380,90.5,0.1,4.2,6.763,83.0,1.381,17.0,0.032,0.4,0.5,1.093,13.4,16.2,0.000,0.0,0.0,2.439,29.9,36.1,3.199,39.3,47.3,0.000,0.0,0.0,native_daily_sim,3.199,39.3,native_daily_sim,ocean_water,ocean_water_knobs,gdext_native_daily_slice,3.190
106,490,48456,49,11.000,9.973,0.011,0.466,90.7,0.1,4.2,8.230,82.5,1.743,17.5,0.089,0.9,1.1,1.606,16.1,19.5,0.000,0.0,0.0,3.642,36.5,44.3,2.508,25.1,30.5,0.385,3.9,4.7,ocean_currents,3.642,36.5,ocean_currents,phys_slp,next_phys_wind,gdext,3.628
107,491,48476,49,6.000,5.747,0.011,0.496,95.8,0.2,8.3,4.261,74.1,1.486,25.9,0.042,0.7,1.0,1.187,20.7,27.9,0.000,0.0,0.0,0.000,0.0,0.0,3.032,52.8,71.2,0.000,0.0,0.0,native_daily_sim,3.032,52.8,native_daily_sim,wind_air,wind_air_knobs,gdext_native_daily_slice,3.020
108,492,48502,49,12.000,11.522,0.023,0.755,96.0,0.2,6.3,9.881,85.8,1.641,14.2,0.036,0.3,0.4,1.040,9.0,10.5,1.215,10.5,12.3,3.784,32.8,38.3,3.806,33.0,38.5,0.000,0.0,0.0,native_daily_sim,3.806,33.0,native_daily_sim,wind_surface,wind_surface_knobs,gdext_native_daily_slice,3.788
109,493,48525,49,6.000,5.267,0.008,0.464,87.8,0.1,7.7,3.700,70.2,1.567,29.8,0.043,0.8,1.2,1.268,24.1,34.3,0.000,0.0,0.0,0.000,0.0,0.0,1.982,37.6,53.6,0.407,7.7,11.0,native_daily_sim,1.982,37.6,native_daily_sim,sea_ice,sea_ice_knobs,gdext_native_daily_slice,1.972
110,494,48539,49,13.000,12.463,0.010,0.503,95.9,0.1,3.9,10.093,81.0,2.370,19.0,0.050,0.4,0.5,1.634,13.1,16.2,0.000,0.0,0.0,3.682,29.5,36.5,4.727,37.9,46.8,0.000,0.0,0.0,native_daily_sim,4.727,37.9,native_daily_sim,transpiration,transpiration_knobs,gdext_native_daily_slice,4.711
111,495,48569,49,13.000,12.513,0.023,0.829,96.3,0.2,6.4,10.843,86.7,1.670,13.3,0.041,0.3,0.4,1.223,9.8,11.3,0.000,0.0,0.0,2.699,21.6,24.9,6.880,55.0,63.5,0.000,0.0,0.0,native_daily_sim,6.880,55.0,native_daily_sim,weather,weather_knobs,gdext_native_daily_slice,6.851
112,496,48594,49,9.000,8.239,0.014,0.521,91.5,0.2,5.8,6.411,77.8,1.828,22.2,0.071,0.9,1.1,1.919,23.3,29.9,0.000,0.0,0.0,1.889,22.9,29.5,2.106,25.6,32.8,0.426,5.2,6.6,native_daily_sim,2.106,25.6,native_daily_sim,runtime_hydrology,runtime_hydrology_knobs,gdext_native_daily_slice,2.096
113,497,48622,49,13.000,10.209,1.426,0.840,78.5,11.0,6.5,8.529,83.5,1.680,16.5,0.051,0.5,0.6,1.270,12.4,14.9,0.000,0.0,0.0,0.000,0.0,0.0,7.208,70.6,84.5,0.000,0.0,0.0,native_daily_sim,7.208,70.6,native_daily_sim,native_daily_complete,round_complete,gdext_native_daily_slice,7.178
114,498,48648,49,9.000,7.237,1.048,0.731,80.4,11.6,8.1,5.441,75.2,1.796,24.8,0.041,0.6,0.8,1.099,15.2,20.2,0.000,0.0,0.0,3.641,50.3,66.9,0.000,0.0,0.0,0.660,9.1,12.1,ocean_currents,3.641,50.3,ocean_currents,phys_psi_init,next_phys_upwelling,gdext,3.613
115,499,48686,49,14.000,13.184,0.012,0.597,94.2,0.1,4.3,11.686,88.6,1.498,11.4,0.036,0.3,0.3,1.110,8.4,9.5,0.000,0.0,0.0,0.000,0.0,0.0,10.540,79.9,90.2,0.000,0.0,0.0,native_daily_sim,10.540,79.9,native_daily_sim,climate_pass_a,climate_pass_a_struct,gdext_native_daily_slice,10.520
116,500,48710,49,6.000,6.360,0.010,0.432,106.0,0.2,7.2,4.798,75.4,1.562,24.6,0.038,0.6,0.8,1.009,15.9,21.0,0.742,11.7,15.5,0.623,9.8,13.0,1.956,30.8,40.8,0.430,6.8,9.0,native_daily_sim,1.956,30.8,native_daily_sim,climate_pass_b,climate_pass_b_knobs,gdext_native_daily_slice,1.945
117,501,48736,49,11.000,10.892,0.012,0.833,99.0,0.1,7.6,9.360,85.9,1.532,14.1,0.049,0.4,0.5,1.064,9.8,11.4,0.000,0.0,0.0,3.178,29.2,34.0,5.069,46.5,54.2,0.000,0.0,0.0,native_daily_sim,5.069,46.5,native_daily_sim,ocean_water,ocean_water_knobs,gdext_native_daily_slice,5.053
118,502,48757,49,8.000,7.378,0.009,0.476,92.2,0.1,5.9,5.752,78.0,1.626,22.0,0.044,0.6,0.8,1.121,15.2,19.5,0.000,0.0,0.0,2.510,34.0,43.6,1.702,23.1,29.6,0.375,5.1,6.5,ocean_currents,2.510,34.0,ocean_currents,phys_slp,next_phys_wind,gdext,2.500
119,503,48783,49,8.000,7.112,0.014,0.514,88.9,0.2,6.4,5.267,74.1,1.845,25.9,0.084,1.2,1.6,1.672,23.5,31.7,0.000,0.0,0.0,0.000,0.0,0.0,3.511,49.4,66.7,0.000,0.0,0.0,native_daily_sim,3.511,49.4,native_daily_sim,wind_air,wind_air_knobs,gdext_native_daily_slice,3.497
120,504,48804,49,8.000,8.007,0.012,0.533,100.1,0.1,6.7,6.433,80.3,1.574,19.7,0.042,0.5,0.7,1.136,14.2,17.7,0.000,0.0,0.0,2.750,34.3,42.7,1.987,24.8,30.9,0.518,6.5,8.1,ocean_currents,2.750,34.3,ocean_currents,phys_wind,next_phys_done,gdext,2.739
121,505,48828,49,8.000,7.111,0.016,0.655,88.9,0.2,8.2,5.389,75.8,1.722,24.2,0.039,0.5,0.7,1.378,19.4,25.6,0.000,0.0,0.0,0.000,0.0,0.0,3.972,55.9,73.7,0.000,0.0,0.0,native_daily_sim,3.972,55.9,native_daily_sim,sea_ice,sea_ice_knobs,gdext_native_daily_slice,3.955
122,506,48851,49,10.000,8.911,0.011,0.543,89.1,0.1,5.4,6.960,78.1,1.951,21.9,0.056,0.6,0.8,1.526,17.1,21.9,0.000,0.0,0.0,3.100,34.8,44.5,1.824,20.5,26.2,0.454,5.1,6.5,ocean_currents,3.100,34.8,ocean_currents,phys_slp,next_phys_wind,gdext,3.087
123,507,48876,49,12.000,11.422,0.016,1.166,95.2,0.1,9.7,9.870,86.4,1.552,13.6,0.040,0.4,0.4,1.055,9.2,10.7,0.000,0.0,0.0,2.938,25.7,29.8,5.837,51.1,59.1,0.000,0.0,0.0,native_daily_sim,5.837,51.1,native_daily_sim,weather,weather_knobs,gdext_native_daily_slice,5.823
124,508,48909,49,16.000,12.791,1.303,1.786,79.9,8.1,11.2,10.979,85.8,1.812,14.2,0.060,0.5,0.5,2.099,16.4,19.1,1.462,11.4,13.3,1.467,11.5,13.4,5.891,46.1,53.7,0.000,0.0,0.0,native_daily_sim,5.891,46.1,native_daily_sim,native_daily_complete,round_complete,gdext_native_daily_slice,5.862
125,509,48939,49,14.000,12.600,0.028,1.511,90.0,0.2,10.8,10.678,84.7,1.922,15.3,0.089,0.7,0.8,1.623,12.9,15.2,0.000,0.0,0.0,0.000,0.0,0.0,8.468,67.2,79.3,0.498,4.0,4.7,native_daily_sim,8.468,67.2,native_daily_sim,climate_pass_a,climate_pass_a_struct,gdext_native_daily_slice,8.456
126,510,48967,49,13.000,11.637,0.025,0.865,89.5,0.2,6.7,8.930,76.7,2.707,23.3,0.092,0.8,1.0,1.464,12.6,16.4,0.000,0.0,0.0,3.705,31.8,41.5,3.669,31.5,41.1,0.000,0.0,0.0,ocean_currents,3.705,31.8,ocean_currents,phys_psi_init,next_phys_upwelling,gdext,3.687
127,511,48989,49,7.000,6.401,0.010,0.501,91.4,0.1,7.2,4.922,76.9,1.479,23.1,0.037,0.6,0.8,1.172,18.3,23.8,0.000,0.0,0.0,0.000,0.0,0.0,3.300,51.6,67.0,0.413,6.5,8.4,native_daily_sim,3.300,51.6,native_daily_sim,ocean_water,ocean_water_knobs,gdext_native_daily_slice,3.292
128,512,49013,49,10.000,10.115,0.015,0.709,101.2,0.1,7.1,7.946,78.6,2.169,21.4,0.081,0.8,1.0,2.070,20.5,26.1,0.000,0.0,0.0,1.523,15.1,19.2,3.618,35.8,45.5,0.654,6.5,8.2,native_daily_sim,3.618,35.8,native_daily_sim,ocean_land,ocean_land_knobs,gdext_native_daily_slice,3.598
129,513,49039,48,10.000,10.129,0.010,0.501,101.3,0.1,5.0,8.559,84.5,1.570,15.5,0.042,0.4,0.5,1.180,11.6,13.8,0.000,0.0,0.0,4.197,41.4,49.0,3.140,31.0,36.7,0.000,0.0,0.0,ocean_currents,4.197,41.4,ocean_currents,daily_wind_prepass,daily_wind_slp,gdext_daily_wind_slp,4.184
130,514,49065,48,11.000,10.420,0.010,0.599,94.7,0.1,5.4,8.849,84.9,1.571,15.1,0.077,0.7,0.9,1.831,17.6,20.7,0.000,0.0,0.0,4.124,39.6,46.6,2.817,27.0,31.8,0.000,0.0,0.0,ocean_currents,4.124,39.6,ocean_currents,phys_slp,next_phys_wind,gdext,4.111
131,515,49089,48,9.000,8.295,0.011,0.478,92.2,0.1,5.3,6.527,78.7,1.768,21.3,0.077,0.9,1.2,2.104,25.4,32.2,0.000,0.0,0.0,0.000,0.0,0.0,3.826,46.1,58.6,0.520,6.3,8.0,native_daily_sim,3.826,46.1,native_daily_sim,sea_ice,sea_ice_knobs,gdext_native_daily_slice,3.809
132,516,49117,48,13.000,12.556,0.009,0.448,96.6,0.1,3.4,10.472,83.4,2.084,16.6,0.036,0.3,0.3,1.048,8.3,10.0,1.762,14.0,16.8,4.417,35.2,42.2,3.209,25.6,30.6,0.000,0.0,0.0,ocean_currents,4.417,35.2,ocean_currents,phys_wind,next_phys_done,gdext,4.401
133,517,49141,48,10.000,9.463,0.016,0.532,94.6,0.2,5.3,7.895,83.4,1.568,16.6,0.044,0.5,0.6,1.244,13.1,15.8,0.000,0.0,0.0,0.000,0.0,0.0,6.115,64.6,77.5,0.492,5.2,6.2,native_daily_sim,6.115,64.6,native_daily_sim,weather,weather_knobs,gdext_native_daily_slice,6.103
134,518,49166,48,12.000,10.256,0.777,0.512,85.5,6.5,4.3,8.683,84.7,1.573,15.3,0.041,0.4,0.5,1.141,11.1,13.1,0.000,0.0,0.0,3.064,29.9,35.3,4.437,43.3,51.1,0.000,0.0,0.0,native_daily_sim,4.437,43.3,native_daily_sim,native_daily_complete,round_complete,gdext_native_daily_slice,4.425
135,519,49195,48,14.000,14.351,0.012,0.463,102.5,0.1,3.3,12.776,89.0,1.575,11.0,0.039,0.3,0.3,1.944,13.5,15.2,0.000,0.0,0.0,2.977,20.7,23.3,7.816,54.5,61.2,0.000,0.0,0.0,native_daily_sim,7.816,54.5,native_daily_sim,climate_pass_a,climate_pass_a_struct,gdext_native_daily_slice,7.803
136,520,49221,48,11.000,10.447,0.010,0.630,95.0,0.1,5.7,8.712,83.4,1.735,16.6,0.083,0.8,1.0,2.017,19.3,23.2,0.000,0.0,0.0,2.595,24.8,29.8,3.575,34.2,41.0,0.442,4.2,5.1,native_daily_sim,3.575,34.2,native_daily_sim,climate_pass_b,climate_pass_b_knobs,gdext_native_daily_slice,3.556
137,521,49243,48,9.000,8.449,0.015,0.776,93.9,0.2,8.6,6.788,80.3,1.661,19.7,0.044,0.5,0.6,1.147,13.6,16.9,0.000,0.0,0.0,0.000,0.0,0.0,5.597,66.2,82.5,0.000,0.0,0.0,native_daily_sim,5.597,66.2,native_daily_sim,ocean_water,ocean_water_knobs,gdext_native_daily_slice,5.580
138,522,49269,48,12.000,10.557,0.026,1.080,88.0,0.2,9.0,8.460,80.1,2.097,19.9,0.072,0.7,0.9,1.761,16.7,20.8,0.000,0.0,0.0,2.949,27.9,34.9,2.680,25.4,31.7,0.998,9.5,11.8,ocean_currents,2.949,27.9,ocean_currents,phys_psi_init,next_phys_upwelling,gdext,2.936
139,523,49293,48,9.000,8.390,0.011,0.458,93.2,0.1,5.1,5.743,68.5,2.647,31.5,0.091,1.1,1.6,1.638,19.5,28.5,0.000,0.0,0.0,0.000,0.0,0.0,4.014,47.8,69.9,0.000,0.0,0.0,native_daily_sim,4.014,47.8,native_daily_sim,wind_air,wind_air_knobs,gdext_native_daily_slice,3.996
140,524,49318,48,11.000,9.727,0.021,0.895,88.4,0.2,8.1,7.997,82.2,1.730,17.8,0.042,0.4,0.5,1.083,11.1,13.5,2.581,26.5,32.3,1.560,16.0,19.5,2.731,28.1,34.2,0.000,0.0,0.0,native_daily_sim,2.731,28.1,native_daily_sim,wind_surface,wind_surface_knobs,gdext_native_daily_slice,2.722
141,525,49348,48,12.000,11.841,0.020,0.812,98.7,0.2,6.8,10.097,85.3,1.744,14.7,0.059,0.5,0.6,1.163,9.8,11.5,0.000,0.0,0.0,3.817,32.2,37.8,5.058,42.7,50.1,0.000,0.0,0.0,native_daily_sim,5.058,42.7,native_daily_sim,sea_ice,sea_ice_knobs,gdext_native_daily_slice,5.039
142,526,49376,48,12.000,10.489,0.024,1.294,87.4,0.2,10.8,8.179,78.0,2.310,22.0,0.040,0.4,0.5,1.247,11.9,15.2,0.000,0.0,0.0,3.386,32.3,41.4,2.315,22.1,28.3,1.191,11.4,14.6,ocean_currents,3.386,32.3,ocean_currents,phys_slp,next_phys_wind,gdext,3.370
