tick_idx,climate_pass_stage,climate_pass_path,climate_pass_status
585,pass_a,data_core,done
586,pass_b,data_core,done
587,ocean_water,native_chunk,running
588,ocean_water,native_chunk,running
589,ocean_water,native_chunk,done
590,ocean_land,native_chunk,running
591,ocean_land,native_chunk,running
592,ocean_land,native_chunk,done
593,wind_air,gdext,done
594,wind_surface,gdext,done
595,transp,gdext,done
596,pass_a,data_core,done
597,pass_b,data_core,done
598,ocean_water,native_chunk,running
599,ocean_water,native_chunk,running
600,ocean_water,native_chunk,done
601,ocean_land,native_chunk,running
602,ocean_land,native_chunk,running
603,ocean_land,native_chunk,done
604,wind_air,gdext,done
605,wind_surface,gdext,done
606,transp,gdext,done
607,pass_a,data_core,done
608,pass_b,data_core,done
609,ocean_water,native_chunk,running
610,ocean_water,native_chunk,running
611,ocean_water,native_chunk,done
612,ocean_land,native_chunk,running
613,ocean_land,native_chunk,running
614,ocean_land,native_chunk,done
615,wind_air,gdext,done
616,wind_surface,gdext,done
617,transp,gdext,done
618,pass_a,data_core,done
619,pass_b,data_core,done
620,ocean_water,native_chunk,running
621,ocean_water,native_chunk,running
622,ocean_water,native_chunk,done
623,ocean_land,native_chunk,running
624,ocean_land,native_chunk,running
625,ocean_land,native_chunk,done
626,wind_air,gdext,done
627,wind_surface,gdext,done
628,transp,gdext,done
629,pass_a,data_core,done
630,pass_b,data_core,done
631,ocean_water,native_chunk,running
632,ocean_water,native_chunk,running
633,ocean_water,native_chunk,done
634,ocean_land,native_chunk,running
635,ocean_land,native_chunk,running
636,ocean_land,native_chunk,done
637,wind_air,gdext,done
638,wind_surface,gdext,done
639,transp,gdext,done
640,pass_a,data_core,done
641,pass_b,data_core,done
642,ocean_water,native_chunk,running
643,ocean_water,native_chunk,running
644,ocean_water,native_chunk,done
645,ocean_land,native_chunk,running
646,ocean_land,native_chunk,running
647,ocean_land,native_chunk,done
648,wind_air,gdext,done
649,wind_surface,gdext,done
650,transp,gdext,done
651,pass_a,data_core,done
652,pass_b,data_core,done
653,ocean_water,native_chunk,running
654,ocean_water,native_chunk,running
655,ocean_water,native_chunk,done
656,ocean_land,native_chunk,running
657,ocean_land,native_chunk,running
658,ocean_land,native_chunk,done
659,wind_air,gdext,done
660,wind_surface,gdext,done
661,transp,gdext,done
662,pass_a,data_core,done
663,pass_b,data_core,done
664,ocean_water,native_chunk,running
665,ocean_water,native_chunk,running
666,ocean_water,native_chunk,done
667,ocean_land,native_chunk,running
668,ocean_land,native_chunk,running
669,ocean_land,native_chunk,done
670,wind_air,gdext,done
671,wind_surface,gdext,done
672,transp,gdext,done
673,pass_a,data_core,done
674,pass_b,data_core,done
675,ocean_water,native_chunk,running
676,ocean_water,native_chunk,running
677,ocean_water,native_chunk,done
678,ocean_land,native_chunk,running
679,ocean_land,native_chunk,running
680,ocean_land,native_chunk,done
681,wind_air,gdext,done
682,wind_surface,gdext,done
683,transp,gdext,done
684,pass_a,data_core,done
685,pass_b,data_core,done
686,ocean_water,native_chunk,running
687,ocean_water,native_chunk,running
688,ocean_water,native_chunk,done
689,ocean_land,native_chunk,running
690,ocean_land,native_chunk,running
691,ocean_land,native_chunk,done
692,wind_air,gdext,done
693,wind_surface,gdext,done
694,transp,gdext,done
695,pass_a,data_core,done
696,pass_b,data_core,done
697,ocean_water,native_chunk,running
698,ocean_water,native_chunk,running
699,ocean_water,native_chunk,done
700,ocean_land,native_chunk,running
701,ocean_land,native_chunk,running
702,ocean_land,native_chunk,done
703,wind_air,gdext,done
704,wind_surface,gdext,done
705,transp,gdext,done
706,pass_a,data_core,done
707,pass_b,data_core,done
708,ocean_water,native_chunk,running
709,ocean_water,native_chunk,running
710,ocean_water,native_chunk,done
711,ocean_land,native_chunk,running
712,ocean_land,native_chunk,running
713,ocean_land,native_chunk,done
714,wind_air,gdext,done
715,wind_surface,gdext,done
716,transp,gdext,done
717,pass_a,data_core,done
718,pass_b,data_core,done
719,ocean_water,native_chunk,running
720,ocean_water,native_chunk,running
721,ocean_water,native_chunk,done
722,ocean_land,native_chunk,running
723,ocean_land,native_chunk,running
724,ocean_land,native_chunk,done
725,wind_air,gdext,done
726,wind_surface,gdext,done
727,transp,gdext,done
728,pass_a,data_core,done
729,pass_b,data_core,done
730,ocean_water,native_chunk,running
731,ocean_water,native_chunk,running
732,ocean_water,native_chunk,done
733,ocean_land,native_chunk,running
734,ocean_land,native_chunk,running
735,ocean_land,native_chunk,done
736,wind_air,gdext,done
737,wind_surface,gdext,done
738,transp,gdext,done
739,pass_a,data_core,done
740,pass_b,data_core,done
741,ocean_water,native_chunk,running
742,ocean_water,native_chunk,running
743,ocean_water,native_chunk,done
744,ocean_land,native_chunk,running
745,ocean_land,native_chunk,running
746,ocean_land,native_chunk,done
747,wind_air,gdext,done
748,wind_surface,gdext,done
749,transp,gdext,done
750,pass_a,data_core,done
751,pass_b,data_core,done
752,ocean_water,native_chunk,running
753,ocean_water,native_chunk,running
754,ocean_water,native_chunk,done
755,ocean_land,native_chunk,running
756,ocean_land,native_chunk,running
757,ocean_land,native_chunk,done
758,wind_air,gdext,done
759,wind_surface,gdext,done
760,transp,gdext,done
761,pass_a,data_core,done
762,pass_b,data_core,done
763,ocean_water,native_chunk,running
764,ocean_water,native_chunk,running
765,ocean_water,native_chunk,done
766,ocean_land,native_chunk,running
767,ocean_land,native_chunk,running
768,ocean_land,native_chunk,done
769,wind_air,gdext,done
770,wind_surface,gdext,done
771,transp,gdext,done
772,pass_a,data_core,done
773,pass_b,data_core,done
774,ocean_water,native_chunk,running
775,ocean_water,native_chunk,running
776,ocean_water,native_chunk,done
777,ocean_land,native_chunk,running
778,ocean_land,native_chunk,running
779,ocean_land,native_chunk,done
780,wind_air,gdext,done
781,wind_surface,gdext,done
782,transp,gdext,done
783,pass_a,data_core,done
784,pass_b,data_core,done
785,ocean_water,native_chunk,running
786,ocean_water,native_chunk,running
787,ocean_water,native_chunk,done
788,ocean_land,native_chunk,running
789,ocean_land,native_chunk,running
790,ocean_land,native_chunk,done
791,wind_air,gdext,done
792,wind_surface,gdext,done
793,transp,gdext,done
794,pass_a,data_core,done
795,pass_b,data_core,done
796,ocean_water,native_chunk,running
797,ocean_water,native_chunk,running
798,ocean_water,native_chunk,done
799,ocean_land,native_chunk,running
800,ocean_land,native_chunk,running
801,ocean_land,native_chunk,done
802,wind_air,gdext,done
803,wind_surface,gdext,done
804,transp,gdext,done
805,pass_a,data_core,done
806,pass_b,data_core,done
807,ocean_water,native_chunk,running
808,ocean_water,native_chunk,running
809,ocean_water,native_chunk,done
810,ocean_land,native_chunk,running
811,ocean_land,native_chunk,running
812,ocean_land,native_chunk,done
813,wind_air,gdext,done
814,wind_surface,gdext,done
815,transp,gdext,done
816,pass_a,data_core,done
817,pass_b,data_core,done
818,ocean_water,native_chunk,running
819,ocean_water,native_chunk,running
820,ocean_water,native_chunk,done
821,ocean_land,native_chunk,running
822,ocean_land,native_chunk,running
823,ocean_land,native_chunk,done
824,wind_air,gdext,done
825,wind_surface,gdext,done
826,transp,gdext,done
827,pass_a,data_core,done
828,pass_b,data_core,done
829,ocean_water,native_chunk,running
830,ocean_water,native_chunk,running
831,ocean_water,native_chunk,done
832,ocean_land,native_chunk,running
833,ocean_land,native_chunk,running
834,ocean_land,native_chunk,done
835,wind_air,gdext,done
836,wind_surface,gdext,done
837,transp,gdext,done
838,pass_a,data_core,done
839,pass_b,data_core,done
840,ocean_water,native_chunk,running
841,ocean_water,native_chunk,running
842,ocean_water,native_chunk,done
843,ocean_land,native_chunk,running
844,ocean_land,native_chunk,running
845,ocean_land,native_chunk,done
846,wind_air,gdext,done
847,wind_surface,gdext,done
848,transp,gdext,done
849,pass_a,data_core,done
850,pass_b,data_core,done
851,ocean_water,native_chunk,running
852,ocean_water,native_chunk,running
853,ocean_water,native_chunk,done
854,ocean_land,native_chunk,running
855,ocean_land,native_chunk,running
856,ocean_land,native_chunk,done
857,wind_air,gdext,done
858,wind_surface,gdext,done
859,transp,gdext,done
860,pass_a,data_core,done
861,pass_b,data_core,done
862,ocean_water,native_chunk,running
863,ocean_water,native_chunk,running
864,ocean_water,native_chunk,done
865,ocean_land,native_chunk,running
866,ocean_land,native_chunk,running
867,ocean_land,native_chunk,done
868,wind_air,gdext,done
869,wind_surface,gdext,done
870,transp,gdext,done
871,pass_a,data_core,done
872,pass_b,data_core,done
873,ocean_water,native_chunk,running
874,ocean_water,native_chunk,running
875,ocean_water,native_chunk,done
876,ocean_land,native_chunk,running
877,ocean_land,native_chunk,running
878,ocean_land,native_chunk,done
879,wind_air,gdext,done
880,wind_surface,gdext,done
881,transp,gdext,done
882,pass_a,data_core,done
883,pass_b,data_core,done
884,ocean_water,native_chunk,running
885,ocean_water,native_chunk,running
886,ocean_water,native_chunk,done
887,ocean_land,native_chunk,running
888,ocean_land,native_chunk,running
889,ocean_land,native_chunk,done
890,wind_air,gdext,done
891,wind_surface,gdext,done
892,transp,gdext,done
893,pass_a,data_core,done
894,pass_b,data_core,done
895,ocean_water,native_chunk,running
896,ocean_water,native_chunk,running
897,ocean_water,native_chunk,done
898,ocean_land,native_chunk,running
899,ocean_land,native_chunk,running
900,ocean_land,native_chunk,done
901,wind_air,gdext,done
902,wind_surface,gdext,done
903,transp,gdext,done
904,pass_a,data_core,done
905,pass_b,data_core,done
906,ocean_water,native_chunk,running
907,ocean_water,native_chunk,running
908,ocean_water,native_chunk,done
909,ocean_land,native_chunk,running
910,ocean_land,native_chunk,running
911,ocean_land,native_chunk,done
912,wind_air,gdext,done
913,wind_surface,gdext,done
914,transp,gdext,done
915,pass_a,data_core,done
916,pass_b,data_core,done
917,ocean_water,native_chunk,running
918,ocean_water,native_chunk,running
919,ocean_water,native_chunk,done
920,ocean_land,native_chunk,running
921,ocean_land,native_chunk,running
922,ocean_land,native_chunk,done
923,wind_air,gdext,done
924,wind_surface,gdext,done
925,transp,gdext,done
926,pass_a,data_core,done
927,pass_b,data_core,done
928,ocean_water,native_chunk,running
929,ocean_water,native_chunk,running
930,ocean_water,native_chunk,done
931,ocean_land,native_chunk,running
932,ocean_land,native_chunk,running
933,ocean_land,native_chunk,done
934,wind_air,gdext,done
935,wind_surface,gdext,done
936,transp,gdext,done
937,pass_a,data_core,done
938,pass_b,data_core,done
939,ocean_water,native_chunk,running
940,ocean_water,native_chunk,running
941,ocean_water,native_chunk,done
942,ocean_land,native_chunk,running
943,ocean_land,native_chunk,running
944,ocean_land,native_chunk,done
945,wind_air,gdext,done
946,wind_surface,gdext,done
947,transp,gdext,done
948,pass_a,data_core,done
949,pass_b,data_core,done
950,ocean_water,native_chunk,running
951,ocean_water,native_chunk,running
952,ocean_water,native_chunk,done
953,ocean_land,native_chunk,running
954,ocean_land,native_chunk,running
955,ocean_land,native_chunk,done
956,wind_air,gdext,done
957,wind_surface,gdext,done
958,transp,gdext,done
959,pass_a,data_core,done
960,pass_b,data_core,done
961,ocean_water,native_chunk,running
962,ocean_water,native_chunk,running
963,ocean_water,native_chunk,done
964,ocean_land,native_chunk,running
965,ocean_land,native_chunk,running
966,ocean_land,native_chunk,done
967,wind_air,gdext,done
968,wind_surface,gdext,done
969,transp,gdext,done
970,pass_a,data_core,done
971,pass_b,data_core,done
972,ocean_water,native_chunk,running
973,ocean_water,native_chunk,running
974,ocean_water,native_chunk,done
975,ocean_land,native_chunk,running
976,ocean_land,native_chunk,running
977,ocean_land,native_chunk,done
978,wind_air,gdext,done
979,wind_surface,gdext,done
980,transp,gdext,done
981,pass_a,data_core,done
982,pass_b,data_core,done
983,ocean_water,native_chunk,running
984,ocean_water,native_chunk,running
985,ocean_water,native_chunk,done
986,ocean_land,native_chunk,running
987,ocean_land,native_chunk,running
988,ocean_land,native_chunk,done
989,wind_air,gdext,done
990,wind_surface,gdext,done
991,transp,gdext,done
992,pass_a,data_core,done
993,pass_b,data_core,done
994,ocean_water,native_chunk,running
995,ocean_water,native_chunk,running
996,ocean_water,native_chunk,done
997,ocean_land,native_chunk,running
998,ocean_land,native_chunk,running
999,ocean_land,native_chunk,done
1000,wind_air,gdext,done
1001,wind_surface,gdext,done
1002,transp,gdext,done
1003,pass_a,data_core,done
1004,pass_b,data_core,done
1005,ocean_water,native_chunk,running
1006,ocean_water,native_chunk,running
1007,ocean_water,native_chunk,done
1008,ocean_land,native_chunk,running
1009,ocean_land,native_chunk,running
1010,ocean_land,native_chunk,done
1011,wind_air,gdext,done
1012,wind_surface,gdext,done
1013,transp,gdext,done
1014,pass_a,data_core,done
1015,pass_b,data_core,done
1016,ocean_water,native_chunk,running
1017,ocean_water,native_chunk,running
1018,ocean_water,native_chunk,done
1019,ocean_land,native_chunk,running
1020,ocean_land,native_chunk,running
1021,ocean_land,native_chunk,done
1022,wind_air,gdext,done
1023,wind_surface,gdext,done
1024,transp,gdext,done
1025,pass_a,data_core,done
1026,pass_b,data_core,done
1027,ocean_water,native_chunk,running
1028,ocean_water,native_chunk,running
1029,ocean_water,native_chunk,done
1030,ocean_land,native_chunk,running
1031,ocean_land,native_chunk,running
1032,ocean_land,native_chunk,done
1033,wind_air,gdext,done
1034,wind_surface,gdext,done
1035,transp,gdext,done
1036,pass_a,data_core,done
1037,pass_b,data_core,done
1038,ocean_water,native_chunk,running
1039,ocean_water,native_chunk,running
1040,ocean_water,native_chunk,done
1041,ocean_land,native_chunk,running
1042,ocean_land,native_chunk,running
1043,ocean_land,native_chunk,done
1044,wind_air,gdext,done
1045,wind_surface,gdext,done
1046,transp,gdext,done
1047,pass_a,data_core,done
1048,pass_b,data_core,done
1049,ocean_water,native_chunk,running
1050,ocean_water,native_chunk,running
1051,ocean_water,native_chunk,done
1052,ocean_land,native_chunk,running
1053,ocean_land,native_chunk,running
1054,ocean_land,native_chunk,done
1055,wind_air,gdext,done
1056,wind_surface,gdext,done
1057,transp,gdext,done
1058,pass_a,data_core,done
1059,pass_b,data_core,done
1060,ocean_water,native_chunk,running
1061,ocean_water,native_chunk,running
1062,ocean_water,native_chunk,done
1063,ocean_land,native_chunk,running
1064,ocean_land,native_chunk,running
1065,ocean_land,native_chunk,done
1066,wind_air,gdext,done
1067,wind_surface,gdext,done
1068,transp,gdext,done
1069,pass_a,data_core,done
1070,pass_b,data_core,done
1071,ocean_water,native_chunk,running
1072,ocean_water,native_chunk,running
1073,ocean_water,native_chunk,done
1074,ocean_land,native_chunk,running
1075,ocean_land,native_chunk,running
1076,ocean_land,native_chunk,done
1077,wind_air,gdext,done
1078,wind_surface,gdext,done
1079,transp,gdext,done
1080,pass_a,data_core,done
1081,pass_b,data_core,done
1082,ocean_water,native_chunk,running
1083,ocean_water,native_chunk,running
1084,ocean_water,native_chunk,done
1085,ocean_land,native_chunk,running
1086,ocean_land,native_chunk,running
1087,ocean_land,native_chunk,done
1088,wind_air,gdext,done
1089,wind_surface,gdext,done
1090,transp,gdext,done
1091,pass_a,data_core,done
1092,pass_b,data_core,done
1093,ocean_water,native_chunk,running
1094,ocean_water,native_chunk,running
1095,ocean_water,native_chunk,done
1096,ocean_land,native_chunk,running
1097,ocean_land,native_chunk,running
1098,ocean_land,native_chunk,done
1099,wind_air,gdext,done
1100,wind_surface,gdext,done
1101,transp,gdext,done
1102,pass_a,data_core,done
1103,pass_b,data_core,done
1104,ocean_water,native_chunk,running
1105,ocean_water,native_chunk,running
1106,ocean_water,native_chunk,done
1107,ocean_land,native_chunk,running
1108,ocean_land,native_chunk,running
1109,ocean_land,native_chunk,done
1110,wind_air,gdext,done
1111,wind_surface,gdext,done
1112,transp,gdext,done
1113,pass_a,data_core,done
1114,pass_b,data_core,done
1115,ocean_water,native_chunk,running
1116,ocean_water,native_chunk,running
1117,ocean_water,native_chunk,done
1118,ocean_land,native_chunk,running
1119,ocean_land,native_chunk,running
1120,ocean_land,native_chunk,done
1121,wind_air,gdext,done
1122,wind_surface,gdext,done
1123,transp,gdext,done
1124,pass_a,data_core,done
1125,pass_b,data_core,done
1126,ocean_water,native_chunk,running
1127,ocean_water,native_chunk,running
1128,ocean_water,native_chunk,done
1129,ocean_land,native_chunk,running
1130,ocean_land,native_chunk,running
1131,ocean_land,native_chunk,done
1132,wind_air,gdext,done
1133,wind_surface,gdext,done
1134,transp,gdext,done
1135,pass_a,data_core,done
1136,pass_b,data_core,done
1137,ocean_water,native_chunk,running
1138,ocean_water,native_chunk,running
1139,ocean_water,native_chunk,done
1140,ocean_land,native_chunk,running
1141,ocean_land,native_chunk,running
1142,ocean_land,native_chunk,done
1143,wind_air,gdext,done
1144,wind_surface,gdext,done
1145,transp,gdext,done
1146,pass_a,data_core,done
1147,pass_b,data_core,done
1148,ocean_water,native_chunk,running
1149,ocean_water,native_chunk,running
1150,ocean_water,native_chunk,done
1151,ocean_land,native_chunk,running
1152,ocean_land,native_chunk,running
1153,ocean_land,native_chunk,done
1154,wind_air,gdext,done
1155,wind_surface,gdext,done
1156,transp,gdext,done
1157,pass_a,data_core,done
1158,pass_b,data_core,done
1159,ocean_water,native_chunk,running
1160,ocean_water,native_chunk,running
1161,ocean_water,native_chunk,done
1162,ocean_land,native_chunk,running
1163,ocean_land,native_chunk,running
1164,ocean_land,native_chunk,done
1165,wind_air,gdext,done
1166,wind_surface,gdext,done
1167,transp,gdext,done
1168,pass_a,data_core,done
1169,pass_b,data_core,done
1170,ocean_water,native_chunk,running
1171,ocean_water,native_chunk,running
1172,ocean_water,native_chunk,done
1173,ocean_land,native_chunk,running
1174,ocean_land,native_chunk,running
1175,ocean_land,native_chunk,done
1176,wind_air,gdext,done
1177,wind_surface,gdext,done
1178,transp,gdext,done
1179,pass_a,data_core,done
1180,pass_b,data_core,done
1181,ocean_water,native_chunk,running
1182,ocean_water,native_chunk,running
1183,ocean_water,native_chunk,done
1184,ocean_land,native_chunk,running
1185,ocean_land,native_chunk,running
1186,ocean_land,native_chunk,done
1187,wind_air,gdext,done
1188,wind_surface,gdext,done
1189,transp,gdext,done
1190,pass_a,data_core,done
1191,pass_b,data_core,done
1192,ocean_water,native_chunk,running
1193,ocean_water,native_chunk,running
1194,ocean_water,native_chunk,done
1195,ocean_land,native_chunk,running
1196,ocean_land,native_chunk,running
1197,ocean_land,native_chunk,done
1198,wind_air,gdext,done
1199,wind_surface,gdext,done
1200,transp,gdext,done
1201,pass_a,data_core,done
1202,pass_b,data_core,done
1203,ocean_water,native_chunk,running
1204,ocean_water,native_chunk,running
1205,ocean_water,native_chunk,done
1206,ocean_land,native_chunk,running
1207,ocean_land,native_chunk,running
1208,ocean_land,native_chunk,done
1209,wind_air,gdext,done
1210,wind_surface,gdext,done
1211,transp,gdext,done
1212,pass_a,data_core,done
1213,pass_b,data_core,done
1214,ocean_water,native_chunk,running
1215,ocean_water,native_chunk,running
1216,ocean_water,native_chunk,done
1217,ocean_land,native_chunk,running
1218,ocean_land,native_chunk,running
1219,ocean_land,native_chunk,done
1220,wind_air,gdext,done
1221,wind_surface,gdext,done
1222,transp,gdext,done
1223,pass_a,data_core,done
1224,pass_b,data_core,done
1225,ocean_water,native_chunk,running
1226,ocean_water,native_chunk,running
1227,ocean_water,native_chunk,done
1228,ocean_land,native_chunk,running
1229,ocean_land,native_chunk,running
1230,ocean_land,native_chunk,done
1231,wind_air,gdext,done
1232,wind_surface,gdext,done
1233,transp,gdext,done
1234,pass_a,data_core,done
1235,pass_b,data_core,done
1236,ocean_water,native_chunk,running
1237,ocean_water,native_chunk,running
1238,ocean_water,native_chunk,done
1239,ocean_land,native_chunk,running
1240,ocean_land,native_chunk,running
1241,ocean_land,native_chunk,done
1242,wind_air,gdext,done
1243,wind_surface,gdext,done
1244,transp,gdext,done
1245,pass_a,data_core,done
1246,pass_b,data_core,done
1247,ocean_water,native_chunk,running
1248,ocean_water,native_chunk,running
1249,ocean_water,native_chunk,done
1250,ocean_land,native_chunk,running
1251,ocean_land,native_chunk,running
1252,ocean_land,native_chunk,done
1253,wind_air,gdext,done
1254,wind_surface,gdext,done
1255,transp,gdext,done
1256,pass_a,data_core,done
1257,pass_b,data_core,done
1258,ocean_water,native_chunk,running
1259,ocean_water,native_chunk,running
1260,ocean_water,native_chunk,done
1261,ocean_land,native_chunk,running
1262,ocean_land,native_chunk,running
1263,ocean_land,native_chunk,done
1264,wind_air,gdext,done
1265,wind_surface,gdext,done
1266,transp,gdext,done
1267,pass_a,data_core,done
1268,pass_b,data_core,done
1269,ocean_water,native_chunk,running
1270,ocean_water,native_chunk,running
1271,ocean_water,native_chunk,done
1272,ocean_land,native_chunk,running
1273,ocean_land,native_chunk,running
1274,ocean_land,native_chunk,done
1275,wind_air,gdext,done
1276,wind_surface,gdext,done
1277,transp,gdext,done
1278,pass_a,data_core,done
1279,pass_b,data_core,done
1280,ocean_water,native_chunk,running
1281,ocean_water,native_chunk,running
1282,ocean_water,native_chunk,done
1283,ocean_land,native_chunk,running
1284,ocean_land,native_chunk,running
1285,ocean_land,native_chunk,done
1286,wind_air,gdext,done
1287,wind_surface,gdext,done
1288,transp,gdext,done
1289,pass_a,data_core,done
1290,pass_b,data_core,done
1291,ocean_water,native_chunk,running
1292,ocean_water,native_chunk,running
1293,ocean_water,native_chunk,done
1294,ocean_land,native_chunk,running
1295,ocean_land,native_chunk,running
1296,ocean_land,native_chunk,done
1297,wind_air,gdext,done
1298,wind_surface,gdext,done
1299,transp,gdext,done
1300,pass_a,data_core,done
1301,pass_b,data_core,done
1302,ocean_water,native_chunk,running
1303,ocean_water,native_chunk,running
1304,ocean_water,native_chunk,done
1305,ocean_land,native_chunk,running
1306,ocean_land,native_chunk,running
1307,ocean_land,native_chunk,done
1308,wind_air,gdext,done
1309,wind_surface,gdext,done
1310,transp,gdext,done
1311,pass_a,data_core,done
1312,pass_b,data_core,done
1313,ocean_water,native_chunk,running
1314,ocean_water,native_chunk,running
1315,ocean_water,native_chunk,done
1316,ocean_land,native_chunk,running
1317,ocean_land,native_chunk,running
1318,ocean_land,native_chunk,done
1319,wind_air,gdext,done
1320,wind_surface,gdext,done
1321,transp,gdext,done
1322,pass_a,data_core,done
1323,pass_b,data_core,done
1324,ocean_water,native_chunk,running
1325,ocean_water,native_chunk,running
1326,ocean_water,native_chunk,done
1327,ocean_land,native_chunk,running
1328,ocean_land,native_chunk,running
1329,ocean_land,native_chunk,done
1330,wind_air,gdext,done
1331,wind_surface,gdext,done
1332,transp,gdext,done
1333,pass_a,data_core,done
1334,pass_b,data_core,done
1335,ocean_water,native_chunk,running
1336,ocean_water,native_chunk,running
1337,ocean_water,native_chunk,done
1338,ocean_land,native_chunk,running
1339,ocean_land,native_chunk,running
1340,ocean_land,native_chunk,done
1341,wind_air,gdext,done
1342,wind_surface,gdext,done
1343,transp,gdext,done
1344,pass_a,data_core,done
1345,pass_b,data_core,done
1346,ocean_water,native_chunk,running
1347,ocean_water,native_chunk,running
1348,ocean_water,native_chunk,done
1349,ocean_land,native_chunk,running
1350,ocean_land,native_chunk,running
1351,ocean_land,native_chunk,done
1352,wind_air,gdext,done
1353,wind_surface,gdext,done
1354,transp,gdext,done
1355,pass_a,data_core,done
1356,pass_b,data_core,done
1357,ocean_water,native_chunk,running
1358,ocean_water,native_chunk,running
1359,ocean_water,native_chunk,done
1360,ocean_land,native_chunk,running
1361,ocean_land,native_chunk,running
1362,ocean_land,native_chunk,done
1363,wind_air,gdext,done
1364,wind_surface,gdext,done
1365,transp,gdext,done
1366,pass_a,data_core,done
1367,pass_b,data_core,done
1368,ocean_water,native_chunk,running
1369,ocean_water,native_chunk,running
1370,ocean_water,native_chunk,done
1371,ocean_land,native_chunk,running
1372,ocean_land,native_chunk,running
1373,ocean_land,native_chunk,done
1374,wind_air,gdext,done
1375,wind_surface,gdext,done
1376,transp,gdext,done
1377,pass_a,data_core,done
1378,pass_b,data_core,done
1379,ocean_water,native_chunk,running
1380,ocean_water,native_chunk,running
1381,ocean_water,native_chunk,done
1382,ocean_land,native_chunk,running
1383,ocean_land,native_chunk,running
1384,ocean_land,native_chunk,done
1385,wind_air,gdext,done
1386,wind_surface,gdext,done
1387,transp,gdext,done
1388,pass_a,data_core,done
1389,pass_b,data_core,done
1390,ocean_water,native_chunk,running
1391,ocean_water,native_chunk,running
1392,ocean_water,native_chunk,done
1393,ocean_land,native_chunk,running
1394,ocean_land,native_chunk,running
1395,ocean_land,native_chunk,done
1396,wind_air,gdext,done
1397,wind_surface,gdext,done
1398,transp,gdext,done
1399,pass_a,data_core,done
1400,pass_b,data_core,done
1401,ocean_water,native_chunk,running
1402,ocean_water,native_chunk,running
1403,ocean_water,native_chunk,done
1404,ocean_land,native_chunk,running
1405,ocean_land,native_chunk,running
1406,ocean_land,native_chunk,done
1407,wind_air,gdext,done
1408,wind_surface,gdext,done
1409,transp,gdext,done
1410,pass_a,data_core,done
1411,pass_b,data_core,done
1412,ocean_water,native_chunk,running
1413,ocean_water,native_chunk,running
1414,ocean_water,native_chunk,done
1415,ocean_land,native_chunk,running
1416,ocean_land,native_chunk,running
1417,ocean_land,native_chunk,done
1418,wind_air,gdext,done
1419,wind_surface,gdext,done
1420,transp,gdext,done
1421,pass_a,data_core,done
1422,pass_b,data_core,done
1423,ocean_water,native_chunk,running
1424,ocean_water,native_chunk,running
1425,ocean_water,native_chunk,done
1426,ocean_land,native_chunk,running
1427,ocean_land,native_chunk,running
1428,ocean_land,native_chunk,done
1429,wind_air,gdext,done
1430,wind_surface,gdext,done
1431,transp,gdext,done
1432,pass_a,data_core,done
1433,pass_b,data_core,done
1434,ocean_water,native_chunk,running
1435,ocean_water,native_chunk,running
1436,ocean_water,native_chunk,done
1437,ocean_land,native_chunk,running
1438,ocean_land,native_chunk,running
1439,ocean_land,native_chunk,done
1440,wind_air,gdext,done
1441,wind_surface,gdext,done
1442,transp,gdext,done
1443,pass_a,data_core,done
1444,pass_b,data_core,done
1445,ocean_water,native_chunk,running
1446,ocean_water,native_chunk,running
1447,ocean_water,native_chunk,done
1448,ocean_land,native_chunk,running
1449,ocean_land,native_chunk,running
1450,ocean_land,native_chunk,done
1451,wind_air,gdext,done
1452,wind_surface,gdext,done
1453,transp,gdext,done
1454,pass_a,data_core,done
1455,pass_b,data_core,done
1456,ocean_water,native_chunk,running
1457,ocean_water,native_chunk,running
1458,ocean_water,native_chunk,done
1459,ocean_land,native_chunk,running
1460,ocean_land,native_chunk,running
1461,ocean_land,native_chunk,done
1462,wind_air,gdext,done
1463,wind_surface,gdext,done
1464,transp,gdext,done
1465,pass_a,data_core,done
1466,pass_b,data_core,done
1467,ocean_water,native_chunk,running
1468,ocean_water,native_chunk,running
1469,ocean_water,native_chunk,done
1470,ocean_land,native_chunk,running
1471,ocean_land,native_chunk,running
1472,ocean_land,native_chunk,done
1473,wind_air,gdext,done
1474,wind_surface,gdext,done
1475,transp,gdext,done
1476,pass_a,data_core,done
1477,pass_b,data_core,done
1478,ocean_water,native_chunk,running
1479,ocean_water,native_chunk,running
1480,ocean_water,native_chunk,done
1481,ocean_land,native_chunk,running
1482,ocean_land,native_chunk,running
1483,ocean_land,native_chunk,done
1484,wind_air,gdext,done
1485,wind_surface,gdext,done
1486,transp,gdext,done
1487,pass_a,data_core,done
1488,pass_b,data_core,done
1489,ocean_water,native_chunk,running
1490,ocean_water,native_chunk,running
1491,ocean_water,native_chunk,done
1492,ocean_land,native_chunk,running
1493,ocean_land,native_chunk,running
1494,ocean_land,native_chunk,done
1495,wind_air,gdext,done
1496,wind_surface,gdext,done
1497,transp,gdext,done
1498,pass_a,data_core,done
1499,pass_b,data_core,done
1500,ocean_water,native_chunk,running
1501,ocean_water,native_chunk,running
1502,ocean_water,native_chunk,done
1503,ocean_land,native_chunk,running
1504,ocean_land,native_chunk,running
1505,ocean_land,native_chunk,done
1506,wind_air,gdext,done
1507,wind_surface,gdext,done
1508,transp,gdext,done
1509,pass_a,data_core,done
1510,pass_b,data_core,done
1511,ocean_water,native_chunk,running
1512,ocean_water,native_chunk,running
1513,ocean_water,native_chunk,done
1514,ocean_land,native_chunk,running
1515,ocean_land,native_chunk,running
1516,ocean_land,native_chunk,done
1517,wind_air,gdext,done
1518,wind_surface,gdext,done
1519,transp,gdext,done
1520,pass_a,data_core,done
1521,pass_b,data_core,done
1522,ocean_water,native_chunk,running
1523,ocean_water,native_chunk,running
1524,ocean_water,native_chunk,done
1525,ocean_land,native_chunk,running
1526,ocean_land,native_chunk,running
1527,ocean_land,native_chunk,done
1528,wind_air,gdext,done
1529,wind_surface,gdext,done
1530,transp,gdext,done
1531,pass_a,data_core,done
1532,pass_b,data_core,done
1533,ocean_water,native_chunk,running
1534,ocean_water,native_chunk,running
1535,ocean_water,native_chunk,done
1536,ocean_land,native_chunk,running
1537,ocean_land,native_chunk,running
1538,ocean_land,native_chunk,done
1539,wind_air,gdext,done
1540,wind_surface,gdext,done
1541,transp,gdext,done
1542,pass_a,data_core,done
1543,pass_b,data_core,done
1544,ocean_water,native_chunk,running
1545,ocean_water,native_chunk,running
1546,ocean_water,native_chunk,done
1547,ocean_land,native_chunk,running
1548,ocean_land,native_chunk,running
1549,ocean_land,native_chunk,done
1550,wind_air,gdext,done
1551,wind_surface,gdext,done
1552,transp,gdext,done
1553,pass_a,data_core,done
1554,pass_b,data_core,done
1555,ocean_water,native_chunk,running
1556,ocean_water,native_chunk,running
1557,ocean_water,native_chunk,done
1558,ocean_land,native_chunk,running
1559,ocean_land,native_chunk,running
1560,ocean_land,native_chunk,done
1561,wind_air,gdext,done
1562,wind_surface,gdext,done
1563,transp,gdext,done
1564,pass_a,data_core,done
1565,pass_b,data_core,done
1566,ocean_water,native_chunk,running
1567,ocean_water,native_chunk,running
1568,ocean_water,native_chunk,done
1569,ocean_land,native_chunk,running
1570,ocean_land,native_chunk,running
1571,ocean_land,native_chunk,done
1572,wind_air,gdext,done
1573,wind_surface,gdext,done
1574,transp,gdext,done
1575,pass_a,data_core,done
1576,pass_b,data_core,done
1577,ocean_water,native_chunk,running
1578,ocean_water,native_chunk,running
1579,ocean_water,native_chunk,done
1580,ocean_land,native_chunk,running
1581,ocean_land,native_chunk,running
1582,ocean_land,native_chunk,done
1583,wind_air,gdext,done
1584,wind_surface,gdext,done
1585,transp,gdext,done
1586,pass_a,data_core,done
1587,pass_b,data_core,done
1588,ocean_water,native_chunk,running
1589,ocean_water,native_chunk,running
1590,ocean_water,native_chunk,done
1591,ocean_land,native_chunk,running
1592,ocean_land,native_chunk,running
1593,ocean_land,native_chunk,done
1594,wind_air,gdext,done
1595,wind_surface,gdext,done
1596,transp,gdext,done
1597,pass_a,data_core,done
1598,pass_b,data_core,done
1599,ocean_water,native_chunk,running
1600,ocean_water,native_chunk,running
1601,ocean_water,native_chunk,done
1602,ocean_land,native_chunk,running
1603,ocean_land,native_chunk,running
1604,ocean_land,native_chunk,done
1605,wind_air,gdext,done
1606,wind_surface,gdext,done
1607,transp,gdext,done
1608,pass_a,data_core,done
1609,pass_b,data_core,done
1610,ocean_water,native_chunk,running
1611,ocean_water,native_chunk,running
1612,ocean_water,native_chunk,done
1613,ocean_land,native_chunk,running
1614,ocean_land,native_chunk,running
1615,ocean_land,native_chunk,done
1616,wind_air,gdext,done
1617,wind_surface,gdext,done
1618,transp,gdext,done
1619,pass_a,data_core,done
1620,pass_b,data_core,done
1621,ocean_water,native_chunk,running
1622,ocean_water,native_chunk,running
1623,ocean_water,native_chunk,done
1624,ocean_land,native_chunk,running
1625,ocean_land,native_chunk,running
1626,ocean_land,native_chunk,done
1627,wind_air,gdext,done
1628,wind_surface,gdext,done
1629,transp,gdext,done
1630,pass_a,data_core,done
1631,pass_b,data_core,done
1632,ocean_water,native_chunk,running
1633,ocean_water,native_chunk,running
1634,ocean_water,native_chunk,done
1635,ocean_land,native_chunk,running
1636,ocean_land,native_chunk,running
1637,ocean_land,native_chunk,done
1638,wind_air,gdext,done
1639,wind_surface,gdext,done
1640,transp,gdext,done
1641,pass_a,data_core,done
1642,pass_b,data_core,done
1643,ocean_water,native_chunk,running
1644,ocean_water,native_chunk,running
1645,ocean_water,native_chunk,done
1646,ocean_land,native_chunk,running
1647,ocean_land,native_chunk,running
1648,ocean_land,native_chunk,done
1649,wind_air,gdext,done
1650,wind_surface,gdext,done
1651,transp,gdext,done
1652,pass_a,data_core,done
1653,pass_b,data_core,done
1654,ocean_water,native_chunk,running
1655,ocean_water,native_chunk,running
1656,ocean_water,native_chunk,done
1657,ocean_land,native_chunk,running
1658,ocean_land,native_chunk,running
1659,ocean_land,native_chunk,done
1660,wind_air,gdext,done
1661,wind_surface,gdext,done
1662,transp,gdext,done
1663,pass_a,data_core,done
1664,pass_b,data_core,done
1665,ocean_water,native_chunk,running
1666,ocean_water,native_chunk,running
1667,ocean_water,native_chunk,done
1668,ocean_land,native_chunk,running
1669,ocean_land,native_chunk,running
1670,ocean_land,native_chunk,done
1671,wind_air,gdext,done
1672,wind_surface,gdext,done
1673,transp,gdext,done
1674,pass_a,data_core,done
1675,pass_b,data_core,done
1676,ocean_water,native_chunk,running
1677,ocean_water,native_chunk,running
1678,ocean_water,native_chunk,done
1679,ocean_land,native_chunk,running
1680,ocean_land,native_chunk,running
1681,ocean_land,native_chunk,done
1682,wind_air,gdext,done
1683,wind_surface,gdext,done
1684,transp,gdext,done
1685,pass_a,data_core,done
1686,pass_b,data_core,done
1687,ocean_water,native_chunk,running
1688,ocean_water,native_chunk,running
1689,ocean_water,native_chunk,done
1690,ocean_land,native_chunk,running
1691,ocean_land,native_chunk,running
1692,ocean_land,native_chunk,done
1693,wind_air,gdext,done
1694,wind_surface,gdext,done
1695,transp,gdext,done
1696,pass_a,data_core,done
1697,pass_b,data_core,done
1698,ocean_water,native_chunk,running
1699,ocean_water,native_chunk,running
1700,ocean_water,native_chunk,done
1701,ocean_land,native_chunk,running
1702,ocean_land,native_chunk,running
1703,ocean_land,native_chunk,done
1704,wind_air,gdext,done
1705,wind_surface,gdext,done
1706,transp,gdext,done
1707,pass_a,data_core,done
1708,pass_b,data_core,done
1709,ocean_water,native_chunk,running
1710,ocean_water,native_chunk,running
1711,ocean_water,native_chunk,done
1712,ocean_land,native_chunk,running
1713,ocean_land,native_chunk,running
1714,ocean_land,native_chunk,done
1715,wind_air,gdext,done
1716,wind_surface,gdext,done
1717,transp,gdext,done
1718,pass_a,data_core,done
1719,pass_b,data_core,done
1720,ocean_water,native_chunk,running
1721,ocean_water,native_chunk,running
1722,ocean_water,native_chunk,done
1723,ocean_land,native_chunk,running
1724,ocean_land,native_chunk,running
1725,ocean_land,native_chunk,done
1726,wind_air,gdext,done
1727,wind_surface,gdext,done
1728,transp,gdext,done
1729,pass_a,data_core,done
1730,pass_b,data_core,done
1731,ocean_water,native_chunk,running
1732,ocean_water,native_chunk,running
1733,ocean_water,native_chunk,done
1734,ocean_land,native_chunk,running
1735,ocean_land,native_chunk,running
1736,ocean_land,native_chunk,done
1737,wind_air,gdext,done
1738,wind_surface,gdext,done
1739,transp,gdext,done
1740,pass_a,data_core,done
1741,pass_b,data_core,done
1742,ocean_water,native_chunk,running
1743,ocean_water,native_chunk,running
1744,ocean_water,native_chunk,done
1745,ocean_land,native_chunk,running
1746,ocean_land,native_chunk,running
1747,ocean_land,native_chunk,done
1748,wind_air,gdext,done
1749,wind_surface,gdext,done
1750,transp,gdext,done
1751,pass_a,data_core,done
1752,pass_b,data_core,done
1753,ocean_water,native_chunk,running
1754,ocean_water,native_chunk,running
1755,ocean_water,native_chunk,done
1756,ocean_land,native_chunk,running
1757,ocean_land,native_chunk,running
1758,ocean_land,native_chunk,done
1759,wind_air,gdext,done
1760,wind_surface,gdext,done
1761,transp,gdext,done
1762,pass_a,data_core,done
1763,pass_b,data_core,done
1764,ocean_water,native_chunk,running
1765,ocean_water,native_chunk,running
1766,ocean_water,native_chunk,done
1767,ocean_land,native_chunk,running
1768,ocean_land,native_chunk,running
1769,ocean_land,native_chunk,done
1770,wind_air,gdext,done
1771,wind_surface,gdext,done
1772,transp,gdext,done
1773,pass_a,data_core,done
1774,pass_b,data_core,done
1775,ocean_water,native_chunk,running
1776,ocean_water,native_chunk,running
1777,ocean_water,native_chunk,done
1778,ocean_land,native_chunk,running
1779,ocean_land,native_chunk,running
1780,ocean_land,native_chunk,done
1781,wind_air,gdext,done
1782,wind_surface,gdext,done
1783,transp,gdext,done
1784,pass_a,data_core,done
1785,pass_b,data_core,done
1786,ocean_water,native_chunk,running
1787,ocean_water,native_chunk,running
1788,ocean_water,native_chunk,done
1789,ocean_land,native_chunk,running
1790,ocean_land,native_chunk,running
1791,ocean_land,native_chunk,done
1792,wind_air,gdext,done
1793,wind_surface,gdext,done
1794,transp,gdext,done
1795,pass_a,data_core,done
1796,pass_b,data_core,done
1797,ocean_water,native_chunk,running
1798,ocean_water,native_chunk,running
1799,ocean_water,native_chunk,done
1800,ocean_land,native_chunk,running
1801,ocean_land,native_chunk,running
1802,ocean_land,native_chunk,done
1803,wind_air,gdext,done
1804,wind_surface,gdext,done
1805,transp,gdext,done
1806,pass_a,data_core,done
1807,pass_b,data_core,done
1808,ocean_water,native_chunk,running
1809,ocean_water,native_chunk,running
1810,ocean_water,native_chunk,done
1811,ocean_land,native_chunk,running
1812,ocean_land,native_chunk,running
1813,ocean_land,native_chunk,done
1814,wind_air,gdext,done
1815,wind_surface,gdext,done
1816,transp,gdext,done
1817,pass_a,data_core,done
1818,pass_b,data_core,done
1819,ocean_water,native_chunk,running
1820,ocean_water,native_chunk,running
1821,ocean_water,native_chunk,done
1822,ocean_land,native_chunk,running
1823,ocean_land,native_chunk,running
1824,ocean_land,native_chunk,done
1825,wind_air,gdext,done
1826,wind_surface,gdext,done
1827,transp,gdext,done
1828,pass_a,data_core,done
1829,pass_b,data_core,done
1830,ocean_water,native_chunk,running
1831,ocean_water,native_chunk,running
1832,ocean_water,native_chunk,done
1833,ocean_land,native_chunk,running
1834,ocean_land,native_chunk,running
1835,ocean_land,native_chunk,done
1836,wind_air,gdext,done
1837,wind_surface,gdext,done
1838,transp,gdext,done
1839,pass_a,data_core,done
1840,pass_b,data_core,done
1841,ocean_water,native_chunk,running
1842,ocean_water,native_chunk,running
1843,ocean_water,native_chunk,done
1844,ocean_land,native_chunk,running
1845,ocean_land,native_chunk,running
1846,ocean_land,native_chunk,done
1847,wind_air,gdext,done
1848,wind_surface,gdext,done
1849,transp,gdext,done
1850,pass_a,data_core,done
1851,pass_b,data_core,done
1852,ocean_water,native_chunk,running
1853,ocean_water,native_chunk,running
1854,ocean_water,native_chunk,done
1855,ocean_land,native_chunk,running
1856,ocean_land,native_chunk,running
1857,ocean_land,native_chunk,done
1858,wind_air,gdext,done
1859,wind_surface,gdext,done
1860,transp,gdext,done
1861,pass_a,data_core,done
1862,pass_b,data_core,done
1863,ocean_water,native_chunk,running
1864,ocean_water,native_chunk,running
1865,ocean_water,native_chunk,done
1866,ocean_land,native_chunk,running
1867,ocean_land,native_chunk,running
1868,ocean_land,native_chunk,done
1869,wind_air,gdext,done
1870,wind_surface,gdext,done
1871,transp,gdext,done
1872,pass_a,data_core,done
1873,pass_b,data_core,done
1874,ocean_water,native_chunk,running
1875,ocean_water,native_chunk,running
1876,ocean_water,native_chunk,done
1877,ocean_land,native_chunk,running
1878,ocean_land,native_chunk,running
1879,ocean_land,native_chunk,done
1880,wind_air,gdext,done
1881,wind_surface,gdext,done
1882,transp,gdext,done
1883,pass_a,data_core,done
1884,pass_b,data_core,done
1885,ocean_water,native_chunk,running
1886,ocean_water,native_chunk,running
1887,ocean_water,native_chunk,done
1888,ocean_land,native_chunk,running
1889,ocean_land,native_chunk,running
1890,ocean_land,native_chunk,done
1891,wind_air,gdext,done
1892,wind_surface,gdext,done
1893,transp,gdext,done
1894,pass_a,data_core,done
1895,pass_b,data_core,done
1896,ocean_water,native_chunk,running
1897,ocean_water,native_chunk,running
1898,ocean_water,native_chunk,done
1899,ocean_land,native_chunk,running
1900,ocean_land,native_chunk,running
1901,ocean_land,native_chunk,done
1902,wind_air,gdext,done
1903,wind_surface,gdext,done
1904,transp,gdext,done
1905,pass_a,data_core,done
1906,pass_b,data_core,done
1907,ocean_water,native_chunk,running
1908,ocean_water,native_chunk,running
1909,ocean_water,native_chunk,done
1910,ocean_land,native_chunk,running
1911,ocean_land,native_chunk,running
1912,ocean_land,native_chunk,done
1913,wind_air,gdext,done
1914,wind_surface,gdext,done
1915,transp,gdext,done
1916,pass_a,data_core,done
1917,pass_b,data_core,done
1918,ocean_water,native_chunk,running
1919,ocean_water,native_chunk,running
1920,ocean_water,native_chunk,done
1921,ocean_land,native_chunk,running
1922,ocean_land,native_chunk,running
1923,ocean_land,native_chunk,done
1924,wind_air,gdext,done
1925,wind_surface,gdext,done
1926,transp,gdext,done
1927,pass_a,data_core,done
1928,pass_b,data_core,done
1929,ocean_water,native_chunk,running
1930,ocean_water,native_chunk,running
1931,ocean_water,native_chunk,done
1932,ocean_land,native_chunk,running
1933,ocean_land,native_chunk,running
1934,ocean_land,native_chunk,done
1935,wind_air,gdext,done
1936,wind_surface,gdext,done
1937,transp,gdext,done
1938,pass_a,data_core,done
1939,pass_b,data_core,done
1940,ocean_water,native_chunk,running
1941,ocean_water,native_chunk,running
1942,ocean_water,native_chunk,done
1943,ocean_land,native_chunk,running
1944,ocean_land,native_chunk,running
1945,ocean_land,native_chunk,done
1946,wind_air,gdext,done
1947,wind_surface,gdext,done
1948,transp,gdext,done
1949,pass_a,data_core,done
1950,pass_b,data_core,done
1951,ocean_water,native_chunk,running
1952,ocean_water,native_chunk,running
1953,ocean_water,native_chunk,done
1954,ocean_land,native_chunk,running
1955,ocean_land,native_chunk,running
1956,ocean_land,native_chunk,done
1957,wind_air,gdext,done
1958,wind_surface,gdext,done
1959,transp,gdext,done
1960,pass_a,data_core,done
1961,pass_b,data_core,done
1962,ocean_water,native_chunk,running
1963,ocean_water,native_chunk,running
1964,ocean_water,native_chunk,done
1965,ocean_land,native_chunk,running
1966,ocean_land,native_chunk,running
1967,ocean_land,native_chunk,done
1968,wind_air,gdext,done
1969,wind_surface,gdext,done
1970,transp,gdext,done
1971,pass_a,data_core,done
1972,pass_b,data_core,done
1973,ocean_water,native_chunk,running
1974,ocean_water,native_chunk,running
1975,ocean_water,native_chunk,done
1976,ocean_land,native_chunk,running
1977,ocean_land,native_chunk,running
1978,ocean_land,native_chunk,done
1979,wind_air,gdext,done
1980,wind_surface,gdext,done
1981,transp,gdext,done
1982,pass_a,data_core,done
1983,pass_b,data_core,done
1984,ocean_water,native_chunk,running
1985,ocean_water,native_chunk,running
1986,ocean_water,native_chunk,done
1987,ocean_land,native_chunk,running
1988,ocean_land,native_chunk,running
1989,ocean_land,native_chunk,done
1990,wind_air,gdext,done
1991,wind_surface,gdext,done
1992,transp,gdext,done
1993,pass_a,data_core,done
1994,pass_b,data_core,done
1995,ocean_water,native_chunk,running
1996,ocean_water,native_chunk,running
1997,ocean_water,native_chunk,done
1998,ocean_land,native_chunk,running
1999,ocean_land,native_chunk,running
2000,ocean_land,native_chunk,done
2001,wind_air,gdext,done
2002,wind_surface,gdext,done
2003,transp,gdext,done
2004,pass_a,data_core,done
2005,pass_b,data_core,done
2006,ocean_water,native_chunk,running
2007,ocean_water,native_chunk,running
2008,ocean_water,native_chunk,done
2009,ocean_land,native_chunk,running
2010,ocean_land,native_chunk,running
2011,ocean_land,native_chunk,done
2012,wind_air,gdext,done
2013,wind_surface,gdext,done
2014,transp,gdext,done
2015,pass_a,data_core,done
2016,pass_b,data_core,done
2017,ocean_water,native_chunk,running
2018,ocean_water,native_chunk,running
2019,ocean_water,native_chunk,done
2020,ocean_land,native_chunk,running
2021,ocean_land,native_chunk,running
2022,ocean_land,native_chunk,done
2023,wind_air,gdext,done
2024,wind_surface,gdext,done
2025,transp,gdext,done
2026,pass_a,data_core,done
2027,pass_b,data_core,done
2028,ocean_water,native_chunk,running
2029,ocean_water,native_chunk,running
2030,ocean_water,native_chunk,done
2031,ocean_land,native_chunk,running
2032,ocean_land,native_chunk,running
2033,ocean_land,native_chunk,done
2034,wind_air,gdext,done
2035,wind_surface,gdext,done
2036,transp,gdext,done
2037,pass_a,data_core,done
2038,pass_b,data_core,done
2039,ocean_water,native_chunk,running
2040,ocean_water,native_chunk,running
2041,ocean_water,native_chunk,done
2042,ocean_land,native_chunk,running
2043,ocean_land,native_chunk,running
2044,ocean_land,native_chunk,done
2045,wind_air,gdext,done
2046,wind_surface,gdext,done
2047,transp,gdext,done
2048,pass_a,data_core,done
2049,pass_b,data_core,done
2050,ocean_water,native_chunk,running
2051,ocean_water,native_chunk,running
2052,ocean_water,native_chunk,done
2053,ocean_land,native_chunk,running
2054,ocean_land,native_chunk,running
2055,ocean_land,native_chunk,done
2056,wind_air,gdext,done
2057,wind_surface,gdext,done
2058,transp,gdext,done
2059,pass_a,data_core,done
2060,pass_b,data_core,done
2061,ocean_water,native_chunk,running
2062,ocean_water,native_chunk,running
2063,ocean_water,native_chunk,done
2064,ocean_land,native_chunk,running
2065,ocean_land,native_chunk,running
2066,ocean_land,native_chunk,done
2067,wind_air,gdext,done
2068,wind_surface,gdext,done
2069,transp,gdext,done
2070,pass_a,data_core,done
2071,pass_b,data_core,done
2072,ocean_water,native_chunk,running
2073,ocean_water,native_chunk,running
2074,ocean_water,native_chunk,done
2075,ocean_land,native_chunk,running
2076,ocean_land,native_chunk,running
2077,ocean_land,native_chunk,done
2078,wind_air,gdext,done
2079,wind_surface,gdext,done
2080,transp,gdext,done
2081,pass_a,data_core,done
2082,pass_b,data_core,done
2083,ocean_water,native_chunk,running
2084,ocean_water,native_chunk,running
2085,ocean_water,native_chunk,done
2086,ocean_land,native_chunk,running
2087,ocean_land,native_chunk,running
2088,ocean_land,native_chunk,done
2089,wind_air,gdext,done
2090,wind_surface,gdext,done
2091,transp,gdext,done
2092,pass_a,data_core,done
2093,pass_b,data_core,done
2094,ocean_water,native_chunk,running
2095,ocean_water,native_chunk,running
2096,ocean_water,native_chunk,done
2097,ocean_land,native_chunk,running
2098,ocean_land,native_chunk,running
2099,ocean_land,native_chunk,done
2100,wind_air,gdext,done
2101,wind_surface,gdext,done
2102,transp,gdext,done
2103,pass_a,data_core,done
2104,pass_b,data_core,done
2105,ocean_water,native_chunk,running
2106,ocean_water,native_chunk,running
2107,ocean_water,native_chunk,done
2108,ocean_land,native_chunk,running
2109,ocean_land,native_chunk,running
2110,ocean_land,native_chunk,done
2111,wind_air,gdext,done
2112,wind_surface,gdext,done
2113,transp,gdext,done
2114,pass_a,data_core,done
2115,pass_b,data_core,done
2116,ocean_water,native_chunk,running
2117,ocean_water,native_chunk,running
2118,ocean_water,native_chunk,done
2119,ocean_land,native_chunk,running
2120,ocean_land,native_chunk,running
2121,ocean_land,native_chunk,done
2122,wind_air,gdext,done
2123,wind_surface,gdext,done
2124,transp,gdext,done
2125,pass_a,data_core,done
2126,pass_b,data_core,done
2127,ocean_water,native_chunk,running
2128,ocean_water,native_chunk,running
2129,ocean_water,native_chunk,done
2130,ocean_land,native_chunk,running
2131,ocean_land,native_chunk,running
2132,ocean_land,native_chunk,done
2133,wind_air,gdext,done
2134,wind_surface,gdext,done
2135,transp,gdext,done
2136,pass_a,data_core,done
2137,pass_b,data_core,done
2138,ocean_water,native_chunk,running
2139,ocean_water,native_chunk,running
2140,ocean_water,native_chunk,done
2141,ocean_land,native_chunk,running
2142,ocean_land,native_chunk,running
2143,ocean_land,native_chunk,done
2144,wind_air,gdext,done
2145,wind_surface,gdext,done
2146,transp,gdext,done
2147,pass_a,data_core,done
2148,pass_b,data_core,done
2149,ocean_water,native_chunk,running
2150,ocean_water,native_chunk,running
2151,ocean_water,native_chunk,done
2152,ocean_land,native_chunk,running
2153,ocean_land,native_chunk,running
2154,ocean_land,native_chunk,done
2155,wind_air,gdext,done
2156,wind_surface,gdext,done
2157,transp,gdext,done
2158,pass_a,data_core,done
2159,pass_b,data_core,done
2160,ocean_water,native_chunk,running
2161,ocean_water,native_chunk,running
2162,ocean_water,native_chunk,done
2163,ocean_land,native_chunk,running
2164,ocean_land,native_chunk,running
2165,ocean_land,native_chunk,done
2166,wind_air,gdext,done
2167,wind_surface,gdext,done
2168,transp,gdext,done
2169,pass_a,data_core,done
2170,pass_b,data_core,done
2171,ocean_water,native_chunk,running
2172,ocean_water,native_chunk,running
2173,ocean_water,native_chunk,done
2174,ocean_land,native_chunk,running
2175,ocean_land,native_chunk,running
2176,ocean_land,native_chunk,done
2177,wind_air,gdext,done
2178,wind_surface,gdext,done
2179,transp,gdext,done
2180,pass_a,data_core,done
2181,pass_b,data_core,done
2182,ocean_water,native_chunk,running
2183,ocean_water,native_chunk,running
2184,ocean_water,native_chunk,done
2185,ocean_land,native_chunk,running
2186,ocean_land,native_chunk,running
2187,ocean_land,native_chunk,done
2188,wind_air,gdext,done
2189,wind_surface,gdext,done
2190,transp,gdext,done
2191,pass_a,data_core,done
2192,pass_b,data_core,done
2193,ocean_water,native_chunk,running
2194,ocean_water,native_chunk,running
2195,ocean_water,native_chunk,done
2196,ocean_land,native_chunk,running
2197,ocean_land,native_chunk,running
2198,ocean_land,native_chunk,done
2199,wind_air,gdext,done
2200,wind_surface,gdext,done
2201,transp,gdext,done
2202,pass_a,data_core,done
2203,pass_b,data_core,done
2204,ocean_water,native_chunk,running
2205,ocean_water,native_chunk,running
2206,ocean_water,native_chunk,done
2207,ocean_land,native_chunk,running
2208,ocean_land,native_chunk,running
2209,ocean_land,native_chunk,done
2210,wind_air,gdext,done
2211,wind_surface,gdext,done
2212,transp,gdext,done
2213,pass_a,data_core,done
2214,pass_b,data_core,done
2215,ocean_water,native_chunk,running
2216,ocean_water,native_chunk,running
2217,ocean_water,native_chunk,done
2218,ocean_land,native_chunk,running
2219,ocean_land,native_chunk,running
2220,ocean_land,native_chunk,done
2221,wind_air,gdext,done
2222,wind_surface,gdext,done
2223,transp,gdext,done
2224,pass_a,data_core,done
2225,pass_b,data_core,done
2226,ocean_water,native_chunk,running
2227,ocean_water,native_chunk,running
2228,ocean_water,native_chunk,done
2229,ocean_land,native_chunk,running
2230,ocean_land,native_chunk,running
2231,ocean_land,native_chunk,done
2232,wind_air,gdext,done
2233,wind_surface,gdext,done
2234,transp,gdext,done
2235,pass_a,data_core,done
2236,pass_b,data_core,done
2237,ocean_water,native_chunk,running
2238,ocean_water,native_chunk,running
2239,ocean_water,native_chunk,done
2240,ocean_land,native_chunk,running
2241,ocean_land,native_chunk,running
2242,ocean_land,native_chunk,done
2243,wind_air,gdext,done
2244,wind_surface,gdext,done
2245,transp,gdext,done
2246,pass_a,data_core,done
2247,pass_b,data_core,done
2248,ocean_water,native_chunk,running
2249,ocean_water,native_chunk,running
2250,ocean_water,native_chunk,done
2251,ocean_land,native_chunk,running
2252,ocean_land,native_chunk,running
2253,ocean_land,native_chunk,done
2254,wind_air,gdext,done
2255,wind_surface,gdext,done
2256,transp,gdext,done
2257,pass_a,data_core,done
2258,pass_b,data_core,done
2259,ocean_water,native_chunk,running
2260,ocean_water,native_chunk,running
2261,ocean_water,native_chunk,done
2262,ocean_land,native_chunk,running
2263,ocean_land,native_chunk,running
2264,ocean_land,native_chunk,done
2265,wind_air,gdext,done
2266,wind_surface,gdext,done
2267,transp,gdext,done
2268,pass_a,data_core,done
2269,pass_b,data_core,done
2270,ocean_water,native_chunk,running
2271,ocean_water,native_chunk,running
2272,ocean_water,native_chunk,done
2273,ocean_land,native_chunk,running
2274,ocean_land,native_chunk,running
2275,ocean_land,native_chunk,done
2276,wind_air,gdext,done
2277,wind_surface,gdext,done
2278,transp,gdext,done
2279,pass_a,data_core,done
2280,pass_b,data_core,done
2281,ocean_water,native_chunk,running
2282,ocean_water,native_chunk,running
2283,ocean_water,native_chunk,done
2284,ocean_land,native_chunk,running
2285,ocean_land,native_chunk,running
2286,ocean_land,native_chunk,done
2287,wind_air,gdext,done
2288,wind_surface,gdext,done
2289,transp,gdext,done
2290,pass_a,data_core,done
2291,pass_b,data_core,done
2292,ocean_water,native_chunk,running
2293,ocean_water,native_chunk,running
2294,ocean_water,native_chunk,done
2295,ocean_land,native_chunk,running
2296,ocean_land,native_chunk,running
2297,ocean_land,native_chunk,done
2298,wind_air,gdext,done
2299,wind_surface,gdext,done
2300,transp,gdext,done
2301,pass_a,data_core,done
2302,pass_b,data_core,done
2303,ocean_water,native_chunk,running
2304,ocean_water,native_chunk,running
2305,ocean_water,native_chunk,done
2306,ocean_land,native_chunk,running
2307,ocean_land,native_chunk,running
2308,ocean_land,native_chunk,done
2309,wind_air,gdext,done
2310,wind_surface,gdext,done
2311,transp,gdext,done
2312,pass_a,data_core,done
2313,pass_b,data_core,done
2314,ocean_water,native_chunk,running
2315,ocean_water,native_chunk,running
2316,ocean_water,native_chunk,done
2317,ocean_land,native_chunk,running
2318,ocean_land,native_chunk,running
2319,ocean_land,native_chunk,done
2320,wind_air,gdext,done
2321,wind_surface,gdext,done
2322,transp,gdext,done
2323,pass_a,data_core,done
2324,pass_b,data_core,done
2325,ocean_water,native_chunk,running
2326,ocean_water,native_chunk,running
2327,ocean_water,native_chunk,done
2328,ocean_land,native_chunk,running
2329,ocean_land,native_chunk,running
2330,ocean_land,native_chunk,done
2331,wind_air,gdext,done
2332,wind_surface,gdext,done
2333,transp,gdext,done
2334,pass_a,data_core,done
2335,pass_b,data_core,done
2336,ocean_water,native_chunk,running
2337,ocean_water,native_chunk,running
2338,ocean_water,native_chunk,done
2339,ocean_land,native_chunk,running
2340,ocean_land,native_chunk,running
2341,ocean_land,native_chunk,done
2342,wind_air,gdext,done
2343,wind_surface,gdext,done
2344,transp,gdext,done
2345,pass_a,data_core,done
2346,pass_b,data_core,done
2347,ocean_water,native_chunk,running
2348,ocean_water,native_chunk,running
2349,ocean_water,native_chunk,done
2350,ocean_land,native_chunk,running
2351,ocean_land,native_chunk,running
2352,ocean_land,native_chunk,done
2353,wind_air,gdext,done
2354,wind_surface,gdext,done
2355,transp,gdext,done
2356,pass_a,data_core,done
2357,pass_b,data_core,done
2358,ocean_water,native_chunk,running
2359,ocean_water,native_chunk,running
2360,ocean_water,native_chunk,done
2361,ocean_land,native_chunk,running
2362,ocean_land,native_chunk,running
2363,ocean_land,native_chunk,done
2364,wind_air,gdext,done
2365,wind_surface,gdext,done
2366,transp,gdext,done
2367,pass_a,data_core,done
2368,pass_b,data_core,done
2369,ocean_water,native_chunk,running
2370,ocean_water,native_chunk,running
2371,ocean_water,native_chunk,done
2372,ocean_land,native_chunk,running
2373,ocean_land,native_chunk,running
2374,ocean_land,native_chunk,done
2375,wind_air,gdext,done
2376,wind_surface,gdext,done
2377,transp,gdext,done
2378,pass_a,data_core,done
2379,pass_b,data_core,done
2380,ocean_water,native_chunk,running
2381,ocean_water,native_chunk,running
2382,ocean_water,native_chunk,done
2383,ocean_land,native_chunk,running
2384,ocean_land,native_chunk,running
2385,ocean_land,native_chunk,done
2386,wind_air,gdext,done
2387,wind_surface,gdext,done
2388,transp,gdext,done
2389,pass_a,data_core,done
2390,pass_b,data_core,done
2391,ocean_water,native_chunk,running
2392,ocean_water,native_chunk,running
2393,ocean_water,native_chunk,done
2394,ocean_land,native_chunk,running
2395,ocean_land,native_chunk,running
2396,ocean_land,native_chunk,done
2397,wind_air,gdext,done
2398,wind_surface,gdext,done
2399,transp,gdext,done
2400,pass_a,data_core,done
2401,pass_b,data_core,done
2402,ocean_water,native_chunk,running
2403,ocean_water,native_chunk,running
2404,ocean_water,native_chunk,done
2405,ocean_land,native_chunk,running
2406,ocean_land,native_chunk,running
2407,ocean_land,native_chunk,done
2408,wind_air,gdext,done
2409,wind_surface,gdext,done
2410,transp,gdext,done
2411,pass_a,data_core,done
2412,pass_b,data_core,done
2413,ocean_water,native_chunk,running
2414,ocean_water,native_chunk,running
2415,ocean_water,native_chunk,done
2416,ocean_land,native_chunk,running
2417,ocean_land,native_chunk,running
2418,ocean_land,native_chunk,done
2419,wind_air,gdext,done
2420,wind_surface,gdext,done
2421,transp,gdext,done
2422,pass_a,data_core,done
2423,pass_b,data_core,done
2424,ocean_water,native_chunk,running
2425,ocean_water,native_chunk,running
2426,ocean_water,native_chunk,done
2427,ocean_land,native_chunk,running
2428,ocean_land,native_chunk,running
2429,ocean_land,native_chunk,done
2430,wind_air,gdext,done
2431,wind_surface,gdext,done
2432,transp,gdext,done
2433,pass_a,data_core,done
