row_idx,tick_idx,timestamp_ms,was_skipped_day,fps,fast_ms,t_sus_ms,t_render_ms,t_ui_ms,largest_slice_job,largest_slice_stage,largest_slice_substage,largest_slice_path,largest_slice_ms,sus_sim_p95_300,sus_sim_max_300,over_1ms_count_300,j_season_refresh_ms,j_season_refresh_slices,j_season_refresh_skip,j_enum_atlas_upload_ms,j_enum_atlas_upload_slices,j_enum_atlas_upload_skip,j_ocean_currents_ms,j_ocean_currents_slices,j_ocean_currents_skip,j_refresh_climate_daily_ms,j_refresh_climate_daily_slices,j_refresh_climate_daily_skip,j_weather_refresh_ms,j_weather_refresh_slices,j_weather_refresh_skip,j_dynamic_visual_atlas_upload_ms,j_dynamic_visual_atlas_upload_slices,j_dynamic_visual_atlas_upload_skip,bd_climate_pass_a_ms,bd_climate_pass_b_ms,bd_climate_ocean_ms,bd_climate_sea_ice_ms,bd_climate_ice_bake_ms,bd_climate_transp_ms,bd_climate_total_ms,bd_climate_cells,bd_climate_partial,bd_climate_current_pass,bd_climate_progress_ratio,bd_climate_dirty_ratio,bd_climate_visited_ratio,bd_climate_pass_b_path,bd_weather_weather_tick_ms,bd_weather_advance_ms,bd_weather_spawn_ms,bd_weather_distribute_ms,bd_weather_cyclone_ms,bd_weather_field_solve_ms,bd_weather_field_solve_total_ms,bd_weather_field_summary_ms,bd_weather_field_commit_total_ms,bd_weather_field_commit_setup_ms,bd_weather_field_commit_loop_ms,bd_weather_field_commit_dc_ms,bd_weather_field_commit_convergence_ms,bd_weather_weather_field_bake_ms,bd_weather_transp_ms,bd_weather_albedo_ms,bd_weather_veg_dyn_ms,bd_weather_cover_rebake_ms,bd_weather_veg_rebake_ms,bd_weather_feedback_ms,bd_weather_total_ms,bd_weather_fronts,bd_weather_albedo_ran,bd_weather_veg_dyn_ran,bd_weather_feedback_ran,bd_weather_begin_stage_a_ms,bd_weather_run_stage_a_slice_ms,bd_weather_stage_a_direct_ms,bd_weather_commit_stage_a_ms,bd_weather_stage_b_outer_ms,bd_weather_sync_fronts_ms,bd_weather_soak_dump_ms,bd_weather_prelude_ms,bd_weather_job_total_ms,bd_weather_job_unattributed_ms,bd_enum_atlas_axis,bd_enum_atlas_path,bd_enum_atlas_elapsed_ms,bd_enum_atlas_dirty_cells,bd_enum_atlas_dirty_pixels,bd_enum_atlas_buffer_patch_ms,bd_enum_atlas_image_ms,bd_enum_atlas_upload_ms,bd_enum_atlas_cache_valid,bd_enum_atlas_biome_pending,bd_enum_atlas_cover_pending,bd_enum_atlas_vegetation_pending,bd_sea_ice_atlas_done,bd_sea_ice_atlas_phase,bd_sea_ice_atlas_stage_name,bd_sea_ice_atlas_elapsed_ms,bd_sea_ice_atlas_reason
0,67,20891,true,55,0,0.24,0.005,0,,,,,0,64.974,295.037,0,,,,,,,,,,,,,,,,,,,0.22,0.689,0.845,4.826,0,0.05,7,2400,false,done,1,1,1,full,0.4807,0.2277,0.228,0.025,0,0.2277,0.2277,0.228,0.003,0.001,0.001,0,0,0,0,0,0,0,0,0,1.233,12,false,false,false,0,0,0,0.372,0.02,0,0.003,0.008,0.426,0.023,cover,skipped_no_dirty,1.836,0,0,1.796,0,0,true,false,false,false,true,disabled,sea_ice_atlas_upload,0,shader_temperature_derived
1,68,21007,true,55,63,63.429,0.016,0,dynamic_visual_atlas_upload,dynamic_visual_atlas_upload,,,49.369,64.974,295.037,0,,,,,,,,,,,,,,,,,,,0.21,1.063,0.842,4.19,0,0.047,7,2400,false,done,1,1,1,full,0.4807,0.2277,0.228,0.025,0,0.2277,0.2277,0.228,0.003,0.001,0.001,0,0,0,0,0,0,0,0,0,1.233,12,false,false,false,0,0,0,0.372,0.02,0,0.003,0.008,0.426,0.023,cover,skipped_no_dirty,1.836,0,0,1.796,0,0,true,false,false,false,true,disabled,sea_ice_atlas_upload,0,shader_temperature_derived
2,69,21011,true,55,0,0.193,0.004,0,,,,,0,64.974,295.037,0,,,,,,,,,,,,,,,,,,,0.21,1.063,0.842,4.19,0,0.047,7,2400,false,done,1,1,1,full,0.4807,0.2277,0.228,0.025,0,0.2277,0.2277,0.228,0.003,0.001,0.001,0,0,0,0,0,0,0,0,0,1.233,12,false,false,false,0,0,0,0.372,0.02,0,0.003,0.008,0.426,0.023,cover,skipped_no_dirty,1.836,0,0,1.796,0,0,true,false,false,false,true,disabled,sea_ice_atlas_upload,0,shader_temperature_derived
3,70,21083,true,56,39,39.192,0.008,0,dynamic_visual_atlas_upload,dynamic_visual_atlas_upload,,,32.668,64.974,295.037,0,,,,,,,,,,,,,,,,,,,0.23,0.829,0.819,4.068,0,0.047,6,2400,false,done,1,1,1,full,0.4807,0.2277,0.228,0.025,0,0.2277,0.2277,0.228,0.003,0.001,0.001,0,0,0,0,0,0,0,0,0,1.233,12,false,false,false,0,0,0,0.372,0.02,0,0.003,0.008,0.426,0.023,cover,skipped_no_dirty,1.836,0,0,1.796,0,0,true,false,false,false,true,disabled,sea_ice_atlas_upload,0,shader_temperature_derived
4,71,21090,true,56,0,0.496,0.004,0,season_refresh,stage_0_moisture,cursor_0,stage,0.275,64.974,295.037,0,,,,,,,,,,,,,,,,,,,0.23,0.829,0.819,4.068,0,0.047,6,2400,false,done,1,1,1,full,0.4807,0.2277,0.228,0.025,0,0.2277,0.2277,0.228,0.003,0.001,0.001,0,0,0,0,0,0,0,0,0,1.233,12,false,false,false,0,0,0,0.372,0.02,0,0.003,0.008,0.426,0.023,cover,skipped_no_dirty,1.836,0,0,1.796,0,0,true,false,false,false,true,disabled,sea_ice_atlas_upload,0,shader_temperature_derived
5,72,21181,false,56,53,51.602,1.281,0.207,dynamic_visual_atlas_upload,dynamic_visual_atlas_upload,,,43.001,64.974,295.037,0,0.152,1,,0,0,policy_gated,0,0,policy_gated,6.945,6,,1.197,3,,43.013,1,,0.218,0.972,0.827,4.664,0,0.047,6,2400,false,done,1,1,1,full,0.4117,0.1461,0.241,0.0246,0,0.1461,0.1461,0.241,0.003,0.001,0,0.002,0,0,0,0,0,0,0,0,1.121,12,false,false,false,0,0,0,0.36,0.02,0,0.004,0.007,0.419,0.028,cover,skipped_no_dirty,1.836,0,0,1.796,0,0,true,false,false,false,true,disabled,sea_ice_atlas_upload,0,shader_temperature_derived
6,73,21195,true,56,6,6.828,0.008,0,season_refresh,stage_2_redecide,cursor_0,micro,6.586,64.974,295.037,0,,,,,,,,,,,,,,,,,,,0.218,0.972,0.827,4.664,0,0.047,6,2400,false,done,1,1,1,full,0.4117,0.1461,0.241,0.0246,0,0.1461,0.1461,0.241,0.003,0.001,0,0.002,0,0,0,0,0,0,0,0,1.121,12,false,false,false,0,0,0,0.36,0.02,0,0.004,0.007,0.419,0.028,cover,skipped_no_dirty,1.836,0,0,1.796,0,0,true,false,false,false,true,disabled,sea_ice_atlas_upload,0,shader_temperature_derived
7,74,21303,true,56,59,58.781,0.018,0,dynamic_visual_atlas_upload,dynamic_visual_atlas_upload,,,48.956,64.974,295.037,0,,,,,,,,,,,,,,,,,,,0.227,0.684,0.78,4.597,0,0.046,7,2400,false,done,1,1,1,full,0.4117,0.1461,0.241,0.0246,0,0.1461,0.1461,0.241,0.003,0.001,0,0.002,0,0,0,0,0,0,0,0,1.121,12,false,false,false,0,0,0,0.36,0.02,0,0.004,0.007,0.419,0.028,cover,skipped_no_dirty,1.174,0,0,1.142,0,0,true,false,false,false,true,disabled,sea_ice_atlas_upload,0,shader_temperature_derived
8,75,21320,true,56,14,14.125,0.023,0,season_refresh,stage_4_veg_feedback,cursor_0,micro,13.902,64.974,295.037,0,,,,,,,,,,,,,,,,,,,0.227,0.684,0.78,4.597,0,0.046,7,2400,false,done,1,1,1,full,0.4117,0.1461,0.241,0.0246,0,0.1461,0.1461,0.241,0.003,0.001,0,0.002,0,0,0,0,0,0,0,0,1.121,12,false,false,false,0,0,0,0.36,0.02,0,0.004,0.007,0.419,0.028,cover,skipped_no_dirty,1.174,0,0,1.142,0,0,true,false,false,false,true,disabled,sea_ice_atlas_upload,0,shader_temperature_derived
9,76,21377,true,56,41,40.851,0.013,0,dynamic_visual_atlas_upload,dynamic_visual_atlas_upload,,,32.731,64.974,295.037,0,,,,,,,,,,,,,,,,,,,0.241,0.654,0.803,4.083,0,0.047,6,2400,false,done,1,1,1,full,0.4117,0.1461,0.241,0.0246,0,0.1461,0.1461,0.241,0.003,0.001,0,0.002,0,0,0,0,0,0,0,0,1.121,12,false,false,false,0,0,0,0.36,0.02,0,0.004,0.007,0.419,0.028,cover,skipped_no_dirty,1.174,0,0,1.142,0,0,true,false,false,false,true,disabled,sea_ice_atlas_upload,0,shader_temperature_derived
10,77,21385,true,56,2,2.304,0.005,0,season_refresh,stage_6_mangrove,cursor_0,stage,2.07,64.974,295.037,0,,,,,,,,,,,,,,,,,,,0.241,0.654,0.803,4.083,0,0.047,6,2400,false,done,1,1,1,full,0.4117,0.1461,0.241,0.0246,0,0.1461,0.1461,0.241,0.003,0.001,0,0.002,0,0,0,0,0,0,0,0,1.121,12,false,false,false,0,0,0,0.36,0.02,0,0.004,0.007,0.419,0.028,cover,skipped_no_dirty,1.174,0,0,1.142,0,0,true,false,false,false,true,disabled,sea_ice_atlas_upload,0,shader_temperature_derived
11,78,21497,true,56,53,52.73,0.01,0,dynamic_visual_atlas_upload,dynamic_visual_atlas_upload,,,43.108,64.974,295.037,0,,,,,,,,,,,,,,,,,,,0.257,0.681,0.832,4.379,0,0.047,7,2400,false,done,1,1,1,full,0.4117,0.1461,0.241,0.0246,0,0.1461,0.1461,0.241,0.003,0.001,0,0.002,0,0,0,0,0,0,0,0,1.121,12,false,false,false,0,0,0,0.36,0.02,0,0.004,0.007,0.419,0.028,cover,skipped_no_dirty,1.174,0,0,1.142,0,0,true,false,false,false,true,disabled,sea_ice_atlas_upload,0,shader_temperature_derived
12,79,21502,true,56,2,1.793,0.006,0,season_refresh,stage_8_swamp,cursor_0,stage,1.598,64.974,295.037,0,,,,,,,,,,,,,,,,,,,0.257,0.681,0.832,4.379,0,0.047,7,2400,false,done,1,1,1,full,0.4117,0.1461,0.241,0.0246,0,0.1461,0.1461,0.241,0.003,0.001,0,0.002,0,0,0,0,0,0,0,0,1.121,12,false,false,false,0,0,0,0.36,0.02,0,0.004,0.007,0.419,0.028,cover,skipped_no_dirty,1.174,0,0,1.142,0,0,true,false,false,false,true,disabled,sea_ice_atlas_upload,0,shader_temperature_derived
13,80,21607,false,56,63,61.181,1.457,0.21,dynamic_visual_atlas_upload,dynamic_visual_atlas_upload,,,48.426,63.067,295.037,0,4.682,1,,0,0,policy_gated,0,0,policy_gated,6.211,6,,1.564,3,,48.438,1,,0.191,0.699,0.779,4.284,0,0.051,6,2400,false,done,1,1,1,full,0.3937,0.145,0.218,0.0307,0,0.145,0.145,0.218,0.003,0.001,0.001,0.001,0,0,0,0,0,0,0,0,1.485,12,false,false,false,0,0,0,0.652,0.02,0,0.003,0.007,0.715,0.033,cover,skipped_no_dirty,1.174,0,0,1.142,0,0,true,false,false,false,true,disabled,sea_ice_atlas_upload,0,shader_temperature_derived
14,81,21613,true,56,0,0.234,0.004,0,season_refresh,stage_10_atlas_queue,cursor_0,stage,0.026,63.067,295.037,0,,,,,,,,,,,,,,,,,,,0.191,0.699,0.779,4.284,0,0.051,6,2400,false,done,1,1,1,full,0.3937,0.145,0.218,0.0307,0,0.145,0.145,0.218,0.003,0.001,0.001,0.001,0,0,0,0,0,0,0,0,1.485,12,false,false,false,0,0,0,0.652,0.02,0,0.003,0.007,0.715,0.033,cover,skipped_no_dirty,1.174,0,0,1.142,0,0,true,false,false,false,true,disabled,sea_ice_atlas_upload,0,shader_temperature_derived
15,82,21697,true,56,53,52.559,0.01,0.001,dynamic_visual_atlas_upload,dynamic_visual_atlas_upload,,,32.059,63.067,295.037,0,,,,,,,,,,,,,,,,,,,0.22,0.789,0.861,4.689,0,0.047,7,2400,false,done,1,1,1,full,0.3937,0.145,0.218,0.0307,0,0.145,0.145,0.218,0.003,0.001,0.001,0.001,0,0,0,0,0,0,0,0,1.485,12,false,false,false,0,0,0,0.652,0.02,0,0.003,0.007,0.715,0.033,biome,cached_full_update,13.238,723,166506,11.707,0.002,1.504,true,false,false,false,true,disabled,sea_ice_atlas_upload,0,shader_temperature_derived
16,83,21700,true,56,0,0.198,0.004,0,,,,,0,63.067,295.037,0,,,,,,,,,,,,,,,,,,,0.22,0.789,0.861,4.689,0,0.047,7,2400,false,done,1,1,1,full,0.3937,0.145,0.218,0.0307,0,0.145,0.145,0.218,0.003,0.001,0.001,0.001,0,0,0,0,0,0,0,0,1.485,12,false,false,false,0,0,0,0.652,0.02,0,0.003,0.007,0.715,0.033,biome,cached_full_update,13.238,723,166506,11.707,0.002,1.504,true,false,false,false,true,disabled,sea_ice_atlas_upload,0,shader_temperature_derived
17,84,21779,true,56,51,50.747,0.014,0,dynamic_visual_atlas_upload,dynamic_visual_atlas_upload,,,43.509,63.067,295.037,0,,,,,,,,,,,,,,,,,,,0.258,0.953,0.779,4.677,0,0.048,7,2400,false,done,1,1,1,full,0.3937,0.145,0.218,0.0307,0,0.145,0.145,0.218,0.003,0.001,0.001,0.001,0,0,0,0,0,0,0,0,1.485,12,false,false,false,0,0,0,0.652,0.02,0,0.003,0.007,0.715,0.033,biome,cached_full_update,13.238,723,166506,11.707,0.002,1.504,true,false,false,false,true,disabled,sea_ice_atlas_upload,0,shader_temperature_derived
18,85,21785,true,56,0,0.197,0.004,0,,,,,0,63.067,295.037,0,,,,,,,,,,,,,,,,,,,0.258,0.953,0.779,4.677,0,0.048,7,2400,false,done,1,1,1,full,0.3937,0.145,0.218,0.0307,0,0.145,0.145,0.218,0.003,0.001,0.001,0.001,0,0,0,0,0,0,0,0,1.485,12,false,false,false,0,0,0,0.652,0.02,0,0.003,0.007,0.715,0.033,biome,cached_full_update,13.238,723,166506,11.707,0.002,1.504,true,false,false,false,true,disabled,sea_ice_atlas_upload,0,shader_temperature_derived
19,86,21886,true,56,56,56.277,0.015,0,dynamic_visual_atlas_upload,dynamic_visual_atlas_upload,,,49.246,63.067,295.037,0,,,,,,,,,,,,,,,,,,,0.238,0.882,0.822,4.535,0,0.049,7,2400,false,done,1,1,1,full,0.3937,0.145,0.218,0.0307,0,0.145,0.145,0.218,0.003,0.001,0.001,0.001,0,0,0,0,0,0,0,0,1.485,12,false,false,false,0,0,0,0.652,0.02,0,0.003,0.007,0.715,0.033,biome,cached_full_update,13.238,723,166506,11.707,0.002,1.504,true,false,false,false,true,disabled,sea_ice_atlas_upload,0,shader_temperature_derived
20,87,21890,true,56,1,0.202,0.004,0,,,,,0,63.067,295.037,0,,,,,,,,,,,,,,,,,,,0.238,0.882,0.822,4.535,0,0.049,7,2400,false,done,1,1,1,full,0.3937,0.145,0.218,0.0307,0,0.145,0.145,0.218,0.003,0.001,0.001,0.001,0,0,0,0,0,0,0,0,1.485,12,false,false,false,0,0,0,0.652,0.02,0,0.003,0.007,0.715,0.033,biome,cached_full_update,13.238,723,166506,11.707,0.002,1.504,true,false,false,false,true,disabled,sea_ice_atlas_upload,0,shader_temperature_derived
21,88,21988,false,56,43,40.872,1.379,0.235,dynamic_visual_atlas_upload,dynamic_visual_atlas_upload,,,32.313,63.067,295.037,0,0,0,policy_gated,0,0,policy_gated,0,0,policy_gated,6.882,6,,1.313,3,,32.326,1,,0.255,1.103,0.861,4.359,0,0.053,7,2400,false,done,1,1,1,full,0.3957,0.1446,0.225,0.0261,0,0.1446,0.1446,0.225,0.003,0.001,0.001,0.001,0,0,0,0,0.0239,0,0,0,1.233,12,false,true,false,0,0,0,0.351,0.097,0,0.003,0.007,0.489,0.031,biome,cached_full_update,13.238,723,166506,11.707,0.002,1.504,true,false,false,false,true,disabled,sea_ice_atlas_upload,0,shader_temperature_derived
22,89,21995,true,56,0,0.237,0.005,0,,,,,0,63.067,295.037,0,,,,,,,,,,,,,,,,,,,0.255,1.103,0.861,4.359,0,0.053,7,2400,false,done,1,1,1,full,0.3957,0.1446,0.225,0.0261,0,0.1446,0.1446,0.225,0.003,0.001,0.001,0.001,0,0,0,0,0.0239,0,0,0,1.233,12,false,true,false,0,0,0,0.351,0.097,0,0.003,0.007,0.489,0.031,biome,cached_full_update,13.238,723,166506,11.707,0.002,1.504,true,false,false,false,true,disabled,sea_ice_atlas_upload,0,shader_temperature_derived
23,90,22080,true,61,52,52.334,0.012,0,dynamic_visual_atlas_upload,dynamic_visual_atlas_upload,,,42.958,63.067,295.037,0,,,,,,,,,,,,,,,,,,,0.229,0.691,0.839,4.488,0,0.049,6,2400,false,done,1,1,1,full,0.3957,0.1446,0.225,0.0261,0,0.1446,0.1446,0.225,0.003,0.001,0.001,0.001,0,0,0,0,0.0239,0,0,0,1.233,12,false,true,false,0,0,0,0.351,0.097,0,0.003,0.007,0.489,0.031,cover,skipped_no_dirty,1.85,0,0,1.81,0,0,true,false,false,false,true,disabled,sea_ice_atlas_upload,0,shader_temperature_derived
24,91,22093,true,61,0,0.201,0.004,0,,,,,0,63.067,295.037,0,,,,,,,,,,,,,,,,,,,0.229,0.691,0.839,4.488,0,0.049,6,2400,false,done,1,1,1,full,0.3957,0.1446,0.225,0.0261,0,0.1446,0.1446,0.225,0.003,0.001,0.001,0.001,0,0,0,0,0.0239,0,0,0,1.233,12,false,true,false,0,0,0,0.351,0.097,0,0.003,0.007,0.489,0.031,cover,skipped_no_dirty,1.85,0,0,1.81,0,0,true,false,false,false,true,disabled,sea_ice_atlas_upload,0,shader_temperature_derived
25,92,22203,true,61,58,58.35,0.012,0,dynamic_visual_atlas_upload,dynamic_visual_atlas_upload,,,48.427,63.067,295.037,0,,,,,,,,,,,,,,,,,,,0.231,0.703,0.742,4.017,0,0.046,6,2400,false,done,1,1,1,full,0.3957,0.1446,0.225,0.0261,0,0.1446,0.1446,0.225,0.003,0.001,0.001,0.001,0,0,0,0,0.0239,0,0,0,1.233,12,false,true,false,0,0,0,0.351,0.097,0,0.003,0.007,0.489,0.031,cover,skipped_no_dirty,1.85,0,0,1.81,0,0,true,false,false,false,true,disabled,sea_ice_atlas_upload,0,shader_temperature_derived
26,93,22207,true,61,1,0.2,0.004,0.001,,,,,0,63.067,295.037,0,,,,,,,,,,,,,,,,,,,0.231,0.703,0.742,4.017,0,0.046,6,2400,false,done,1,1,1,full,0.3957,0.1446,0.225,0.0261,0,0.1446,0.1446,0.225,0.003,0.001,0.001,0.001,0,0,0,0,0.0239,0,0,0,1.233,12,false,true,false,0,0,0,0.351,0.097,0,0.003,0.007,0.489,0.031,cover,skipped_no_dirty,1.85,0,0,1.81,0,0,true,false,false,false,true,disabled,sea_ice_atlas_upload,0,shader_temperature_derived
27,94,22285,true,61,40,39.867,0.008,0,dynamic_visual_atlas_upload,dynamic_visual_atlas_upload,,,31.913,63.067,295.037,0,,,,,,,,,,,,,,,,,,,0.217,0.902,0.815,4.163,0,0.049,6,2400,false,done,1,1,1,full,0.3957,0.1446,0.225,0.0261,0,0.1446,0.1446,0.225,0.003,0.001,0.001,0.001,0,0,0,0,0.0239,0,0,0,1.233,12,false,true,false,0,0,0,0.351,0.097,0,0.003,0.007,0.489,0.031,cover,skipped_no_dirty,1.85,0,0,1.81,0,0,true,false,false,false,true,disabled,sea_ice_atlas_upload,0,shader_temperature_derived
28,95,22293,true,61,0,0.235,0.005,0,,,,,0,63.067,295.037,0,,,,,,,,,,,,,,,,,,,0.217,0.902,0.815,4.163,0,0.049,6,2400,false,done,1,1,1,full,0.3957,0.1446,0.225,0.0261,0,0.1446,0.1446,0.225,0.003,0.001,0.001,0.001,0,0,0,0,0.0239,0,0,0,1.233,12,false,true,false,0,0,0,0.351,0.097,0,0.003,0.007,0.489,0.031,cover,skipped_no_dirty,1.85,0,0,1.81,0,0,true,false,false,false,true,disabled,sea_ice_atlas_upload,0,shader_temperature_derived
29,96,22382,false,61,54,51.876,1.466,0.218,dynamic_visual_atlas_upload,dynamic_visual_atlas_upload,,,43.317,63.067,295.037,0,0,0,policy_gated,0,0,policy_gated,0.173,1,,6.723,6,,1.318,3,,43.33,1,,0.187,1.05,0.825,4.388,0,0.052,6,2400,false,done,1,1,1,full,0.4555,0.222,0.209,0.0245,0,0.222,0.222,0.209,0.004,0.001,0.001,0.001,0,0,0,0,0,0,0,0,1.242,12,false,false,false,0,0,0,0.382,0.02,0,0.005,0.007,0.443,0.029,cover,skipped_no_dirty,1.85,0,0,1.81,0,0,true,false,false,false,true,disabled,sea_ice_atlas_upload,0,shader_temperature_derived
30,97,22388,true,61,0,0.211,0.004,0,,,,,0,63.067,295.037,0,,,,,,,,,,,,,,,,,,,0.187,1.05,0.825,4.388,0,0.052,6,2400,false,done,1,1,1,full,0.4555,0.222,0.209,0.0245,0,0.222,0.222,0.209,0.004,0.001,0.001,0.001,0,0,0,0,0,0,0,0,1.242,12,false,false,false,0,0,0,0.382,0.02,0,0.005,0.007,0.443,0.029,cover,skipped_no_dirty,1.85,0,0,1.81,0,0,true,false,false,false,true,disabled,sea_ice_atlas_upload,0,shader_temperature_derived
31,98,22510,true,61,65,64.643,0.015,0,dynamic_visual_atlas_upload,dynamic_visual_atlas_upload,,,49.205,63.067,295.037,0,,,,,,,,,,,,,,,,,,,0.215,0.913,0.838,4.783,0,0.048,7,2400,false,done,1,1,1,full,0.4555,0.222,0.209,0.0245,0,0.222,0.222,0.209,0.004,0.001,0.001,0.001,0,0,0,0,0,0,0,0,1.242,12,false,false,false,0,0,0,0.382,0.02,0,0.005,0.007,0.443,0.029,cover,skipped_no_dirty,1.805,0,0,1.766,0,0,true,false,false,false,true,disabled,sea_ice_atlas_upload,0,shader_temperature_derived
32,99,22514,true,61,0,0.264,0.008,0,,,,,0,63.067,295.037,0,,,,,,,,,,,,,,,,,,,0.215,0.913,0.838,4.783,0,0.048,7,2400,false,done,1,1,1,full,0.4555,0.222,0.209,0.0245,0,0.222,0.222,0.209,0.004,0.001,0.001,0.001,0,0,0,0,0,0,0,0,1.242,12,false,false,false,0,0,0,0.382,0.02,0,0.005,0.007,0.443,0.029,cover,skipped_no_dirty,1.805,0,0,1.766,0,0,true,false,false,false,true,disabled,sea_ice_atlas_upload,0,shader_temperature_derived
33,100,22585,true,61,40,39.437,0.009,0,dynamic_visual_atlas_upload,dynamic_visual_atlas_upload,,,32.696,62.472,295.037,0,,,,,,,,,,,,,,,,,,,0.249,0.963,0.826,4.182,0,0.046,7,2400,false,done,1,1,1,full,0.4555,0.222,0.209,0.0245,0,0.222,0.222,0.209,0.004,0.001,0.001,0.001,0,0,0,0,0,0,0,0,1.242,12,false,false,false,0,0,0,0.382,0.02,0,0.005,0.007,0.443,0.029,cover,skipped_no_dirty,1.805,0,0,1.766,0,0,true,false,false,false,true,disabled,sea_ice_atlas_upload,0,shader_temperature_derived
34,101,22593,true,61,0,0.194,0.004,0,,,,,0,62.472,295.037,0,,,,,,,,,,,,,,,,,,,0.249,0.963,0.826,4.182,0,0.046,7,2400,false,done,1,1,1,full,0.4555,0.222,0.209,0.0245,0,0.222,0.222,0.209,0.004,0.001,0.001,0.001,0,0,0,0,0,0,0,0,1.242,12,false,false,false,0,0,0,0.382,0.02,0,0.005,0.007,0.443,0.029,cover,skipped_no_dirty,1.805,0,0,1.766,0,0,true,false,false,false,true,disabled,sea_ice_atlas_upload,0,shader_temperature_derived
35,102,22695,true,61,50,50.07,0.013,0.001,dynamic_visual_atlas_upload,dynamic_visual_atlas_upload,,,43.223,62.472,295.037,0,,,,,,,,,,,,,,,,,,,0.224,1.026,0.837,4.175,0,0.047,7,2400,false,done,1,1,1,full,0.4555,0.222,0.209,0.0245,0,0.222,0.222,0.209,0.004,0.001,0.001,0.001,0,0,0,0,0,0,0,0,1.242,12,false,false,false,0,0,0,0.382,0.02,0,0.005,0.007,0.443,0.029,cover,skipped_no_dirty,1.805,0,0,1.766,0,0,true,false,false,false,true,disabled,sea_ice_atlas_upload,0,shader_temperature_derived
36,103,22699,true,61,1,0.21,0.004,0,,,,,0,62.472,295.037,0,,,,,,,,,,,,,,,,,,,0.224,1.026,0.837,4.175,0,0.047,7,2400,false,done,1,1,1,full,0.4555,0.222,0.209,0.0245,0,0.222,0.222,0.209,0.004,0.001,0.001,0.001,0,0,0,0,0,0,0,0,1.242,12,false,false,false,0,0,0,0.382,0.02,0,0.005,0.007,0.443,0.029,cover,skipped_no_dirty,1.805,0,0,1.766,0,0,true,false,false,false,true,disabled,sea_ice_atlas_upload,0,shader_temperature_derived
37,104,22787,false,61,58,56.28,1.438,0.215,dynamic_visual_atlas_upload,dynamic_visual_atlas_upload,,,48.37,62.472,295.037,0,0,0,policy_gated,0,0,policy_gated,0,0,policy_gated,6.416,6,,1.202,3,,48.381,1,,0.224,0.852,0.795,4.291,0,0.049,6,2400,false,done,1,1,1,full,0.3721,0.1455,0.202,0.0246,0,0.1455,0.1455,0.202,0.003,0.001,0.001,0,0,0,0,0,0,0,0,0,1.128,12,false,false,false,0,0,0,0.349,0.019,0,0.003,0.007,0.407,0.029,cover,skipped_no_dirty,1.805,0,0,1.766,0,0,true,false,false,false,true,disabled,sea_ice_atlas_upload,0,shader_temperature_derived
38,105,22793,true,61,0,0.222,0.004,0.001,,,,,0,62.472,295.037,0,,,,,,,,,,,,,,,,,,,0.224,0.852,0.795,4.291,0,0.049,6,2400,false,done,1,1,1,full,0.3721,0.1455,0.202,0.0246,0,0.1455,0.1455,0.202,0.003,0.001,0.001,0,0,0,0,0,0,0,0,0,1.128,12,false,false,false,0,0,0,0.349,0.019,0,0.003,0.007,0.407,0.029,cover,skipped_no_dirty,1.805,0,0,1.766,0,0,true,false,false,false,true,disabled,sea_ice_atlas_upload,0,shader_temperature_derived
39,106,22887,true,61,41,40.841,0.01,0,dynamic_visual_atlas_upload,dynamic_visual_atlas_upload,,,32.38,62.472,295.037,0,,,,,,,,,,,,,,,,,,,0.265,0.694,0.825,4.259,0,0.063,7,2400,false,done,1,1,1,full,0.3721,0.1455,0.202,0.0246,0,0.1455,0.1455,0.202,0.003,0.001,0.001,0,0,0,0,0,0,0,0,0,1.128,12,false,false,false,0,0,0,0.349,0.019,0,0.003,0.007,0.407,0.029,cover,skipped_no_dirty,1.787,0,0,1.748,0,0,true,false,false,false,true,disabled,sea_ice_atlas_upload,0,shader_temperature_derived
40,107,22893,true,61,0,0.222,0.004,0,,,,,0,62.472,295.037,0,,,,,,,,,,,,,,,,,,,0.265,0.694,0.825,4.259,0,0.063,7,2400,false,done,1,1,1,full,0.3721,0.1455,0.202,0.0246,0,0.1455,0.1455,0.202,0.003,0.001,0.001,0,0,0,0,0,0,0,0,0,1.128,12,false,false,false,0,0,0,0.349,0.019,0,0.003,0.007,0.407,0.029,cover,skipped_no_dirty,1.787,0,0,1.748,0,0,true,false,false,false,true,disabled,sea_ice_atlas_upload,0,shader_temperature_derived
41,108,22981,true,61,52,51.236,0.016,0.001,dynamic_visual_atlas_upload,dynamic_visual_atlas_upload,,,43.801,62.472,295.037,0,,,,,,,,,,,,,,,,,,,0.243,1.112,0.834,4.583,0,0.051,7,2400,false,done,1,1,1,full,0.3721,0.1455,0.202,0.0246,0,0.1455,0.1455,0.202,0.003,0.001,0.001,0,0,0,0,0,0,0,0,0,1.128,12,false,false,false,0,0,0,0.349,0.019,0,0.003,0.007,0.407,0.029,cover,skipped_no_dirty,1.787,0,0,1.748,0,0,true,false,false,false,true,disabled,sea_ice_atlas_upload,0,shader_temperature_derived
42,109,22987,true,61,0,0.274,0.005,0,,,,,0,62.472,295.037,0,,,,,,,,,,,,,,,,,,,0.243,1.112,0.834,4.583,0,0.051,7,2400,false,done,1,1,1,full,0.3721,0.1455,0.202,0.0246,0,0.1455,0.1455,0.202,0.003,0.001,0.001,0,0,0,0,0,0,0,0,0,1.128,12,false,false,false,0,0,0,0.349,0.019,0,0.003,0.007,0.407,0.029,cover,skipped_no_dirty,1.787,0,0,1.748,0,0,true,false,false,false,true,disabled,sea_ice_atlas_upload,0,shader_temperature_derived
43,110,23086,true,55,57,57.42,0.017,0.001,dynamic_visual_atlas_upload,dynamic_visual_atlas_upload,,,50.178,62.472,295.037,0,,,,,,,,,,,,,,,,,,,0.233,0.982,0.815,4.59,0,0.051,7,2400,false,done,1,1,1,full,0.3721,0.1455,0.202,0.0246,0,0.1455,0.1455,0.202,0.003,0.001,0.001,0,0,0,0,0,0,0,0,0,1.128,12,false,false,false,0,0,0,0.349,0.019,0,0.003,0.007,0.407,0.029,cover,skipped_no_dirty,1.787,0,0,1.748,0,0,true,false,false,false,true,disabled,sea_ice_atlas_upload,0,shader_temperature_derived
44,111,23091,true,55,0,0.306,0.006,0,,,,,0,62.472,295.037,0,,,,,,,,,,,,,,,,,,,0.233,0.982,0.815,4.59,0,0.051,7,2400,false,done,1,1,1,full,0.3721,0.1455,0.202,0.0246,0,0.1455,0.1455,0.202,0.003,0.001,0.001,0,0,0,0,0,0,0,0,0,1.128,12,false,false,false,0,0,0,0.349,0.019,0,0.003,0.007,0.407,0.029,cover,skipped_no_dirty,1.787,0,0,1.748,0,0,true,false,false,false,true,disabled,sea_ice_atlas_upload,0,shader_temperature_derived
45,112,23190,false,55,44,41.663,1.512,0.207,dynamic_visual_atlas_upload,dynamic_visual_atlas_upload,,,32.613,62.472,295.037,0,0.325,1,,0,0,policy_gated,0,0,policy_gated,7.151,6,,1.228,3,,32.622,1,,0.177,1.083,0.856,4.753,0,0.051,7,2400,false,done,1,1,1,full,0.3844,0.1463,0.212,0.0261,0,0.1463,0.1463,0.212,0.004,0.002,0,0.001,0,0,0,0,0,0,0,0,1.152,12,false,false,false,0,0,0,0.356,0.021,0,0.003,0.008,0.417,0.029,cover,skipped_no_dirty,1.787,0,0,1.748,0,0,true,false,false,false,true,disabled,sea_ice_atlas_upload,0,shader_temperature_derived
46,113,23197,true,55,0,0.365,0.005,0,season_refresh,rain_shadow,cursor_0,micro,0.115,62.472,295.037,0,,,,,,,,,,,,,,,,,,,0.177,1.083,0.856,4.753,0,0.051,7,2400,false,done,1,1,1,full,0.3844,0.1463,0.212,0.0261,0,0.1463,0.1463,0.212,0.004,0.002,0,0.001,0,0,0,0,0,0,0,0,1.152,12,false,false,false,0,0,0,0.356,0.021,0,0.003,0.008,0.417,0.029,cover,skipped_no_dirty,1.787,0,0,1.748,0,0,true,false,false,false,true,disabled,sea_ice_atlas_upload,0,shader_temperature_derived
47,114,23289,true,55,59,59.761,0.017,0.001,dynamic_visual_atlas_upload,dynamic_visual_atlas_upload,,,44.491,62.472,295.037,0,,,,,,,,,,,,,,,,,,,0.235,0.689,0.868,4.162,0,0.052,7,2400,false,done,1,1,1,full,0.3844,0.1463,0.212,0.0261,0,0.1463,0.1463,0.212,0.004,0.002,0,0.001,0,0,0,0,0,0,0,0,1.152,12,false,false,false,0,0,0,0.356,0.021,0,0.003,0.008,0.417,0.029,cover,skipped_no_dirty,1.337,0,0,1.301,0,0,true,false,false,false,true,disabled,sea_ice_atlas_upload,0,shader_temperature_derived
48,115,23296,true,55,2,2.122,0.005,0.001,season_refresh,stage_3_river,cursor_0,micro,1.824,62.472,295.037,0,,,,,,,,,,,,,,,,,,,0.235,0.689,0.868,4.162,0,0.052,7,2400,false,done,1,1,1,full,0.3844,0.1463,0.212,0.0261,0,0.1463,0.1463,0.212,0.004,0.002,0,0.001,0,0,0,0,0,0,0,0,1.152,12,false,false,false,0,0,0,0.356,0.021,0,0.003,0.008,0.417,0.029,cover,skipped_no_dirty,1.337,0,0,1.301,0,0,true,false,false,false,true,disabled,sea_ice_atlas_upload,0,shader_temperature_derived
49,116,23416,true,55,70,69.699,0.02,0,dynamic_visual_atlas_upload,dynamic_visual_atlas_upload,,,48.719,63.067,295.037,0,,,,,,,,,,,,,,,,,,,0.239,0.746,0.824,4.098,0,0.049,6,2400,false,done,1,1,1,full,0.3844,0.1463,0.212,0.0261,0,0.1463,0.1463,0.212,0.004,0.002,0,0.001,0,0,0,0,0,0,0,0,1.152,12,false,false,false,0,0,0,0.356,0.021,0,0.003,0.008,0.417,0.029,cover,skipped_no_dirty,1.337,0,0,1.301,0,0,true,false,false,false,true,disabled,sea_ice_atlas_upload,0,shader_temperature_derived
50,117,23421,true,55,2,1.81,0.004,0,season_refresh,stage_5_shrubland,cursor_0,stage,1.557,63.067,295.037,0,,,,,,,,,,,,,,,,,,,0.239,0.746,0.824,4.098,0,0.049,6,2400,false,done,1,1,1,full,0.3844,0.1463,0.212,0.0261,0,0.1463,0.1463,0.212,0.004,0.002,0,0.001,0,0,0,0,0,0,0,0,1.152,12,false,false,false,0,0,0,0.356,0.021,0,0.003,0.008,0.417,0.029,cover,skipped_no_dirty,1.337,0,0,1.301,0,0,true,false,false,false,true,disabled,sea_ice_atlas_upload,0,shader_temperature_derived
51,118,23474,true,55,41,40.506,0.008,0,dynamic_visual_atlas_upload,dynamic_visual_atlas_upload,,,32.402,63.067,295.037,0,,,,,,,,,,,,,,,,,,,0.233,0.668,0.776,4.081,0,0.046,6,2400,false,done,1,1,1,full,0.3844,0.1463,0.212,0.0261,0,0.1463,0.1463,0.212,0.004,0.002,0,0.001,0,0,0,0,0,0,0,0,1.152,12,false,false,false,0,0,0,0.356,0.021,0,0.003,0.008,0.417,0.029,cover,skipped_no_dirty,1.337,0,0,1.301,0,0,true,false,false,false,true,disabled,sea_ice_atlas_upload,0,shader_temperature_derived
52,119,23482,true,55,3,2.938,0.005,0,season_refresh,stage_7_glacier,cursor_0,stage,2.723,63.067,295.037,0,,,,,,,,,,,,,,,,,,,0.233,0.668,0.776,4.081,0,0.046,6,2400,false,done,1,1,1,full,0.3844,0.1463,0.212,0.0261,0,0.1463,0.1463,0.212,0.004,0.002,0,0.001,0,0,0,0,0,0,0,0,1.152,12,false,false,false,0,0,0,0.356,0.021,0,0.003,0.008,0.417,0.029,cover,skipped_no_dirty,1.337,0,0,1.301,0,0,true,false,false,false,true,disabled,sea_ice_atlas_upload,0,shader_temperature_derived
53,120,23603,false,55,57,54.807,1.497,0.214,dynamic_visual_atlas_upload,dynamic_visual_atlas_upload,,,43.503,62.472,295.037,0,2.385,1,,0,0,policy_gated,0.373,1,,6.65,6,,1.25,3,,43.519,1,,0.231,0.682,0.854,4.628,0,0.046,7,2400,false,done,1,1,1,full,0.4255,0.145,0.255,0.0255,0,0.145,0.145,0.255,0.003,0.001,0.001,0.001,0,0,0,0,0,0,0,0,1.154,12,false,false,false,0,0,0,0.385,0.02,0,0.004,0.007,0.465,0.049,cover,skipped_no_dirty,1.337,0,0,1.301,0,0,true,false,false,false,true,disabled,sea_ice_atlas_upload,0,shader_temperature_derived
54,121,23629,true,55,5,5.281,0.008,0,season_refresh,stage_9_sync,cursor_0,stage,4.956,62.472,295.037,0,,,,,,,,,,,,,,,,,,,0.231,0.682,0.854,4.628,0,0.046,7,2400,false,done,1,1,1,full,0.4255,0.145,0.255,0.0255,0,0.145,0.145,0.255,0.003,0.001,0.001,0.001,0,0,0,0,0,0,0,0,1.154,12,false,false,false,0,0,0,0.385,0.02,0,0.004,0.007,0.465,0.049,cover,skipped_no_dirty,1.337,0,0,1.301,0,0,true,false,false,false,true,disabled,sea_ice_atlas_upload,0,shader_temperature_derived
55,122,23727,true,55,90,89.425,0.016,0.001,dynamic_visual_atlas_upload,dynamic_visual_atlas_upload,,,50.472,62.472,295.037,0,,,,,,,,,,,,,,,,,,,0.238,0.935,0.864,4.34,0,0.059,7,2400,false,done,1,1,1,full,0.4255,0.145,0.255,0.0255,0,0.145,0.145,0.255,0.003,0.001,0.001,0.001,0,0,0,0,0,0,0,0,1.154,12,false,false,false,0,0,0,0.385,0.02,0,0.004,0.007,0.465,0.049,biome,cached_full_update,27.898,1745,401225,26.166,0.005,1.686,true,false,false,false,true,disabled,sea_ice_atlas_upload,0,shader_temperature_derived
56,123,23731,true,55,1,0.392,0.004,0,season_refresh,stage_11_feedback,cursor_0,stage,0.131,62.472,295.037,0,,,,,,,,,,,,,,,,,,,0.238,0.935,0.864,4.34,0,0.059,7,2400,false,done,1,1,1,full,0.4255,0.145,0.255,0.0255,0,0.145,0.145,0.255,0.003,0.001,0.001,0.001,0,0,0,0,0,0,0,0,1.154,12,false,false,false,0,0,0,0.385,0.02,0,0.004,0.007,0.465,0.049,biome,cached_full_update,27.898,1745,401225,26.166,0.005,1.686,true,false,false,false,true,disabled,sea_ice_atlas_upload,0,shader_temperature_derived
57,124,23777,true,55,41,41.349,0.016,0.001,dynamic_visual_atlas_upload,dynamic_visual_atlas_upload,,,32.43,62.472,295.037,0,,,,,,,,,,,,,,,,,,,0.246,1.045,0.885,4.222,0,0.046,7,2400,false,done,1,1,1,full,0.4255,0.145,0.255,0.0255,0,0.145,0.145,0.255,0.003,0.001,0.001,0.001,0,0,0,0,0,0,0,0,1.154,12,false,false,false,0,0,0,0.385,0.02,0,0.004,0.007,0.465,0.049,biome,cached_full_update,27.898,1745,401225,26.166,0.005,1.686,true,false,false,false,true,disabled,sea_ice_atlas_upload,0,shader_temperature_derived
58,125,23787,true,55,0,0.282,0.005,0.001,,,,,0,62.472,295.037,0,,,,,,,,,,,,,,,,,,,0.246,1.045,0.885,4.222,0,0.046,7,2400,false,done,1,1,1,full,0.4255,0.145,0.255,0.0255,0,0.145,0.145,0.255,0.003,0.001,0.001,0.001,0,0,0,0,0,0,0,0,1.154,12,false,false,false,0,0,0,0.385,0.02,0,0.004,0.007,0.465,0.049,biome,cached_full_update,27.898,1745,401225,26.166,0.005,1.686,true,false,false,false,true,disabled,sea_ice_atlas_upload,0,shader_temperature_derived
59,126,23897,true,55,50,50.534,0.011,0,dynamic_visual_atlas_upload,dynamic_visual_atlas_upload,,,43.105,62.472,295.037,0,,,,,,,,,,,,,,,,,,,0.19,1.089,0.837,4.492,0,0.05,7,2400,false,done,1,1,1,full,0.4255,0.145,0.255,0.0255,0,0.145,0.145,0.255,0.003,0.001,0.001,0.001,0,0,0,0,0,0,0,0,1.154,12,false,false,false,0,0,0,0.385,0.02,0,0.004,0.007,0.465,0.049,biome,cached_full_update,27.898,1745,401225,26.166,0.005,1.686,true,false,false,false,true,disabled,sea_ice_atlas_upload,0,shader_temperature_derived
60,127,23901,true,55,0,0.237,0.005,0,,,,,0,62.472,295.037,0,,,,,,,,,,,,,,,,,,,0.19,1.089,0.837,4.492,0,0.05,7,2400,false,done,1,1,1,full,0.4255,0.145,0.255,0.0255,0,0.145,0.145,0.255,0.003,0.001,0.001,0.001,0,0,0,0,0,0,0,0,1.154,12,false,false,false,0,0,0,0.385,0.02,0,0.004,0.007,0.465,0.049,biome,cached_full_update,27.898,1745,401225,26.166,0.005,1.686,true,false,false,false,true,disabled,sea_ice_atlas_upload,0,shader_temperature_derived
61,128,24015,false,55,68,66.879,1.414,0.215,dynamic_visual_atlas_upload,dynamic_visual_atlas_upload,,,47.798,63.067,295.037,0,0,0,policy_gated,0,0,policy_gated,6.078,1,,6.912,6,,5.651,3,,47.813,1,,0.189,1.067,0.876,4.523,0,0.045,7,2400,false,done,1,1,1,full,0.5342,0.2388,0.263,0.0324,0,0.2388,0.2388,0.263,0.003,0.001,0.001,0,0,0,0,0.0045,0.0243,0,0,0.0366,5.563,12,true,true,true,0,0,0,0.767,3.966,0,0.004,0.008,4.777,0.032,biome,cached_full_update,27.898,1745,401225,26.166,0.005,1.686,true,false,false,false,true,disabled,sea_ice_atlas_upload,0,shader_temperature_derived
62,129,24022,true,55,0,0.253,0.006,0,,,,,0,63.067,295.037,0,,,,,,,,,,,,,,,,,,,0.189,1.067,0.876,4.523,0,0.045,7,2400,false,done,1,1,1,full,0.5342,0.2388,0.263,0.0324,0,0.2388,0.2388,0.263,0.003,0.001,0.001,0,0,0,0,0.0045,0.0243,0,0,0.0366,5.563,12,true,true,true,0,0,0,0.767,3.966,0,0.004,0.008,4.777,0.032,biome,cached_full_update,27.898,1745,401225,26.166,0.005,1.686,true,false,false,false,true,disabled,sea_ice_atlas_upload,0,shader_temperature_derived
63,130,24077,true,49,42,41.25,0.014,0,dynamic_visual_atlas_upload,dynamic_visual_atlas_upload,,,32.621,63.067,295.037,0,,,,,,,,,,,,,,,,,,,0.256,0.785,0.86,4.238,0,0.047,7,2400,false,done,1,1,1,full,0.5342,0.2388,0.263,0.0324,0,0.2388,0.2388,0.263,0.003,0.001,0.001,0,0,0,0,0.0045,0.0243,0,0,0.0366,5.563,12,true,true,true,0,0,0,0.767,3.966,0,0.004,0.008,4.777,0.032,cover,skipped_no_dirty,1.821,0,0,1.781,0,0,true,false,false,false,true,disabled,sea_ice_atlas_upload,0,shader_temperature_derived
64,131,24083,true,49,0,0.247,0.005,0,,,,,0,63.067,295.037,0,,,,,,,,,,,,,,,,,,,0.256,0.785,0.86,4.238,0,0.047,7,2400,false,done,1,1,1,full,0.5342,0.2388,0.263,0.0324,0,0.2388,0.2388,0.263,0.003,0.001,0.001,0,0,0,0,0.0045,0.0243,0,0,0.0366,5.563,12,true,true,true,0,0,0,0.767,3.966,0,0.004,0.008,4.777,0.032,cover,skipped_no_dirty,1.821,0,0,1.781,0,0,true,false,false,false,true,disabled,sea_ice_atlas_upload,0,shader_temperature_derived
65,132,24198,true,49,51,50.711,0.014,0,dynamic_visual_atlas_upload,dynamic_visual_atlas_upload,,,43.484,63.067,295.037,0,,,,,,,,,,,,,,,,,,,0.243,1.175,0.854,4.322,0,0.049,7,2400,false,done,1,1,1,full,0.5342,0.2388,0.263,0.0324,0,0.2388,0.2388,0.263,0.003,0.001,0.001,0,0,0,0,0.0045,0.0243,0,0,0.0366,5.563,12,true,true,true,0,0,0,0.767,3.966,0,0.004,0.008,4.777,0.032,cover,skipped_no_dirty,1.821,0,0,1.781,0,0,true,false,false,false,true,disabled,sea_ice_atlas_upload,0,shader_temperature_derived
66,133,24201,true,49,0,0.223,0.004,0,,,,,0,63.067,295.037,0,,,,,,,,,,,,,,,,,,,0.243,1.175,0.854,4.322,0,0.049,7,2400,false,done,1,1,1,full,0.5342,0.2388,0.263,0.0324,0,0.2388,0.2388,0.263,0.003,0.001,0.001,0,0,0,0,0.0045,0.0243,0,0,0.0366,5.563,12,true,true,true,0,0,0,0.767,3.966,0,0.004,0.008,4.777,0.032,cover,skipped_no_dirty,1.821,0,0,1.781,0,0,true,false,false,false,true,disabled,sea_ice_atlas_upload,0,shader_temperature_derived
67,134,24303,true,49,56,56.232,0.012,0,dynamic_visual_atlas_upload,dynamic_visual_atlas_upload,,,48.983,63.067,295.037,0,,,,,,,,,,,,,,,,,,,0.229,0.951,0.824,4.659,0,0.048,7,2400,false,done,1,1,1,full,0.5342,0.2388,0.263,0.0324,0,0.2388,0.2388,0.263,0.003,0.001,0.001,0,0,0,0,0.0045,0.0243,0,0,0.0366,5.563,12,true,true,true,0,0,0,0.767,3.966,0,0.004,0.008,4.777,0.032,cover,skipped_no_dirty,1.821,0,0,1.781,0,0,true,false,false,false,true,disabled,sea_ice_atlas_upload,0,shader_temperature_derived
68,135,24307,true,49,1,0.255,0.004,0.001,,,,,0,63.067,295.037,0,,,,,,,,,,,,,,,,,,,0.229,0.951,0.824,4.659,0,0.048,7,2400,false,done,1,1,1,full,0.5342,0.2388,0.263,0.0324,0,0.2388,0.2388,0.263,0.003,0.001,0.001,0,0,0,0,0.0045,0.0243,0,0,0.0366,5.563,12,true,true,true,0,0,0,0.767,3.966,0,0.004,0.008,4.777,0.032,cover,skipped_no_dirty,1.821,0,0,1.781,0,0,true,false,false,false,true,disabled,sea_ice_atlas_upload,0,shader_temperature_derived
69,136,24388,false,49,41,40.206,1.241,0.202,dynamic_visual_atlas_upload,dynamic_visual_atlas_upload,,,32.179,63.067,295.037,0,0,0,policy_gated,0,0,policy_gated,0,0,policy_gated,6.464,6,,1.225,3,,32.187,1,,0.251,0.968,0.815,4.172,0,0.048,6,2400,false,done,1,1,1,full,0.3994,0.1498,0.222,0.0276,0,0.1498,0.1498,0.222,0.004,0.002,0.001,0,0,0,0,0,0,0,0,0,1.149,12,false,false,false,0,0,0,0.363,0.02,0,0.003,0.007,0.425,0.032,cover,skipped_no_dirty,1.821,0,0,1.781,0,0,true,false,false,false,true,disabled,sea_ice_atlas_upload,0,shader_temperature_derived
70,137,24394,true,49,0,0.225,0.004,0,,,,,0,63.067,295.037,0,,,,,,,,,,,,,,,,,,,0.251,0.968,0.815,4.172,0,0.048,6,2400,false,done,1,1,1,full,0.3994,0.1498,0.222,0.0276,0,0.1498,0.1498,0.222,0.004,0.002,0.001,0,0,0,0,0,0,0,0,0,1.149,12,false,false,false,0,0,0,0.363,0.02,0,0.003,0.007,0.425,0.032,cover,skipped_no_dirty,1.821,0,0,1.781,0,0,true,false,false,false,true,disabled,sea_ice_atlas_upload,0,shader_temperature_derived
71,138,24499,true,49,52,51.567,0.012,0,dynamic_visual_atlas_upload,dynamic_visual_atlas_upload,,,43.143,63.067,295.037,0,,,,,,,,,,,,,,,,,,,0.256,0.698,0.839,4.183,0,0.047,6,2400,false,done,1,1,1,full,0.3994,0.1498,0.222,0.0276,0,0.1498,0.1498,0.222,0.004,0.002,0.001,0,0,0,0,0,0,0,0,0,1.149,12,false,false,false,0,0,0,0.363,0.02,0,0.003,0.007,0.425,0.032,cover,skipped_no_dirty,1.792,0,0,1.754,0,0,true,false,false,false,true,disabled,sea_ice_atlas_upload,0,shader_temperature_derived
72,139,24502,true,49,1,0.221,0.003,0,,,,,0,63.067,295.037,0,,,,,,,,,,,,,,,,,,,0.256,0.698,0.839,4.183,0,0.047,6,2400,false,done,1,1,1,full,0.3994,0.1498,0.222,0.0276,0,0.1498,0.1498,0.222,0.004,0.002,0.001,0,0,0,0,0,0,0,0,0,1.149,12,false,false,false,0,0,0,0.363,0.02,0,0.003,0.007,0.425,0.032,cover,skipped_no_dirty,1.792,0,0,1.754,0,0,true,false,false,false,true,disabled,sea_ice_atlas_upload,0,shader_temperature_derived
73,140,24601,true,49,54,54.637,0.01,0,dynamic_visual_atlas_upload,dynamic_visual_atlas_upload,,,48.244,62.472,295.037,0,,,,,,,,,,,,,,,,,,,0.261,0.791,0.754,3.989,0,0.045,6,2400,false,done,1,1,1,full,0.3994,0.1498,0.222,0.0276,0,0.1498,0.1498,0.222,0.004,0.002,0.001,0,0,0,0,0,0,0,0,0,1.149,12,false,false,false,0,0,0,0.363,0.02,0,0.003,0.007,0.425,0.032,cover,skipped_no_dirty,1.792,0,0,1.754,0,0,true,false,false,false,true,disabled,sea_ice_atlas_upload,0,shader_temperature_derived
74,141,24604,true,49,0,0.23,0.004,0,,,,,0,62.472,295.037,0,,,,,,,,,,,,,,,,,,,0.261,0.791,0.754,3.989,0,0.045,6,2400,false,done,1,1,1,full,0.3994,0.1498,0.222,0.0276,0,0.1498,0.1498,0.222,0.004,0.002,0.001,0,0,0,0,0,0,0,0,0,1.149,12,false,false,false,0,0,0,0.363,0.02,0,0.003,0.007,0.425,0.032,cover,skipped_no_dirty,1.792,0,0,1.754,0,0,true,false,false,false,true,disabled,sea_ice_atlas_upload,0,shader_temperature_derived
75,142,24686,true,49,39,39.14,0.01,0,dynamic_visual_atlas_upload,dynamic_visual_atlas_upload,,,32.444,62.472,295.037,0,,,,,,,,,,,,,,,,,,,0.245,0.787,0.879,4.173,0,0.049,6,2400,false,done,1,1,1,full,0.3994,0.1498,0.222,0.0276,0,0.1498,0.1498,0.222,0.004,0.002,0.001,0,0,0,0,0,0,0,0,0,1.149,12,false,false,false,0,0,0,0.363,0.02,0,0.003,0.007,0.425,0.032,cover,skipped_no_dirty,1.792,0,0,1.754,0,0,true,false,false,false,true,disabled,sea_ice_atlas_upload,0,shader_temperature_derived
76,143,24689,true,49,0,0.228,0.004,0,,,,,0,62.472,295.037,0,,,,,,,,,,,,,,,,,,,0.245,0.787,0.879,4.173,0,0.049,6,2400,false,done,1,1,1,full,0.3994,0.1498,0.222,0.0276,0,0.1498,0.1498,0.222,0.004,0.002,0.001,0,0,0,0,0,0,0,0,0,1.149,12,false,false,false,0,0,0,0.363,0.02,0,0.003,0.007,0.425,0.032,cover,skipped_no_dirty,1.792,0,0,1.754,0,0,true,false,false,false,true,disabled,sea_ice_atlas_upload,0,shader_temperature_derived
77,144,24785,false,49,55,52.544,1.578,0.222,dynamic_visual_atlas_upload,dynamic_visual_atlas_upload,,,43.586,62.472,295.037,0,0,0,policy_gated,0,0,policy_gated,0,0,policy_gated,7.338,6,,1.27,3,,43.602,1,,0.226,0.979,0.817,5.058,0,0.049,8,2400,false,done,1,1,1,full,0.4145,0.1491,0.238,0.0274,0,0.1491,0.1491,0.238,0.003,0.001,0.001,0.001,0,0,0,0,0,0,0,0,1.19,12,false,false,false,0,0,0,0.383,0.038,0,0.003,0.007,0.459,0.028,cover,skipped_no_dirty,1.792,0,0,1.754,0,0,true,false,false,false,true,disabled,sea_ice_atlas_upload,0,shader_temperature_derived
78,145,24792,true,49,0,0.312,0.006,0,,,,,0,62.472,295.037,0,,,,,,,,,,,,,,,,,,,0.226,0.979,0.817,5.058,0,0.049,8,2400,false,done,1,1,1,full,0.4145,0.1491,0.238,0.0274,0,0.1491,0.1491,0.238,0.003,0.001,0.001,0.001,0,0,0,0,0,0,0,0,1.19,12,false,false,false,0,0,0,0.383,0.038,0,0.003,0.007,0.459,0.028,cover,skipped_no_dirty,1.792,0,0,1.754,0,0,true,false,false,false,true,disabled,sea_ice_atlas_upload,0,shader_temperature_derived
79,146,24905,true,49,58,58.078,0.013,0.001,dynamic_visual_atlas_upload,dynamic_visual_atlas_upload,,,49.076,62.472,295.037,0,,,,,,,,,,,,,,,,,,,0.228,0.705,0.848,4.901,0,0.05,7,2400,false,done,1,1,1,full,0.4145,0.1491,0.238,0.0274,0,0.1491,0.1491,0.238,0.003,0.001,0.001,0.001,0,0,0,0,0,0,0,0,1.19,12,false,false,false,0,0,0,0.383,0.038,0,0.003,0.007,0.459,0.028,cover,skipped_no_dirty,1.638,0,0,1.6,0,0,true,false,false,false,true,disabled,sea_ice_atlas_upload,0,shader_temperature_derived
80,147,24909,true,49,1,0.258,0.004,0,,,,,0,62.472,295.037,0,,,,,,,,,,,,,,,,,,,0.228,0.705,0.848,4.901,0,0.05,7,2400,false,done,1,1,1,full,0.4145,0.1491,0.238,0.0274,0,0.1491,0.1491,0.238,0.003,0.001,0.001,0.001,0,0,0,0,0,0,0,0,1.19,12,false,false,false,0,0,0,0.383,0.038,0,0.003,0.007,0.459,0.028,cover,skipped_no_dirty,1.638,0,0,1.6,0,0,true,false,false,false,true,disabled,sea_ice_atlas_upload,0,shader_temperature_derived
81,148,24971,true,49,40,40.379,0.008,0,dynamic_visual_atlas_upload,dynamic_visual_atlas_upload,,,33.267,62.472,295.037,0,,,,,,,,,,,,,,,,,,,0.222,0.805,0.818,4.719,0,0.047,6,2400,false,done,1,1,1,full,0.4145,0.1491,0.238,0.0274,0,0.1491,0.1491,0.238,0.003,0.001,0.001,0.001,0,0,0,0,0,0,0,0,1.19,12,false,false,false,0,0,0,0.383,0.038,0,0.003,0.007,0.459,0.028,cover,skipped_no_dirty,1.638,0,0,1.6,0,0,true,false,false,false,true,disabled,sea_ice_atlas_upload,0,shader_temperature_derived
82,149,24976,true,49,0,0.222,0.004,0,,,,,0,62.472,295.037,0,,,,,,,,,,,,,,,,,,,0.222,0.805,0.818,4.719,0,0.047,6,2400,false,done,1,1,1,full,0.4145,0.1491,0.238,0.0274,0,0.1491,0.1491,0.238,0.003,0.001,0.001,0.001,0,0,0,0,0,0,0,0,1.19,12,false,false,false,0,0,0,0.383,0.038,0,0.003,0.007,0.459,0.028,cover,skipped_no_dirty,1.638,0,0,1.6,0,0,true,false,false,false,true,disabled,sea_ice_atlas_upload,0,shader_temperature_derived
83,150,25099,true,60,52,51.521,0.012,0,dynamic_visual_atlas_upload,dynamic_visual_atlas_upload,,,43.291,62.472,295.037,0,,,,,,,,,,,,,,,,,,,0.232,1.033,0.85,4.845,0,0.047,7,2400,false,done,1,1,1,full,0.4145,0.1491,0.238,0.0274,0,0.1491,0.1491,0.238,0.003,0.001,0.001,0.001,0,0,0,0,0,0,0,0,1.19,12,false,false,false,0,0,0,0.383,0.038,0,0.003,0.007,0.459,0.028,cover,skipped_no_dirty,1.638,0,0,1.6,0,0,true,false,false,false,true,disabled,sea_ice_atlas_upload,0,shader_temperature_derived
84,151,25114,true,60,1,0.264,0.005,0,,,,,0,62.472,295.037,0,,,,,,,,,,,,,,,,,,,0.232,1.033,0.85,4.845,0,0.047,7,2400,false,done,1,1,1,full,0.4145,0.1491,0.238,0.0274,0,0.1491,0.1491,0.238,0.003,0.001,0.001,0.001,0,0,0,0,0,0,0,0,1.19,12,false,false,false,0,0,0,0.383,0.038,0,0.003,0.007,0.459,0.028,cover,skipped_no_dirty,1.638,0,0,1.6,0,0,true,false,false,false,true,disabled,sea_ice_atlas_upload,0,shader_temperature_derived
85,152,25194,false,60,61,59.848,1.629,0.225,dynamic_visual_atlas_upload,dynamic_visual_atlas_upload,,,48.849,62.472,295.037,0,0,0,policy_gated,0,0,policy_gated,3.463,1,,5.923,6,,1.223,3,,48.863,1,,0.243,0.69,0.745,3.998,0,0.046,6,2400,false,done,1,1,1,full,0.4065,0.1497,0.23,0.0268,0,0.1497,0.1497,0.23,0.003,0.001,0,0,0,0,0,0,0,0,0,0,1.152,12,false,false,false,0,0,0,0.374,0.018,0,0.002,0.007,0.429,0.028,cover,skipped_no_dirty,1.638,0,0,1.6,0,0,true,false,false,false,true,disabled,sea_ice_atlas_upload,0,shader_temperature_derived
86,153,25202,true,60,1,0.603,0.005,0,season_refresh,stage_0_moisture,cursor_0,stage,0.313,62.472,295.037,0,,,,,,,,,,,,,,,,,,,0.243,0.69,0.745,3.998,0,0.046,6,2400,false,done,1,1,1,full,0.4065,0.1497,0.23,0.0268,0,0.1497,0.1497,0.23,0.003,0.001,0,0,0,0,0,0,0,0,0,0,1.152,12,false,false,false,0,0,0,0.374,0.018,0,0.002,0.007,0.429,0.028,cover,skipped_no_dirty,1.638,0,0,1.6,0,0,true,false,false,false,true,disabled,sea_ice_atlas_upload,0,shader_temperature_derived
87,154,25290,true,60,43,42.588,0.011,0,dynamic_visual_atlas_upload,dynamic_visual_atlas_upload,,,32.623,62.472,295.037,0,,,,,,,,,,,,,,,,,,,0.217,0.699,0.842,4.384,0,0.048,6,2400,false,done,1,1,1,full,0.4065,0.1497,0.23,0.0268,0,0.1497,0.1497,0.23,0.003,0.001,0,0,0,0,0,0,0,0,0,0,1.152,12,false,false,false,0,0,0,0.374,0.018,0,0.002,0.007,0.429,0.028,cover,skipped_no_dirty,1.777,0,0,1.742,0,0,true,false,false,false,true,disabled,sea_ice_atlas_upload,0,shader_temperature_derived
88,155,25300,true,60,7,6.828,0.005,0,season_refresh,stage_2_redecide,cursor_0,micro,6.574,62.472,295.037,0,,,,,,,,,,,,,,,,,,,0.217,0.699,0.842,4.384,0,0.048,6,2400,false,done,1,1,1,full,0.4065,0.1497,0.23,0.0268,0,0.1497,0.1497,0.23,0.003,0.001,0,0,0,0,0,0,0,0,0,0,1.152,12,false,false,false,0,0,0,0.374,0.018,0,0.002,0.007,0.429,0.028,cover,skipped_no_dirty,1.777,0,0,1.742,0,0,true,false,false,false,true,disabled,sea_ice_atlas_upload,0,shader_temperature_derived
89,156,25401,true,60,53,52.986,0.016,0,dynamic_visual_atlas_upload,dynamic_visual_atlas_upload,,,43.728,62.472,295.037,0,,,,,,,,,,,,,,,,,,,0.193,0.726,0.839,4.712,0,0.066,7,2400,false,done,1,1,1,full,0.4065,0.1497,0.23,0.0268,0,0.1497,0.1497,0.23,0.003,0.001,0,0,0,0,0,0,0,0,0,0,1.152,12,false,false,false,0,0,0,0.374,0.018,0,0.002,0.007,0.429,0.028,cover,skipped_no_dirty,1.777,0,0,1.742,0,0,true,false,false,false,true,disabled,sea_ice_atlas_upload,0,shader_temperature_derived
90,157,25424,true,60,14,14.46,0.008,0,season_refresh,stage_4_veg_feedback,cursor_0,micro,14.123,62.472,295.037,0,,,,,,,,,,,,,,,,,,,0.193,0.726,0.839,4.712,0,0.066,7,2400,false,done,1,1,1,full,0.4065,0.1497,0.23,0.0268,0,0.1497,0.1497,0.23,0.003,0.001,0,0,0,0,0,0,0,0,0,0,1.152,12,false,false,false,0,0,0,0.374,0.018,0,0.002,0.007,0.429,0.028,cover,skipped_no_dirty,1.777,0,0,1.742,0,0,true,false,false,false,true,disabled,sea_ice_atlas_upload,0,shader_temperature_derived
91,158,25500,true,60,66,65.274,0.015,0,dynamic_visual_atlas_upload,dynamic_visual_atlas_upload,,,49.925,63.067,295.037,0,,,,,,,,,,,,,,,,,,,0.211,0.898,0.826,4.563,0,0.048,6,2400,false,done,1,1,1,full,0.4065,0.1497,0.23,0.0268,0,0.1497,0.1497,0.23,0.003,0.001,0,0,0,0,0,0,0,0,0,0,1.152,12,false,false,false,0,0,0,0.374,0.018,0,0.002,0.007,0.429,0.028,cover,skipped_no_dirty,1.777,0,0,1.742,0,0,true,false,false,false,true,disabled,sea_ice_atlas_upload,0,shader_temperature_derived
92,159,25505,true,60,2,2.153,0.004,0,season_refresh,stage_6_mangrove,cursor_0,stage,1.853,63.067,295.037,0,,,,,,,,,,,,,,,,,,,0.211,0.898,0.826,4.563,0,0.048,6,2400,false,done,1,1,1,full,0.4065,0.1497,0.23,0.0268,0,0.1497,0.1497,0.23,0.003,0.001,0,0,0,0,0,0,0,0,0,0,1.152,12,false,false,false,0,0,0,0.374,0.018,0,0.002,0.007,0.429,0.028,cover,skipped_no_dirty,1.777,0,0,1.742,0,0,true,false,false,false,true,disabled,sea_ice_atlas_upload,0,shader_temperature_derived
93,160,25593,false,60,44,42.838,1.481,0.219,dynamic_visual_atlas_upload,dynamic_visual_atlas_upload,,,31.969,62.472,295.037,0,2.968,1,,0,0,policy_gated,0,0,policy_gated,6.169,6,,1.344,3,,31.979,1,,0.236,0.701,0.788,4.192,0,0.046,6,2400,false,done,1,1,1,full,0.4845,0.2238,0.234,0.0267,0,0.2238,0.2238,0.234,0.004,0.002,0,0.001,0,0,0,0,0,0,0,0,1.27,12,false,false,false,0,0,0,0.416,0.02,0,0.004,0.006,0.476,0.03,cover,skipped_no_dirty,1.777,0,0,1.742,0,0,true,false,false,false,true,disabled,sea_ice_atlas_upload,0,shader_temperature_derived
94,161,25602,true,60,3,2.902,0.005,0,season_refresh,stage_8_swamp,cursor_0,stage,2.613,62.472,295.037,0,,,,,,,,,,,,,,,,,,,0.236,0.701,0.788,4.192,0,0.046,6,2400,false,done,1,1,1,full,0.4845,0.2238,0.234,0.0267,0,0.2238,0.2238,0.234,0.004,0.002,0,0.001,0,0,0,0,0,0,0,0,1.27,12,false,false,false,0,0,0,0.416,0.02,0,0.004,0.006,0.476,0.03,cover,skipped_no_dirty,1.777,0,0,1.742,0,0,true,false,false,false,true,disabled,sea_ice_atlas_upload,0,shader_temperature_derived
95,162,25713,true,60,64,64.142,0.014,0,dynamic_visual_atlas_upload,dynamic_visual_atlas_upload,,,43.278,62.472,295.037,0,,,,,,,,,,,,,,,,,,,0.222,0.719,0.795,4.267,0,0.048,6,2400,false,done,1,1,1,full,0.4845,0.2238,0.234,0.0267,0,0.2238,0.2238,0.234,0.004,0.002,0,0.001,0,0,0,0,0,0,0,0,1.27,12,false,false,false,0,0,0,0.416,0.02,0,0.004,0.006,0.476,0.03,cover,cached_full_update,9.35,503,115435,7.751,0.003,1.569,true,false,false,false,true,disabled,sea_ice_atlas_upload,0,shader_temperature_derived
96,163,25719,true,60,0,0.363,0.006,0,season_refresh,stage_10_atlas_queue,cursor_0,stage,0.029,62.472,295.037,0,,,,,,,,,,,,,,,,,,,0.222,0.719,0.795,4.267,0,0.048,6,2400,false,done,1,1,1,full,0.4845,0.2238,0.234,0.0267,0,0.2238,0.2238,0.234,0.004,0.002,0,0.001,0,0,0,0,0,0,0,0,1.27,12,false,false,false,0,0,0,0.416,0.02,0,0.004,0.006,0.476,0.03,cover,cached_full_update,9.35,503,115435,7.751,0.003,1.569,true,false,false,false,true,disabled,sea_ice_atlas_upload,0,shader_temperature_derived
97,164,25818,true,60,69,69.597,0.015,0,dynamic_visual_atlas_upload,dynamic_visual_atlas_upload,,,49.38,62.472,295.037,0,,,,,,,,,,,,,,,,,,,0.252,0.824,0.828,4.463,0,0.048,7,2400,false,done,1,1,1,full,0.4845,0.2238,0.234,0.0267,0,0.2238,0.2238,0.234,0.004,0.002,0,0.001,0,0,0,0,0,0,0,0,1.27,12,false,false,false,0,0,0,0.416,0.02,0,0.004,0.006,0.476,0.03,biome,cached_full_update,13.04,636,146474,11.476,0.002,1.533,true,false,false,false,true,disabled,sea_ice_atlas_upload,0,shader_temperature_derived
98,165,25824,true,60,0,0.281,0.004,0,,,,,0,62.472,295.037,0,,,,,,,,,,,,,,,,,,,0.252,0.824,0.828,4.463,0,0.048,7,2400,false,done,1,1,1,full,0.4845,0.2238,0.234,0.0267,0,0.2238,0.2238,0.234,0.004,0.002,0,0.001,0,0,0,0,0,0,0,0,1.27,12,false,false,false,0,0,0,0.416,0.02,0,0.004,0.006,0.476,0.03,biome,cached_full_update,13.04,636,146474,11.476,0.002,1.533,true,false,false,false,true,disabled,sea_ice_atlas_upload,0,shader_temperature_derived
99,166,25877,true,60,40,40.488,0.009,0.001,dynamic_visual_atlas_upload,dynamic_visual_atlas_upload,,,33.074,62.472,295.037,0,,,,,,,,,,,,,,,,,,,0.235,0.968,0.825,4.805,0,0.047,7,2400,false,done,1,1,1,full,0.4845,0.2238,0.234,0.0267,0,0.2238,0.2238,0.234,0.004,0.002,0,0.001,0,0,0,0,0,0,0,0,1.27,12,false,false,false,0,0,0,0.416,0.02,0,0.004,0.006,0.476,0.03,biome,cached_full_update,13.04,636,146474,11.476,0.002,1.533,true,false,false,false,true,disabled,sea_ice_atlas_upload,0,shader_temperature_derived
100,167,25883,true,60,0,0.246,0.004,0,,,,,0,62.472,295.037,0,,,,,,,,,,,,,,,,,,,0.235,0.968,0.825,4.805,0,0.047,7,2400,false,done,1,1,1,full,0.4845,0.2238,0.234,0.0267,0,0.2238,0.2238,0.234,0.004,0.002,0,0.001,0,0,0,0,0,0,0,0,1.27,12,false,false,false,0,0,0,0.416,0.02,0,0.004,0.006,0.476,0.03,biome,cached_full_update,13.04,636,146474,11.476,0.002,1.533,true,false,false,false,true,disabled,sea_ice_atlas_upload,0,shader_temperature_derived
101,168,25986,false,60,55,53.089,1.542,0.219,dynamic_visual_atlas_upload,dynamic_visual_atlas_upload,,,44.02,62.472,295.037,0,0,0,policy_gated,0,0,policy_gated,0,0,policy_gated,6.951,6,,1.7,3,,44.037,1,,0.24,1.067,0.832,4.519,0,0.051,6,2400,false,done,1,1,1,full,0.4412,0.1485,0.262,0.0307,0,0.1485,0.1485,0.262,0.003,0.001,0.001,0.001,0,0,0,0,0.0244,0,0,0,1.621,12,false,true,false,0,0,0,0.748,0.099,0,0.003,0.007,0.887,0.03,biome,cached_full_update,13.04,636,146474,11.476,0.002,1.533,true,false,false,false,true,disabled,sea_ice_atlas_upload,0,shader_temperature_derived
102,169,25993,true,60,0,0.344,0.005,0,,,,,0,62.472,295.037,0,,,,,,,,,,,,,,,,,,,0.24,1.067,0.832,4.519,0,0.051,6,2400,false,done,1,1,1,full,0.4412,0.1485,0.262,0.0307,0,0.1485,0.1485,0.262,0.003,0.001,0.001,0.001,0,0,0,0,0.0244,0,0,0,1.621,12,false,true,false,0,0,0,0.748,0.099,0,0.003,0.007,0.887,0.03,biome,cached_full_update,13.04,636,146474,11.476,0.002,1.533,true,false,false,false,true,disabled,sea_ice_atlas_upload,0,shader_temperature_derived
103,170,26107,true,52,59,59.039,0.016,0,dynamic_visual_atlas_upload,dynamic_visual_atlas_upload,,,50.086,62.472,295.037,0,,,,,,,,,,,,,,,,,,,0.251,0.738,0.808,4.677,0,0.05,7,2400,false,done,1,1,1,full,0.4412,0.1485,0.262,0.0307,0,0.1485,0.1485,0.262,0.003,0.001,0.001,0.001,0,0,0,0,0.0244,0,0,0,1.621,12,false,true,false,0,0,0,0.748,0.099,0,0.003,0.007,0.887,0.03,cover,skipped_no_dirty,1.729,0,0,1.69,0,0,true,false,false,false,true,disabled,sea_ice_atlas_upload,0,shader_temperature_derived
104,171,26111,true,52,0,0.28,0.004,0,,,,,0,62.472,295.037,0,,,,,,,,,,,,,,,,,,,0.251,0.738,0.808,4.677,0,0.05,7,2400,false,done,1,1,1,full,0.4412,0.1485,0.262,0.0307,0,0.1485,0.1485,0.262,0.003,0.001,0.001,0.001,0,0,0,0,0.0244,0,0,0,1.621,12,false,true,false,0,0,0,0.748,0.099,0,0.003,0.007,0.887,0.03,cover,skipped_no_dirty,1.729,0,0,1.69,0,0,true,false,false,false,true,disabled,sea_ice_atlas_upload,0,shader_temperature_derived
105,172,26188,true,52,40,39.707,0.016,0,dynamic_visual_atlas_upload,dynamic_visual_atlas_upload,,,32.584,62.472,295.037,0,,,,,,,,,,,,,,,,,,,0.236,0.964,0.851,4.404,0,0.05,7,2400,false,done,1,1,1,full,0.4412,0.1485,0.262,0.0307,0,0.1485,0.1485,0.262,0.003,0.001,0.001,0.001,0,0,0,0,0.0244,0,0,0,1.621,12,false,true,false,0,0,0,0.748,0.099,0,0.003,0.007,0.887,0.03,cover,skipped_no_dirty,1.729,0,0,1.69,0,0,true,false,false,false,true,disabled,sea_ice_atlas_upload,0,shader_temperature_derived
106,173,26191,true,52,0,0.272,0.004,0,,,,,0,62.472,295.037,0,,,,,,,,,,,,,,,,,,,0.236,0.964,0.851,4.404,0,0.05,7,2400,false,done,1,1,1,full,0.4412,0.1485,0.262,0.0307,0,0.1485,0.1485,0.262,0.003,0.001,0.001,0.001,0,0,0,0,0.0244,0,0,0,1.621,12,false,true,false,0,0,0,0.748,0.099,0,0.003,0.007,0.887,0.03,cover,skipped_no_dirty,1.729,0,0,1.69,0,0,true,false,false,false,true,disabled,sea_ice_atlas_upload,0,shader_temperature_derived
107,174,26283,true,52,51,51.127,0.014,0,dynamic_visual_atlas_upload,dynamic_visual_atlas_upload,,,43.445,62.472,295.037,0,,,,,,,,,,,,,,,,,,,0.242,1.129,0.851,4.793,0,0.049,8,2400,false,done,1,1,1,full,0.4412,0.1485,0.262,0.0307,0,0.1485,0.1485,0.262,0.003,0.001,0.001,0.001,0,0,0,0,0.0244,0,0,0,1.621,12,false,true,false,0,0,0,0.748,0.099,0,0.003,0.007,0.887,0.03,cover,skipped_no_dirty,1.729,0,0,1.69,0,0,true,false,false,false,true,disabled,sea_ice_atlas_upload,0,shader_temperature_derived
108,175,26287,true,52,0,0.264,0.004,0,,,,,0,62.472,295.037,0,,,,,,,,,,,,,,,,,,,0.242,1.129,0.851,4.793,0,0.049,8,2400,false,done,1,1,1,full,0.4412,0.1485,0.262,0.0307,0,0.1485,0.1485,0.262,0.003,0.001,0.001,0.001,0,0,0,0,0.0244,0,0,0,1.621,12,false,true,false,0,0,0,0.748,0.099,0,0.003,0.007,0.887,0.03,cover,skipped_no_dirty,1.729,0,0,1.69,0,0,true,false,false,false,true,disabled,sea_ice_atlas_upload,0,shader_temperature_derived
109,176,26408,false,52,60,58.046,1.523,0.216,dynamic_visual_atlas_upload,dynamic_visual_atlas_upload,,,49.301,62.472,295.037,0,0,0,policy_gated,0,0,policy_gated,0,0,policy_gated,7.098,6,,1.231,3,,49.316,1,,0.235,1.039,0.839,4.726,0,0.047,7,2400,false,done,1,1,1,full,0.3846,0.1463,0.213,0.0253,0,0.1463,0.1463,0.213,0.003,0.001,0,0.001,0,0,0,0,0,0,0,0,1.153,12,false,false,false,0,0,0,0.361,0.022,0,0.004,0.007,0.421,0.027,cover,skipped_no_dirty,1.729,0,0,1.69,0,0,true,false,false,false,true,disabled,sea_ice_atlas_upload,0,shader_temperature_derived
110,177,26414,true,52,1,0.275,0.004,0,,,,,0,62.472,295.037,0,,,,,,,,,,,,,,,,,,,0.235,1.039,0.839,4.726,0,0.047,7,2400,false,done,1,1,1,full,0.3846,0.1463,0.213,0.0253,0,0.1463,0.1463,0.213,0.003,0.001,0,0.001,0,0,0,0,0,0,0,0,1.153,12,false,false,false,0,0,0,0.361,0.022,0,0.004,0.007,0.421,0.027,cover,skipped_no_dirty,1.729,0,0,1.69,0,0,true,false,false,false,true,disabled,sea_ice_atlas_upload,0,shader_temperature_derived
111,178,26490,true,52,42,41.703,0.012,0,dynamic_visual_atlas_upload,dynamic_visual_atlas_upload,,,32.537,62.472,295.037,0,,,,,,,,,,,,,,,,,,,0.243,0.772,0.838,4.764,0,0.048,7,2400,false,done,1,1,1,full,0.3846,0.1463,0.213,0.0253,0,0.1463,0.1463,0.213,0.003,0.001,0,0.001,0,0,0,0,0,0,0,0,1.153,12,false,false,false,0,0,0,0.361,0.022,0,0.004,0.007,0.421,0.027,cover,skipped_no_dirty,1.819,0,0,1.779,0,0,true,false,false,false,true,disabled,sea_ice_atlas_upload,0,shader_temperature_derived
112,179,26494,true,52,0,0.275,0.004,0,,,,,0,62.472,295.037,0,,,,,,,,,,,,,,,,,,,0.243,0.772,0.838,4.764,0,0.048,7,2400,false,done,1,1,1,full,0.3846,0.1463,0.213,0.0253,0,0.1463,0.1463,0.213,0.003,0.001,0,0.001,0,0,0,0,0,0,0,0,1.153,12,false,false,false,0,0,0,0.361,0.022,0,0.004,0.007,0.421,0.027,cover,skipped_no_dirty,1.819,0,0,1.779,0,0,true,false,false,false,true,disabled,sea_ice_atlas_upload,0,shader_temperature_derived
113,180,26583,true,52,51,50.879,0.014,0.001,dynamic_visual_atlas_upload,dynamic_visual_atlas_upload,,,43.328,61.065,295.037,0,,,,,,,,,,,,,,,,,,,0.217,1.024,0.828,4.157,0,0.066,7,2400,false,done,1,1,1,full,0.3846,0.1463,0.213,0.0253,0,0.1463,0.1463,0.213,0.003,0.001,0,0.001,0,0,0,0,0,0,0,0,1.153,12,false,false,false,0,0,0,0.361,0.022,0,0.004,0.007,0.421,0.027,cover,skipped_no_dirty,1.819,0,0,1.779,0,0,true,false,false,false,true,disabled,sea_ice_atlas_upload,0,shader_temperature_derived
114,181,26598,true,52,1,0.366,0.005,0,,,,,0,61.065,295.037,0,,,,,,,,,,,,,,,,,,,0.217,1.024,0.828,4.157,0,0.066,7,2400,false,done,1,1,1,full,0.3846,0.1463,0.213,0.0253,0,0.1463,0.1463,0.213,0.003,0.001,0,0.001,0,0,0,0,0,0,0,0,1.153,12,false,false,false,0,0,0,0.361,0.022,0,0.004,0.007,0.421,0.027,cover,skipped_no_dirty,1.819,0,0,1.779,0,0,true,false,false,false,true,disabled,sea_ice_atlas_upload,0,shader_temperature_derived
115,182,26709,true,52,60,59.884,0.015,0.001,dynamic_visual_atlas_upload,dynamic_visual_atlas_upload,,,49.731,61.065,295.037,0,,,,,,,,,,,,,,,,,,,0.224,0.799,0.771,3.96,0,0.048,6,2400,false,done,1,1,1,full,0.3846,0.1463,0.213,0.0253,0,0.1463,0.1463,0.213,0.003,0.001,0,0.001,0,0,0,0,0,0,0,0,1.153,12,false,false,false,0,0,0,0.361,0.022,0,0.004,0.007,0.421,0.027,cover,skipped_no_dirty,1.819,0,0,1.779,0,0,true,false,false,false,true,disabled,sea_ice_atlas_upload,0,shader_temperature_derived
116,183,26717,true,52,1,0.392,0.007,0,,,,,0,61.065,295.037,0,,,,,,,,,,,,,,,,,,,0.224,0.799,0.771,3.96,0,0.048,6,2400,false,done,1,1,1,full,0.3846,0.1463,0.213,0.0253,0,0.1463,0.1463,0.213,0.003,0.001,0,0.001,0,0,0,0,0,0,0,0,1.153,12,false,false,false,0,0,0,0.361,0.022,0,0.004,0.007,0.421,0.027,cover,skipped_no_dirty,1.819,0,0,1.779,0,0,true,false,false,false,true,disabled,sea_ice_atlas_upload,0,shader_temperature_derived
117,184,26795,false,52,45,42.854,1.41,0.228,dynamic_visual_atlas_upload,dynamic_visual_atlas_upload,,,33.125,61.065,295.037,0,0,0,policy_gated,0,0,policy_gated,1.381,1,,6.645,6,,1.279,3,,33.136,1,,0.233,1.071,0.83,4.255,0,0.048,6,2400,false,done,1,1,1,full,0.4539,0.1533,0.275,0.0256,0,0.1533,0.1533,0.275,0.004,0.002,0,0,0,0,0,0,0,0,0,0,1.191,12,false,false,false,0,0,0,0.405,0.019,0,0.004,0.006,0.461,0.027,cover,skipped_no_dirty,1.819,0,0,1.779,0,0,true,false,false,false,true,disabled,sea_ice_atlas_upload,0,shader_temperature_derived
118,185,26803,true,52,1,0.275,0.005,0,,,,,0,61.065,295.037,0,,,,,,,,,,,,,,,,,,,0.233,1.071,0.83,4.255,0,0.048,6,2400,false,done,1,1,1,full,0.4539,0.1533,0.275,0.0256,0,0.1533,0.1533,0.275,0.004,0.002,0,0,0,0,0,0,0,0,0,0,1.191,12,false,false,false,0,0,0,0.405,0.019,0,0.004,0.006,0.461,0.027,cover,skipped_no_dirty,1.819,0,0,1.779,0,0,true,false,false,false,true,disabled,sea_ice_atlas_upload,0,shader_temperature_derived
119,186,26901,true,52,52,52.09,0.015,0,dynamic_visual_atlas_upload,dynamic_visual_atlas_upload,,,43.313,61.065,295.037,0,,,,,,,,,,,,,,,,,,,0.187,0.844,0.854,4.215,0,0.047,6,2400,false,done,1,1,1,full,0.4539,0.1533,0.275,0.0256,0,0.1533,0.1533,0.275,0.004,0.002,0,0,0,0,0,0,0,0,0,0,1.191,12,false,false,false,0,0,0,0.405,0.019,0,0.004,0.006,0.461,0.027,cover,skipped_no_dirty,1.805,0,0,1.767,0,0,true,false,false,false,true,disabled,sea_ice_atlas_upload,0,shader_temperature_derived
120,187,26907,true,52,0,0.391,0.006,0,,,,,0,61.065,295.037,0,,,,,,,,,,,,,,,,,,,0.187,0.844,0.854,4.215,0,0.047,6,2400,false,done,1,1,1,full,0.4539,0.1533,0.275,0.0256,0,0.1533,0.1533,0.275,0.004,0.002,0,0,0,0,0,0,0,0,0,0,1.191,12,false,false,false,0,0,0,0.405,0.019,0,0.004,0.006,0.461,0.027,cover,skipped_no_dirty,1.805,0,0,1.767,0,0,true,false,false,false,true,disabled,sea_ice_atlas_upload,0,shader_temperature_derived
121,188,26998,true,52,64,64.507,0.016,0,dynamic_visual_atlas_upload,dynamic_visual_atlas_upload,,,50.398,62.472,295.037,0,,,,,,,,,,,,,,,,,,,0.206,1.086,0.84,4.737,0,0.049,7,2400,false,done,1,1,1,full,0.4539,0.1533,0.275,0.0256,0,0.1533,0.1533,0.275,0.004,0.002,0,0,0,0,0,0,0,0,0,0,1.191,12,false,false,false,0,0,0,0.405,0.019,0,0.004,0.006,0.461,0.027,cover,skipped_no_dirty,1.805,0,0,1.767,0,0,true,false,false,false,true,disabled,sea_ice_atlas_upload,0,shader_temperature_derived
122,189,27003,true,52,1,0.312,0.005,0,,,,,0,62.472,295.037,0,,,,,,,,,,,,,,,,,,,0.206,1.086,0.84,4.737,0,0.049,7,2400,false,done,1,1,1,full,0.4539,0.1533,0.275,0.0256,0,0.1533,0.1533,0.275,0.004,0.002,0,0,0,0,0,0,0,0,0,0,1.191,12,false,false,false,0,0,0,0.405,0.019,0,0.004,0.006,0.461,0.027,cover,skipped_no_dirty,1.805,0,0,1.767,0,0,true,false,false,false,true,disabled,sea_ice_atlas_upload,0,shader_temperature_derived
123,190,27088,true,53,39,39.451,0.01,0,dynamic_visual_atlas_upload,dynamic_visual_atlas_upload,,,32.406,62.472,295.037,0,,,,,,,,,,,,,,,,,,,0.256,0.969,0.845,4.373,0,0.048,7,2400,false,done,1,1,1,full,0.4539,0.1533,0.275,0.0256,0,0.1533,0.1533,0.275,0.004,0.002,0,0,0,0,0,0,0,0,0,0,1.191,12,false,false,false,0,0,0,0.405,0.019,0,0.004,0.006,0.461,0.027,cover,skipped_no_dirty,1.805,0,0,1.767,0,0,true,false,false,false,true,disabled,sea_ice_atlas_upload,0,shader_temperature_derived
124,191,27091,true,53,0,0.279,0.004,0,,,,,0,62.472,295.037,0,,,,,,,,,,,,,,,,,,,0.256,0.969,0.845,4.373,0,0.048,7,2400,false,done,1,1,1,full,0.4539,0.1533,0.275,0.0256,0,0.1533,0.1533,0.275,0.004,0.002,0,0,0,0,0,0,0,0,0,0,1.191,12,false,false,false,0,0,0,0.405,0.019,0,0.004,0.006,0.461,0.027,cover,skipped_no_dirty,1.805,0,0,1.767,0,0,true,false,false,false,true,disabled,sea_ice_atlas_upload,0,shader_temperature_derived
125,192,27185,false,53,52,50.862,1.439,0.218,dynamic_visual_atlas_upload,dynamic_visual_atlas_upload,,,42.674,62.472,295.037,0,0,0,policy_gated,0,0,policy_gated,0,0,policy_gated,6.431,6,,1.333,3,,42.689,1,,0.265,1.059,0.844,4.002,0,0.045,6,2400,false,done,1,1,1,full,0.5277,0.2408,0.261,0.0259,0,0.2408,0.2408,0.261,0.003,0.001,0,0.001,0,0,0,0,0,0,0,0,1.253,12,false,false,false,0,0,0,0.406,0.022,0,0.003,0.008,0.471,0.032,cover,skipped_no_dirty,1.805,0,0,1.767,0,0,true,false,false,false,true,disabled,sea_ice_atlas_upload,0,shader_temperature_derived
126,193,27192,true,53,1,0.303,0.005,0,,,,,0,62.472,295.037,0,,,,,,,,,,,,,,,,,,,0.265,1.059,0.844,4.002,0,0.045,6,2400,false,done,1,1,1,full,0.5277,0.2408,0.261,0.0259,0,0.2408,0.2408,0.261,0.003,0.001,0,0.001,0,0,0,0,0,0,0,0,1.253,12,false,false,false,0,0,0,0.406,0.022,0,0.003,0.008,0.471,0.032,cover,skipped_no_dirty,1.805,0,0,1.767,0,0,true,false,false,false,true,disabled,sea_ice_atlas_upload,0,shader_temperature_derived
127,194,27307,true,53,58,57.97,0.013,0,dynamic_visual_atlas_upload,dynamic_visual_atlas_upload,,,48.979,62.472,295.037,0,,,,,,,,,,,,,,,,,,,0.189,0.727,0.879,4.267,0,0.046,6,2400,false,done,1,1,1,full,0.5277,0.2408,0.261,0.0259,0,0.2408,0.2408,0.261,0.003,0.001,0,0.001,0,0,0,0,0,0,0,0,1.253,12,false,false,false,0,0,0,0.406,0.022,0,0.003,0.008,0.471,0.032,cover,skipped_no_dirty,1.864,0,0,1.828,0,0,true,false,false,false,true,disabled,sea_ice_atlas_upload,0,shader_temperature_derived
128,195,27312,true,53,1,0.422,0.004,0,season_refresh,rain_shadow,cursor_0,micro,0.13,62.472,295.037,0,,,,,,,,,,,,,,,,,,,0.189,0.727,0.879,4.267,0,0.046,6,2400,false,done,1,1,1,full,0.5277,0.2408,0.261,0.0259,0,0.2408,0.2408,0.261,0.003,0.001,0,0.001,0,0,0,0,0,0,0,0,1.253,12,false,false,false,0,0,0,0.406,0.022,0,0.003,0.008,0.471,0.032,cover,skipped_no_dirty,1.864,0,0,1.828,0,0,true,false,false,false,true,disabled,sea_ice_atlas_upload,0,shader_temperature_derived
129,196,27379,true,53,47,46.726,0.016,0,dynamic_visual_atlas_upload,dynamic_visual_atlas_upload,,,32.553,62.472,295.037,0,,,,,,,,,,,,,,,,,,,0.231,0.757,0.797,4.658,0,0.049,6,2400,false,done,1,1,1,full,0.5277,0.2408,0.261,0.0259,0,0.2408,0.2408,0.261,0.003,0.001,0,0.001,0,0,0,0,0,0,0,0,1.253,12,false,false,false,0,0,0,0.406,0.022,0,0.003,0.008,0.471,0.032,cover,skipped_no_dirty,1.864,0,0,1.828,0,0,true,false,false,false,true,disabled,sea_ice_atlas_upload,0,shader_temperature_derived
130,197,27389,true,53,2,2.243,0.006,0,season_refresh,stage_3_river,cursor_0,micro,1.871,62.472,295.037,0,,,,,,,,,,,,,,,,,,,0.231,0.757,0.797,4.658,0,0.049,6,2400,false,done,1,1,1,full,0.5277,0.2408,0.261,0.0259,0,0.2408,0.2408,0.261,0.003,0.001,0,0.001,0,0,0,0,0,0,0,0,1.253,12,false,false,false,0,0,0,0.406,0.022,0,0.003,0.008,0.471,0.032,cover,skipped_no_dirty,1.864,0,0,1.828,0,0,true,false,false,false,true,disabled,sea_ice_atlas_upload,0,shader_temperature_derived
131,198,27517,true,53,66,65.194,0.016,0,dynamic_visual_atlas_upload,dynamic_visual_atlas_upload,,,43.871,63.067,295.037,0,,,,,,,,,,,,,,,,,,,0.294,0.681,0.822,4.355,0,0.049,6,2400,false,done,1,1,1,full,0.5277,0.2408,0.261,0.0259,0,0.2408,0.2408,0.261,0.003,0.001,0,0.001,0,0,0,0,0,0,0,0,1.253,12,false,false,false,0,0,0,0.406,0.022,0,0.003,0.008,0.471,0.032,cover,skipped_no_dirty,1.864,0,0,1.828,0,0,true,false,false,false,true,disabled,sea_ice_atlas_upload,0,shader_temperature_derived
132,199,27523,true,53,3,2.217,0.006,0,season_refresh,stage_5_shrubland,cursor_0,stage,1.867,63.067,295.037,0,,,,,,,,,,,,,,,,,,,0.294,0.681,0.822,4.355,0,0.049,6,2400,false,done,1,1,1,full,0.5277,0.2408,0.261,0.0259,0,0.2408,0.2408,0.261,0.003,0.001,0,0.001,0,0,0,0,0,0,0,0,1.253,12,false,false,false,0,0,0,0.406,0.022,0,0.003,0.008,0.471,0.032,cover,skipped_no_dirty,1.864,0,0,1.828,0,0,true,false,false,false,true,disabled,sea_ice_atlas_upload,0,shader_temperature_derived
133,200,27596,false,53,61,58.935,1.441,0.217,dynamic_visual_atlas_upload,dynamic_visual_atlas_upload,,,49.344,62.472,295.037,0,1.805,1,,0,0,policy_gated,0,0,policy_gated,6.184,6,,1.215,3,,49.357,1,,0.244,0.702,0.808,4.179,0,0.047,6,2400,false,done,1,1,1,full,0.4134,0.155,0.233,0.0254,0,0.155,0.155,0.233,0.004,0.002,0.001,0,0,0,0,0,0,0,0,0,1.146,12,false,false,false,0,0,0,0.359,0.019,0,0.002,0.006,0.413,0.027,cover,skipped_no_dirty,1.864,0,0,1.828,0,0,true,false,false,false,true,disabled,sea_ice_atlas_upload,0,shader_temperature_derived
134,201,27605,true,53,3,3.19,0.006,0,season_refresh,stage_7_glacier,cursor_0,stage,2.834,62.472,295.037,0,,,,,,,,,,,,,,,,,,,0.244,0.702,0.808,4.179,0,0.047,6,2400,false,done,1,1,1,full,0.4134,0.155,0.233,0.0254,0,0.155,0.155,0.233,0.004,0.002,0.001,0,0,0,0,0,0,0,0,0,1.146,12,false,false,false,0,0,0,0.359,0.019,0,0.002,0.006,0.413,0.027,cover,skipped_no_dirty,1.864,0,0,1.828,0,0,true,false,false,false,true,disabled,sea_ice_atlas_upload,0,shader_temperature_derived
135,202,27694,true,53,44,44.402,0.032,0,dynamic_visual_atlas_upload,dynamic_visual_atlas_upload,,,32.946,62.472,295.037,0,,,,,,,,,,,,,,,,,,,0.264,0.808,0.873,4.409,0,0.052,7,2400,false,done,1,1,1,full,0.4134,0.155,0.233,0.0254,0,0.155,0.155,0.233,0.004,0.002,0.001,0,0,0,0,0,0,0,0,0,1.146,12,false,false,false,0,0,0,0.359,0.019,0,0.002,0.006,0.413,0.027,cover,skipped_no_dirty,1.654,0,0,1.612,0,0,true,false,false,false,true,disabled,sea_ice_atlas_upload,0,shader_temperature_derived
136,203,27702,true,53,5,4.965,0.006,0,season_refresh,stage_9_sync,cursor_0,stage,4.651,62.472,295.037,0,,,,,,,,,,,,,,,,,,,0.264,0.808,0.873,4.409,0,0.052,7,2400,false,done,1,1,1,full,0.4134,0.155,0.233,0.0254,0,0.155,0.155,0.233,0.004,0.002,0.001,0,0,0,0,0,0,0,0,0,1.146,12,false,false,false,0,0,0,0.359,0.019,0,0.002,0.006,0.413,0.027,cover,skipped_no_dirty,1.654,0,0,1.612,0,0,true,false,false,false,true,disabled,sea_ice_atlas_upload,0,shader_temperature_derived
137,204,27814,true,53,65,64.793,0.015,0.001,dynamic_visual_atlas_upload,dynamic_visual_atlas_upload,,,44.073,62.472,295.037,0,,,,,,,,,,,,,,,,,,,0.242,0.787,0.841,4.624,0,0.051,7,2400,false,done,1,1,1,full,0.4134,0.155,0.233,0.0254,0,0.155,0.155,0.233,0.004,0.002,0.001,0,0,0,0,0,0,0,0,0,1.146,12,false,false,false,0,0,0,0.359,0.019,0,0.002,0.006,0.413,0.027,biome,cached_full_update,13.435,686,157969,11.813,0.003,1.586,true,false,false,false,true,disabled,sea_ice_atlas_upload,0,shader_temperature_derived
138,205,27818,true,53,1,0.393,0.004,0,season_refresh,stage_11_feedback,cursor_0,stage,0.101,62.472,295.037,0,,,,,,,,,,,,,,,,,,,0.242,0.787,0.841,4.624,0,0.051,7,2400,false,done,1,1,1,full,0.4134,0.155,0.233,0.0254,0,0.155,0.155,0.233,0.004,0.002,0.001,0,0,0,0,0,0,0,0,0,1.146,12,false,false,false,0,0,0,0.359,0.019,0,0.002,0.006,0.413,0.027,biome,cached_full_update,13.435,686,157969,11.813,0.003,1.586,true,false,false,false,true,disabled,sea_ice_atlas_upload,0,shader_temperature_derived
139,206,27889,true,53,56,56.554,0.015,0,dynamic_visual_atlas_upload,dynamic_visual_atlas_upload,,,49.672,62.472,295.037,0,,,,,,,,,,,,,,,,,,,0.236,0.813,0.805,4.336,0,0.05,6,2400,false,done,1,1,1,full,0.4134,0.155,0.233,0.0254,0,0.155,0.155,0.233,0.004,0.002,0.001,0,0,0,0,0,0,0,0,0,1.146,12,false,false,false,0,0,0,0.359,0.019,0,0.002,0.006,0.413,0.027,biome,cached_full_update,13.435,686,157969,11.813,0.003,1.586,true,false,false,false,true,disabled,sea_ice_atlas_upload,0,shader_temperature_derived
140,207,27893,true,53,0,0.292,0.005,0,,,,,0,62.472,295.037,0,,,,,,,,,,,,,,,,,,,0.236,0.813,0.805,4.336,0,0.05,6,2400,false,done,1,1,1,full,0.4134,0.155,0.233,0.0254,0,0.155,0.155,0.233,0.004,0.002,0.001,0,0,0,0,0,0,0,0,0,1.146,12,false,false,false,0,0,0,0.359,0.019,0,0.002,0.006,0.413,0.027,biome,cached_full_update,13.435,686,157969,11.813,0.003,1.586,true,false,false,false,true,disabled,sea_ice_atlas_upload,0,shader_temperature_derived
141,208,27993,false,53,43,41.666,1.509,0.214,dynamic_visual_atlas_upload,dynamic_visual_atlas_upload,,,32.612,62.472,295.037,0,0,0,policy_gated,0,0,policy_gated,0,0,policy_gated,6.961,6,,1.654,3,,32.621,1,,0.236,1.042,0.853,4.562,0,0.051,7,2400,false,done,1,1,1,full,0.4015,0.1481,0.223,0.0304,0,0.1481,0.1481,0.223,0.003,0.001,0.001,0.001,0,0,0,0.0044,0.0225,0,0,0.018,1.579,12,true,true,true,0,0,0,0.639,0.169,0,0.004,0.007,0.844,0.025,biome,cached_full_update,13.435,686,157969,11.813,0.003,1.586,true,false,false,false,true,disabled,sea_ice_atlas_upload,0,shader_temperature_derived
142,209,28000,true,53,0,0.272,0.004,0,,,,,0,62.472,295.037,0,,,,,,,,,,,,,,,,,,,0.236,1.042,0.853,4.562,0,0.051,7,2400,false,done,1,1,1,full,0.4015,0.1481,0.223,0.0304,0,0.1481,0.1481,0.223,0.003,0.001,0.001,0.001,0,0,0,0.0044,0.0225,0,0,0.018,1.579,12,true,true,true,0,0,0,0.639,0.169,0,0.004,0.007,0.844,0.025,biome,cached_full_update,13.435,686,157969,11.813,0.003,1.586,true,false,false,false,true,disabled,sea_ice_atlas_upload,0,shader_temperature_derived
143,210,28086,true,58,53,52.683,0.011,0.001,dynamic_visual_atlas_upload,dynamic_visual_atlas_upload,,,43.255,62.472,295.037,0,,,,,,,,,,,,,,,,,,,0.233,0.7,0.828,4.494,0,0.051,7,2400,false,done,1,1,1,full,0.4015,0.1481,0.223,0.0304,0,0.1481,0.1481,0.223,0.003,0.001,0.001,0.001,0,0,0,0.0044,0.0225,0,0,0.018,1.579,12,true,true,true,0,0,0,0.639,0.169,0,0.004,0.007,0.844,0.025,cover,skipped_no_dirty,1.761,0,0,1.722,0,0,true,false,false,false,true,disabled,sea_ice_atlas_upload,0,shader_temperature_derived
144,211,28098,true,58,0,0.287,0.006,0.001,,,,,0,62.472,295.037,0,,,,,,,,,,,,,,,,,,,0.233,0.7,0.828,4.494,0,0.051,7,2400,false,done,1,1,1,full,0.4015,0.1481,0.223,0.0304,0,0.1481,0.1481,0.223,0.003,0.001,0.001,0.001,0,0,0,0.0044,0.0225,0,0,0.018,1.579,12,true,true,true,0,0,0,0.639,0.169,0,0.004,0.007,0.844,0.025,cover,skipped_no_dirty,1.761,0,0,1.722,0,0,true,false,false,false,true,disabled,sea_ice_atlas_upload,0,shader_temperature_derived
145,212,28194,true,58,60,59.409,0.015,0.001,dynamic_visual_atlas_upload,dynamic_visual_atlas_upload,,,49.133,62.472,295.037,0,,,,,,,,,,,,,,,,,,,0.244,0.776,0.828,4.08,0,0.061,6,2400,false,done,1,1,1,full,0.4015,0.1481,0.223,0.0304,0,0.1481,0.1481,0.223,0.003,0.001,0.001,0.001,0,0,0,0.0044,0.0225,0,0,0.018,1.579,12,true,true,true,0,0,0,0.639,0.169,0,0.004,0.007,0.844,0.025,cover,skipped_no_dirty,1.761,0,0,1.722,0,0,true,false,false,false,true,disabled,sea_ice_atlas_upload,0,shader_temperature_derived
146,213,28197,true,58,0,0.314,0.004,0.001,,,,,0,62.472,295.037,0,,,,,,,,,,,,,,,,,,,0.244,0.776,0.828,4.08,0,0.061,6,2400,false,done,1,1,1,full,0.4015,0.1481,0.223,0.0304,0,0.1481,0.1481,0.223,0.003,0.001,0.001,0.001,0,0,0,0.0044,0.0225,0,0,0.018,1.579,12,true,true,true,0,0,0,0.639,0.169,0,0.004,0.007,0.844,0.025,cover,skipped_no_dirty,1.761,0,0,1.722,0,0,true,false,false,false,true,disabled,sea_ice_atlas_upload,0,shader_temperature_derived
147,214,28274,true,58,41,41.162,0.011,0,dynamic_visual_atlas_upload,dynamic_visual_atlas_upload,,,32.628,62.472,295.037,0,,,,,,,,,,,,,,,,,,,0.252,1.102,0.914,4.198,0,0.047,6,2400,false,done,1,1,1,full,0.4015,0.1481,0.223,0.0304,0,0.1481,0.1481,0.223,0.003,0.001,0.001,0.001,0,0,0,0.0044,0.0225,0,0,0.018,1.579,12,true,true,true,0,0,0,0.639,0.169,0,0.004,0.007,0.844,0.025,cover,skipped_no_dirty,1.761,0,0,1.722,0,0,true,false,false,false,true,disabled,sea_ice_atlas_upload,0,shader_temperature_derived
148,215,28281,true,58,0,0.275,0.005,0,,,,,0,62.472,295.037,0,,,,,,,,,,,,,,,,,,,0.252,1.102,0.914,4.198,0,0.047,6,2400,false,done,1,1,1,full,0.4015,0.1481,0.223,0.0304,0,0.1481,0.1481,0.223,0.003,0.001,0.001,0.001,0,0,0,0.0044,0.0225,0,0,0.018,1.579,12,true,true,true,0,0,0,0.639,0.169,0,0.004,0.007,0.844,0.025,cover,skipped_no_dirty,1.761,0,0,1.722,0,0,true,false,false,false,true,disabled,sea_ice_atlas_upload,0,shader_temperature_derived
149,216,28387,false,58,54,52.146,1.349,0.217,dynamic_visual_atlas_upload,dynamic_visual_atlas_upload,,,43.494,62.472,295.037,0,0,0,policy_gated,0,0,policy_gated,0.162,1,,6.824,6,,1.222,3,,43.509,1,,0.179,0.953,0.864,4.583,0,0.047,6,2400,false,done,1,1,1,full,0.4186,0.147,0.223,0.0486,0,0.147,0.147,0.223,0.004,0.002,0,0.002,0,0,0,0,0,0,0,0,1.15,12,false,false,false,0,0,0,0.392,0.019,0,0.003,0.007,0.448,0.027,cover,skipped_no_dirty,1.761,0,0,1.722,0,0,true,false,false,false,true,disabled,sea_ice_atlas_upload,0,shader_temperature_derived
150,217,28394,true,58,1,0.301,0.004,0,,,,,0,62.472,295.037,0,,,,,,,,,,,,,,,,,,,0.179,0.953,0.864,4.583,0,0.047,6,2400,false,done,1,1,1,full,0.4186,0.147,0.223,0.0486,0,0.147,0.147,0.223,0.004,0.002,0,0.002,0,0,0,0,0,0,0,0,1.15,12,false,false,false,0,0,0,0.392,0.019,0,0.003,0.007,0.448,0.027,cover,skipped_no_dirty,1.761,0,0,1.722,0,0,true,false,false,false,true,disabled,sea_ice_atlas_upload,0,shader_temperature_derived
151,218,28517,true,58,66,66.008,0.016,0,dynamic_visual_atlas_upload,dynamic_visual_atlas_upload,,,50.277,63.067,295.037,0,,,,,,,,,,,,,,,,,,,0.199,1.019,0.817,4.649,0,0.049,7,2400,false,done,1,1,1,full,0.4186,0.147,0.223,0.0486,0,0.147,0.147,0.223,0.004,0.002,0,0.002,0,0,0,0,0,0,0,0,1.15,12,false,false,false,0,0,0,0.392,0.019,0,0.003,0.007,0.448,0.027,cover,skipped_no_dirty,1.771,0,0,1.734,0,0,true,false,false,false,true,disabled,sea_ice_atlas_upload,0,shader_temperature_derived
152,219,28521,true,58,0,0.358,0.006,0,,,,,0,63.067,295.037,0,,,,,,,,,,,,,,,,,,,0.199,1.019,0.817,4.649,0,0.049,7,2400,false,done,1,1,1,full,0.4186,0.147,0.223,0.0486,0,0.147,0.147,0.223,0.004,0.002,0,0.002,0,0,0,0,0,0,0,0,1.15,12,false,false,false,0,0,0,0.392,0.019,0,0.003,0.007,0.448,0.027,cover,skipped_no_dirty,1.771,0,0,1.734,0,0,true,false,false,false,true,disabled,sea_ice_atlas_upload,0,shader_temperature_derived
153,220,28575,true,58,40,40.069,0.009,0,dynamic_visual_atlas_upload,dynamic_visual_atlas_upload,,,32.876,62.472,295.037,0,,,,,,,,,,,,,,,,,,,0.239,1.029,0.836,4.452,0,0.048,7,2400,false,done,1,1,1,full,0.4186,0.147,0.223,0.0486,0,0.147,0.147,0.223,0.004,0.002,0,0.002,0,0,0,0,0,0,0,0,1.15,12,false,false,false,0,0,0,0.392,0.019,0,0.003,0.007,0.448,0.027,cover,skipped_no_dirty,1.771,0,0,1.734,0,0,true,false,false,false,true,disabled,sea_ice_atlas_upload,0,shader_temperature_derived
154,221,28580,true,58,0,0.324,0.004,0.001,,,,,0,62.472,295.037,0,,,,,,,,,,,,,,,,,,,0.239,1.029,0.836,4.452,0,0.048,7,2400,false,done,1,1,1,full,0.4186,0.147,0.223,0.0486,0,0.147,0.147,0.223,0.004,0.002,0,0.002,0,0,0,0,0,0,0,0,1.15,12,false,false,false,0,0,0,0.392,0.019,0,0.003,0.007,0.448,0.027,cover,skipped_no_dirty,1.771,0,0,1.734,0,0,true,false,false,false,true,disabled,sea_ice_atlas_upload,0,shader_temperature_derived
155,222,28701,true,58,51,51.093,0.014,0,dynamic_visual_atlas_upload,dynamic_visual_atlas_upload,,,43.869,62.472,295.037,0,,,,,,,,,,,,,,,,,,,0.251,1.071,0.828,4.28,0,0.049,7,2400,false,done,1,1,1,full,0.4186,0.147,0.223,0.0486,0,0.147,0.147,0.223,0.004,0.002,0,0.002,0,0,0,0,0,0,0,0,1.15,12,false,false,false,0,0,0,0.392,0.019,0,0.003,0.007,0.448,0.027,cover,skipped_no_dirty,1.771,0,0,1.734,0,0,true,false,false,false,true,disabled,sea_ice_atlas_upload,0,shader_temperature_derived
156,223,28705,true,58,0,0.29,0.004,0,,,,,0,62.472,295.037,0,,,,,,,,,,,,,,,,,,,0.251,1.071,0.828,4.28,0,0.049,7,2400,false,done,1,1,1,full,0.4186,0.147,0.223,0.0486,0,0.147,0.147,0.223,0.004,0.002,0,0.002,0,0,0,0,0,0,0,0,1.15,12,false,false,false,0,0,0,0.392,0.019,0,0.003,0.007,0.448,0.027,cover,skipped_no_dirty,1.771,0,0,1.734,0,0,true,false,false,false,true,disabled,sea_ice_atlas_upload,0,shader_temperature_derived
157,224,28810,false,58,59,57.269,1.626,0.223,dynamic_visual_atlas_upload,dynamic_visual_atlas_upload,,,49.076,62.472,295.037,0,0,0,policy_gated,0,0,policy_gated,0,0,policy_gated,6.443,6,,1.302,3,,49.091,1,,0.258,0.962,0.794,4.154,0,0.047,6,2400,false,done,1,1,1,full,0.4818,0.2481,0.208,0.0257,0,0.2481,0.2481,0.208,0.003,0.001,0.001,0,0,0,0,0,0,0,0,0,1.225,12,false,false,false,0,0,0,0.361,0.021,0,0.003,0.008,0.421,0.028,cover,skipped_no_dirty,1.771,0,0,1.734,0,0,true,false,false,false,true,disabled,sea_ice_atlas_upload,0,shader_temperature_derived
158,225,28818,true,58,0,0.354,0.006,0,,,,,0,62.472,295.037,0,,,,,,,,,,,,,,,,,,,0.258,0.962,0.794,4.154,0,0.047,6,2400,false,done,1,1,1,full,0.4818,0.2481,0.208,0.0257,0,0.2481,0.2481,0.208,0.003,0.001,0.001,0,0,0,0,0,0,0,0,0,1.225,12,false,false,false,0,0,0,0.361,0.021,0,0.003,0.008,0.421,0.028,cover,skipped_no_dirty,1.771,0,0,1.734,0,0,true,false,false,false,true,disabled,sea_ice_atlas_upload,0,shader_temperature_derived
159,226,28876,true,58,42,42.098,0.013,0,dynamic_visual_atlas_upload,dynamic_visual_atlas_upload,,,32.86,62.472,295.037,0,,,,,,,,,,,,,,,,,,,0.245,0.719,0.87,4.936,0,0.048,7,2400,false,done,1,1,1,full,0.4818,0.2481,0.208,0.0257,0,0.2481,0.2481,0.208,0.003,0.001,0.001,0,0,0,0,0,0,0,0,0,1.225,12,false,false,false,0,0,0,0.361,0.021,0,0.003,0.008,0.421,0.028,cover,skipped_no_dirty,1.738,0,0,1.703,0,0,true,false,false,false,true,disabled,sea_ice_atlas_upload,0,shader_temperature_derived
160,227,28883,true,58,0,0.375,0.006,0.001,,,,,0,62.472,295.037,0,,,,,,,,,,,,,,,,,,,0.245,0.719,0.87,4.936,0,0.048,7,2400,false,done,1,1,1,full,0.4818,0.2481,0.208,0.0257,0,0.2481,0.2481,0.208,0.003,0.001,0.001,0,0,0,0,0,0,0,0,0,1.225,12,false,false,false,0,0,0,0.361,0.021,0,0.003,0.008,0.421,0.028,cover,skipped_no_dirty,1.738,0,0,1.703,0,0,true,false,false,false,true,disabled,sea_ice_atlas_upload,0,shader_temperature_derived
161,228,28986,true,58,52,51.81,0.014,0,dynamic_visual_atlas_upload,dynamic_visual_atlas_upload,,,43.834,62.472,295.037,0,,,,,,,,,,,,,,,,,,,0.239,1.099,0.859,5.041,0,0.05,8,2400,false,done,1,1,1,full,0.4818,0.2481,0.208,0.0257,0,0.2481,0.2481,0.208,0.003,0.001,0.001,0,0,0,0,0,0,0,0,0,1.225,12,false,false,false,0,0,0,0.361,0.021,0,0.003,0.008,0.421,0.028,cover,skipped_no_dirty,1.738,0,0,1.703,0,0,true,false,false,false,true,disabled,sea_ice_atlas_upload,0,shader_temperature_derived
162,229,28991,true,58,1,0.286,0.004,0,,,,,0,62.472,295.037,0,,,,,,,,,,,,,,,,,,,0.239,1.099,0.859,5.041,0,0.05,8,2400,false,done,1,1,1,full,0.4818,0.2481,0.208,0.0257,0,0.2481,0.2481,0.208,0.003,0.001,0.001,0,0,0,0,0,0,0,0,0,1.225,12,false,false,false,0,0,0,0.361,0.021,0,0.003,0.008,0.421,0.028,cover,skipped_no_dirty,1.738,0,0,1.703,0,0,true,false,false,false,true,disabled,sea_ice_atlas_upload,0,shader_temperature_derived
163,230,29108,true,57,57,57.707,0.016,0,dynamic_visual_atlas_upload,dynamic_visual_atlas_upload,,,50.136,62.472,295.037,0,,,,,,,,,,,,,,,,,,,0.234,1.05,0.863,4.688,0,0.049,7,2400,false,done,1,1,1,full,0.4818,0.2481,0.208,0.0257,0,0.2481,0.2481,0.208,0.003,0.001,0.001,0,0,0,0,0,0,0,0,0,1.225,12,false,false,false,0,0,0,0.361,0.021,0,0.003,0.008,0.421,0.028,cover,skipped_no_dirty,1.738,0,0,1.703,0,0,true,false,false,false,true,disabled,sea_ice_atlas_upload,0,shader_temperature_derived
164,231,29113,true,57,0,0.296,0.004,0,,,,,0,62.472,295.037,0,,,,,,,,,,,,,,,,,,,0.234,1.05,0.863,4.688,0,0.049,7,2400,false,done,1,1,1,full,0.4818,0.2481,0.208,0.0257,0,0.2481,0.2481,0.208,0.003,0.001,0.001,0,0,0,0,0,0,0,0,0,1.225,12,false,false,false,0,0,0,0.361,0.021,0,0.003,0.008,0.421,0.028,cover,skipped_no_dirty,1.738,0,0,1.703,0,0,true,false,false,false,true,disabled,sea_ice_atlas_upload,0,shader_temperature_derived
165,232,29177,false,57,43,41.081,1.549,0.201,dynamic_visual_atlas_upload,dynamic_visual_atlas_upload,,,32.534,62.472,295.037,0,0,0,policy_gated,0,0,policy_gated,0,0,policy_gated,6.872,6,,1.253,3,,32.545,1,,0.232,0.915,0.835,4.626,0,0.05,7,2400,false,done,1,1,1,full,0.4222,0.1472,0.25,0.025,0,0.1472,0.1472,0.25,0.004,0.002,0,0.001,0,0,0,0,0,0,0,0,1.17,12,false,false,false,0,0,0,0.388,0.02,0,0.003,0.006,0.445,0.028,cover,skipped_no_dirty,1.738,0,0,1.703,0,0,true,false,false,false,true,disabled,sea_ice_atlas_upload,0,shader_temperature_derived
166,233,29185,true,57,0,0.3,0.004,0,,,,,0,62.472,295.037,0,,,,,,,,,,,,,,,,,,,0.232,0.915,0.835,4.626,0,0.05,7,2400,false,done,1,1,1,full,0.4222,0.1472,0.25,0.025,0,0.1472,0.1472,0.25,0.004,0.002,0,0.001,0,0,0,0,0,0,0,0,1.17,12,false,false,false,0,0,0,0.388,0.02,0,0.003,0.006,0.445,0.028,cover,skipped_no_dirty,1.738,0,0,1.703,0,0,true,false,false,false,true,disabled,sea_ice_atlas_upload,0,shader_temperature_derived
167,234,29301,true,57,50,50.281,0.015,0,dynamic_visual_atlas_upload,dynamic_visual_atlas_upload,,,41.805,62.472,295.037,0,,,,,,,,,,,,,,,,,,,0.241,0.725,0.788,4.197,0,0.045,6,2400,false,done,1,1,1,full,0.4222,0.1472,0.25,0.025,0,0.1472,0.1472,0.25,0.004,0.002,0,0.001,0,0,0,0,0,0,0,0,1.17,12,false,false,false,0,0,0,0.388,0.02,0,0.003,0.006,0.445,0.028,cover,skipped_no_dirty,1.782,0,0,1.742,0,0,true,false,false,false,true,disabled,sea_ice_atlas_upload,0,shader_temperature_derived
168,235,29305,true,57,1,0.614,0.004,0.001,season_refresh,stage_0_moisture,cursor_0,stage,0.283,62.472,295.037,0,,,,,,,,,,,,,,,,,,,0.241,0.725,0.788,4.197,0,0.045,6,2400,false,done,1,1,1,full,0.4222,0.1472,0.25,0.025,0,0.1472,0.1472,0.25,0.004,0.002,0,0.001,0,0,0,0,0,0,0,0,1.17,12,false,false,false,0,0,0,0.388,0.02,0,0.003,0.006,0.445,0.028,cover,skipped_no_dirty,1.782,0,0,1.742,0,0,true,false,false,false,true,disabled,sea_ice_atlas_upload,0,shader_temperature_derived
169,236,29409,true,57,57,56.916,0.014,0,dynamic_visual_atlas_upload,dynamic_visual_atlas_upload,,,49.497,62.472,295.037,0,,,,,,,,,,,,,,,,,,,0.182,1.117,0.913,4.305,0,0.049,7,2400,false,done,1,1,1,full,0.4222,0.1472,0.25,0.025,0,0.1472,0.1472,0.25,0.004,0.002,0,0.001,0,0,0,0,0,0,0,0,1.17,12,false,false,false,0,0,0,0.388,0.02,0,0.003,0.006,0.445,0.028,cover,skipped_no_dirty,1.782,0,0,1.742,0,0,true,false,false,false,true,disabled,sea_ice_atlas_upload,0,shader_temperature_derived
170,237,29421,true,57,8,7.046,0.008,0,season_refresh,stage_2_redecide,cursor_0,micro,6.628,62.472,295.037,0,,,,,,,,,,,,,,,,,,,0.182,1.117,0.913,4.305,0,0.049,7,2400,false,done,1,1,1,full,0.4222,0.1472,0.25,0.025,0,0.1472,0.1472,0.25,0.004,0.002,0,0.001,0,0,0,0,0,0,0,0,1.17,12,false,false,false,0,0,0,0.388,0.02,0,0.003,0.006,0.445,0.028,cover,skipped_no_dirty,1.782,0,0,1.742,0,0,true,false,false,false,true,disabled,sea_ice_atlas_upload,0,shader_temperature_derived
171,238,29475,true,57,41,41.209,0.014,0.001,dynamic_visual_atlas_upload,dynamic_visual_atlas_upload,,,33.126,62.472,295.037,0,,,,,,,,,,,,,,,,,,,0.24,0.706,0.783,4.134,0,0.048,6,2400,false,done,1,1,1,full,0.4222,0.1472,0.25,0.025,0,0.1472,0.1472,0.25,0.004,0.002,0,0.001,0,0,0,0,0,0,0,0,1.17,12,false,false,false,0,0,0,0.388,0.02,0,0.003,0.006,0.445,0.028,cover,skipped_no_dirty,1.782,0,0,1.742,0,0,true,false,false,false,true,disabled,sea_ice_atlas_upload,0,shader_temperature_derived
172,239,29502,true,57,16,15.698,0.009,0,season_refresh,stage_4_veg_feedback,cursor_0,micro,15.279,62.472,295.037,0,,,,,,,,,,,,,,,,,,,0.24,0.706,0.783,4.134,0,0.048,6,2400,false,done,1,1,1,full,0.4222,0.1472,0.25,0.025,0,0.1472,0.1472,0.25,0.004,0.002,0,0.001,0,0,0,0,0,0,0,0,1.17,12,false,false,false,0,0,0,0.388,0.02,0,0.003,0.006,0.445,0.028,cover,skipped_no_dirty,1.782,0,0,1.742,0,0,true,false,false,false,true,disabled,sea_ice_atlas_upload,0,shader_temperature_derived
173,240,29590,false,57,56,54.46,1.181,0.212,dynamic_visual_atlas_upload,dynamic_visual_atlas_upload,,,43.482,61.065,295.037,0,2.045,1,,0,0,policy_gated,0.363,1,,6.442,6,,1.281,3,,43.498,1,,0.243,0.705,0.834,4.408,0,0.049,6,2400,false,done,1,1,1,full,0.4437,0.1484,0.269,0.0263,0,0.1484,0.1484,0.269,0.004,0.001,0,0.001,0,0,0,0,0,0,0,0,1.201,12,false,false,false,0,0,0,0.412,0.023,0,0.003,0.007,0.474,0.029,cover,skipped_no_dirty,1.782,0,0,1.742,0,0,true,false,false,false,true,disabled,sea_ice_atlas_upload,0,shader_temperature_derived
174,241,29615,true,57,2,2.3,0.006,0,season_refresh,stage_6_mangrove,cursor_0,stage,1.941,61.065,295.037,0,,,,,,,,,,,,,,,,,,,0.243,0.705,0.834,4.408,0,0.049,6,2400,false,done,1,1,1,full,0.4437,0.1484,0.269,0.0263,0,0.1484,0.1484,0.269,0.004,0.001,0,0.001,0,0,0,0,0,0,0,0,1.201,12,false,false,false,0,0,0,0.412,0.023,0,0.003,0.007,0.474,0.029,cover,skipped_no_dirty,1.782,0,0,1.742,0,0,true,false,false,false,true,disabled,sea_ice_atlas_upload,0,shader_temperature_derived
175,242,29697,true,57,62,62.217,0.014,0.001,dynamic_visual_atlas_upload,dynamic_visual_atlas_upload,,,48.657,61.065,295.037,0,,,,,,,,,,,,,,,,,,,0.216,0.689,0.727,3.79,0,0.047,6,2400,false,done,1,1,1,full,0.4437,0.1484,0.269,0.0263,0,0.1484,0.1484,0.269,0.004,0.001,0,0.001,0,0,0,0,0,0,0,0,1.201,12,false,false,false,0,0,0,0.412,0.023,0,0.003,0.007,0.474,0.029,cover,skipped_no_dirty,1.267,0,0,1.231,0,0,true,false,false,false,true,disabled,sea_ice_atlas_upload,0,shader_temperature_derived
176,243,29704,true,57,3,2.477,0.004,0.001,season_refresh,stage_8_swamp,cursor_0,stage,2.122,61.065,295.037,0,,,,,,,,,,,,,,,,,,,0.216,0.689,0.727,3.79,0,0.047,6,2400,false,done,1,1,1,full,0.4437,0.1484,0.269,0.0263,0,0.1484,0.1484,0.269,0.004,0.001,0,0.001,0,0,0,0,0,0,0,0,1.201,12,false,false,false,0,0,0,0.412,0.023,0,0.003,0.007,0.474,0.029,cover,skipped_no_dirty,1.267,0,0,1.231,0,0,true,false,false,false,true,disabled,sea_ice_atlas_upload,0,shader_temperature_derived
177,244,29779,true,57,44,44.627,0.011,0.001,dynamic_visual_atlas_upload,dynamic_visual_atlas_upload,,,32.494,61.065,295.037,0,,,,,,,,,,,,,,,,,,,0.198,0.674,0.73,4.187,0,0.046,6,2400,false,done,1,1,1,full,0.4437,0.1484,0.269,0.0263,0,0.1484,0.1484,0.269,0.004,0.001,0,0.001,0,0,0,0,0,0,0,0,1.201,12,false,false,false,0,0,0,0.412,0.023,0,0.003,0.007,0.474,0.029,cover,skipped_no_dirty,1.267,0,0,1.231,0,0,true,false,false,false,true,disabled,sea_ice_atlas_upload,0,shader_temperature_derived
178,245,29786,true,57,0,0.318,0.003,0.001,season_refresh,stage_10_atlas_queue,cursor_0,stage,0.025,61.065,295.037,0,,,,,,,,,,,,,,,,,,,0.198,0.674,0.73,4.187,0,0.046,6,2400,false,done,1,1,1,full,0.4437,0.1484,0.269,0.0263,0,0.1484,0.1484,0.269,0.004,0.001,0,0.001,0,0,0,0,0,0,0,0,1.201,12,false,false,false,0,0,0,0.412,0.023,0,0.003,0.007,0.474,0.029,cover,skipped_no_dirty,1.267,0,0,1.231,0,0,true,false,false,false,true,disabled,sea_ice_atlas_upload,0,shader_temperature_derived
179,246,29911,true,57,76,76.041,0.016,0,dynamic_visual_atlas_upload,dynamic_visual_atlas_upload,,,42.497,61.065,295.037,0,,,,,,,,,,,,,,,,,,,0.187,0.952,0.853,4.182,0,0.055,6,2400,false,done,1,1,1,full,0.4437,0.1484,0.269,0.0263,0,0.1484,0.1484,0.269,0.004,0.001,0,0.001,0,0,0,0,0,0,0,0,1.201,12,false,false,false,0,0,0,0.412,0.023,0,0.003,0.007,0.474,0.029,biome,cached_full_update,26.229,1754,403228,24.625,0.004,1.568,true,false,false,false,true,disabled,sea_ice_atlas_upload,0,shader_temperature_derived
180,247,29916,true,57,1,0.418,0.006,0,,,,,0,61.065,295.037,0,,,,,,,,,,,,,,,,,,,0.187,0.952,0.853,4.182,0,0.055,6,2400,false,done,1,1,1,full,0.4437,0.1484,0.269,0.0263,0,0.1484,0.1484,0.269,0.004,0.001,0,0.001,0,0,0,0,0,0,0,0,1.201,12,false,false,false,0,0,0,0.412,0.023,0,0.003,0.007,0.474,0.029,biome,cached_full_update,26.229,1754,403228,24.625,0.004,1.568,true,false,false,false,true,disabled,sea_ice_atlas_upload,0,shader_temperature_derived
181,248,30001,false,57,66,64.947,1.369,0.224,dynamic_visual_atlas_upload,dynamic_visual_atlas_upload,,,49.657,62.472,295.037,0,0,0,policy_gated,0,0,policy_gated,6.365,1,,6.69,6,,1.747,3,,49.674,1,,0.207,1.062,0.889,4.271,0,0.048,7,2400,false,done,1,1,1,full,0.4271,0.1477,0.246,0.0334,0,0.1477,0.1477,0.246,0.004,0.001,0.001,0.001,0,0,0,0,0.0231,0,0,0,1.652,12,false,true,false,0,0,0,0.797,0.099,0,0.004,0.007,0.935,0.028,biome,cached_full_update,26.229,1754,403228,24.625,0.004,1.568,true,false,false,false,true,disabled,sea_ice_atlas_upload,0,shader_temperature_derived
182,249,30009,true,57,0,0.399,0.005,0,,,,,0,62.472,295.037,0,,,,,,,,,,,,,,,,,,,0.207,1.062,0.889,4.271,0,0.048,7,2400,false,done,1,1,1,full,0.4271,0.1477,0.246,0.0334,0,0.1477,0.1477,0.246,0.004,0.001,0.001,0.001,0,0,0,0,0.0231,0,0,0,1.652,12,false,true,false,0,0,0,0.797,0.099,0,0.004,0.007,0.935,0.028,biome,cached_full_update,26.229,1754,403228,24.625,0.004,1.568,true,false,false,false,true,disabled,sea_ice_atlas_upload,0,shader_temperature_derived
183,250,30075,true,51,41,40.747,0.009,0,dynamic_visual_atlas_upload,dynamic_visual_atlas_upload,,,32.424,62.472,295.037,0,,,,,,,,,,,,,,,,,,,0.231,0.689,0.811,4.436,0,0.047,7,2400,false,done,1,1,1,full,0.4271,0.1477,0.246,0.0334,0,0.1477,0.1477,0.246,0.004,0.001,0.001,0.001,0,0,0,0,0.0231,0,0,0,1.652,12,false,true,false,0,0,0,0.797,0.099,0,0.004,0.007,0.935,0.028,cover,skipped_no_dirty,1.497,0,0,1.463,0,0,true,false,false,false,true,disabled,sea_ice_atlas_upload,0,shader_temperature_derived
184,251,30083,true,51,0,0.271,0.005,0,,,,,0,62.472,295.037,0,,,,,,,,,,,,,,,,,,,0.231,0.689,0.811,4.436,0,0.047,7,2400,false,done,1,1,1,full,0.4271,0.1477,0.246,0.0334,0,0.1477,0.1477,0.246,0.004,0.001,0.001,0.001,0,0,0,0,0.0231,0,0,0,1.652,12,false,true,false,0,0,0,0.797,0.099,0,0.004,0.007,0.935,0.028,cover,skipped_no_dirty,1.497,0,0,1.463,0,0,true,false,false,false,true,disabled,sea_ice_atlas_upload,0,shader_temperature_derived
185,252,30185,true,51,50,50.455,0.015,0,dynamic_visual_atlas_upload,dynamic_visual_atlas_upload,,,43.532,62.472,295.037,0,,,,,,,,,,,,,,,,,,,0.263,1.037,0.815,4.081,0,0.047,6,2400,false,done,1,1,1,full,0.4271,0.1477,0.246,0.0334,0,0.1477,0.1477,0.246,0.004,0.001,0.001,0.001,0,0,0,0,0.0231,0,0,0,1.652,12,false,true,false,0,0,0,0.797,0.099,0,0.004,0.007,0.935,0.028,cover,skipped_no_dirty,1.497,0,0,1.463,0,0,true,false,false,false,true,disabled,sea_ice_atlas_upload,0,shader_temperature_derived
