frame_idx,timestamp_ms,frame_wall_ms,fast_tick_count,fast_tick_occurred,last_fast_tick_ms,clock_day,writeback_last_day,writeback_lag_days,main_wait_on_sim_us,worker_fault_count,completed_days,runtime_graph_last_elapsed_us,climate_pod_plan_ms,climate_pod_replay_ms,domain_authority_plan_ms,domain_authority_replay_ms
0,24544,5.535,2,false,22,2,-1,-1,0,1,0,9418,2.501,0.0013,0,0
1,24551,6.916,2,false,22,2,-1,-1,0,1,0,9418,2.501,0.0013,0,0
2,24558,6.867,2,false,22,2,-1,-1,0,1,0,9418,2.501,0.0013,0,0
3,24565,6.942,2,false,22,2,-1,-1,0,1,0,9418,2.501,0.0013,0,0
4,24572,6.861,2,false,22,2,-1,-1,0,1,0,9418,2.501,0.0013,0,0
5,24579,6.939,2,false,22,2,-1,-1,0,1,0,9418,2.501,0.0013,0,0
6,24586,6.885,2,false,22,2,-1,-1,0,1,0,9418,2.501,0.0013,0,0
7,24593,6.874,2,false,22,2,-1,-1,0,1,0,9418,2.501,0.0013,0,0
8,24599,6.935,2,false,22,2,-1,-1,0,1,0,9418,2.501,0.0013,0,0
9,24607,6.91,2,false,22,2,-1,-1,0,1,0,9418,2.501,0.0013,0,0
10,24613,6.858,2,false,22,2,-1,-1,0,1,0,9418,2.501,0.0013,0,0
11,24620,6.93,2,false,22,2,-1,-1,0,1,0,9418,2.501,0.0013,0,0
12,24627,6.879,2,false,22,2,-1,-1,0,1,0,9418,2.501,0.0013,0,0
13,24634,6.926,2,false,22,2,-1,-1,0,1,0,9418,2.501,0.0013,0,0
14,24641,6.861,2,false,22,2,-1,-1,0,1,0,9418,2.501,0.0013,0,0
15,24648,6.938,2,false,22,2,-1,-1,0,1,0,9418,2.501,0.0013,0,0
16,24655,6.868,2,false,22,2,-1,-1,0,1,0,9418,2.501,0.0013,0,0
17,24662,6.902,2,false,22,2,-1,-1,0,1,0,9418,2.501,0.0013,0,0
18,24668,6.94,2,false,22,2,-1,-1,0,1,0,9418,2.501,0.0013,0,0
19,24675,6.857,2,false,22,2,-1,-1,0,1,0,9418,2.501,0.0013,0,0
20,24682,6.932,2,false,22,2,-1,-1,0,1,0,9418,2.501,0.0013,0,0
21,24689,6.87,2,false,22,2,-1,-1,0,1,0,9418,2.501,0.0013,0,0
22,24696,6.899,2,false,22,2,-1,-1,0,1,0,9418,2.501,0.0013,0,0
23,24703,6.939,2,false,22,2,-1,-1,0,1,0,9418,2.501,0.0013,0,0
24,24710,6.862,2,false,22,2,-1,-1,0,1,0,9418,2.501,0.0013,0,0
25,24717,6.951,2,false,22,2,-1,-1,0,1,0,9418,2.501,0.0013,0,0
26,24724,6.847,2,false,22,2,-1,-1,0,1,0,9418,2.501,0.0013,0,0
27,24731,6.919,2,false,22,2,-1,-1,0,1,0,9418,2.501,0.0013,0,0
28,24737,6.913,2,false,22,2,-1,-1,0,1,0,9418,2.501,0.0013,0,0
29,24744,6.867,2,false,22,2,-1,-1,0,1,0,9418,2.501,0.0013,0,0
30,24751,6.94,2,false,22,2,-1,-1,0,1,0,9418,2.501,0.0013,0,0
31,24758,6.868,2,false,22,2,-1,-1,0,1,0,9418,2.501,0.0013,0,0
32,24765,6.931,2,false,22,2,-1,-1,0,1,0,9418,2.501,0.0013,0,0
33,24772,6.861,2,false,22,2,-1,-1,0,1,0,9418,2.501,0.0013,0,0
34,24779,6.898,2,false,22,2,-1,-1,0,1,0,9418,2.501,0.0013,0,0
35,24786,6.931,2,false,22,2,-1,-1,0,1,0,9418,2.501,0.0013,0,0
36,24793,6.886,2,false,22,2,-1,-1,0,1,0,9418,2.501,0.0013,0,0
37,24800,6.941,2,false,22,2,-1,-1,0,1,0,9418,2.501,0.0013,0,0
38,24807,6.85,2,false,22,2,-1,-1,0,1,0,9418,2.501,0.0013,0,0
39,24813,6.897,2,false,22,2,-1,-1,0,1,0,9418,2.501,0.0013,0,0
40,24820,6.924,2,false,22,2,-1,-1,0,1,0,9418,2.501,0.0013,0,0
41,24827,6.877,2,false,22,2,-1,-1,0,1,0,9418,2.501,0.0013,0,0
42,24834,6.928,2,false,22,2,-1,-1,0,1,0,9418,2.501,0.0013,0,0
43,24841,6.863,2,false,22,2,-1,-1,0,1,0,9418,2.501,0.0013,0,0
44,24848,6.901,2,false,22,2,-1,-1,0,1,0,9418,2.501,0.0013,0,0
45,24855,6.94,2,false,22,2,-1,-1,0,1,0,9418,2.501,0.0013,0,0
46,24862,6.867,2,false,22,2,-1,-1,0,1,0,9418,2.501,0.0013,0,0
47,24869,6.933,2,false,22,2,-1,-1,0,1,0,9418,2.501,0.0013,0,0
48,24875,6.864,2,false,22,2,-1,-1,0,1,0,9418,2.501,0.0013,0,0
49,24882,6.933,2,false,22,2,-1,-1,0,1,0,9418,2.501,0.0013,0,0
50,24889,6.87,2,false,22,2,-1,-1,0,1,0,9418,2.501,0.0013,0,0
51,24896,6.901,2,false,22,2,-1,-1,0,1,0,9418,2.501,0.0013,0,0
52,24903,6.933,2,false,22,2,-1,-1,0,1,0,9418,2.501,0.0013,0,0
53,24910,6.863,2,false,22,2,-1,-1,0,1,0,9418,2.501,0.0013,0,0
54,24917,6.951,2,false,22,2,-1,-1,0,1,0,9418,2.501,0.0013,0,0
55,24924,6.855,2,false,22,2,-1,-1,0,1,0,9418,2.501,0.0013,0,0
56,24931,6.891,2,false,22,2,-1,-1,0,1,0,9418,2.501,0.0013,0,0
57,24938,6.934,2,false,22,2,-1,-1,0,1,0,9418,2.501,0.0013,0,0
58,24944,6.855,2,false,22,2,-1,-1,0,1,0,9418,2.501,0.0013,0,0
59,24952,6.966,2,false,22,2,-1,-1,0,1,0,9418,2.501,0.0013,0,0
60,24958,6.845,2,false,22,2,-1,-1,0,1,0,9418,2.501,0.0013,0,0
61,24965,6.923,2,false,22,2,-1,-1,0,1,0,9418,2.501,0.0013,0,0
62,24972,6.876,2,false,22,2,-1,-1,0,1,0,9418,2.501,0.0013,0,0
63,24979,6.898,2,false,22,2,-1,-1,0,1,0,9418,2.501,0.0013,0,0
64,24986,6.982,2,false,22,2,-1,-1,0,1,0,9418,2.501,0.0013,0,0
65,24993,6.823,2,false,22,2,-1,-1,0,1,0,9418,2.501,0.0013,0,0
66,25000,6.937,2,false,22,2,-1,-1,0,1,0,9418,2.501,0.0013,0,0
67,25006,6.852,2,false,22,2,-1,-1,0,1,0,9418,2.501,0.0013,0,0
68,25014,7.045,2,false,22,2,-1,-1,0,1,0,9418,2.501,0.0013,0,0
69,25020,6.807,2,false,22,2,-1,-1,0,1,0,9418,2.501,0.0013,0,0
70,25027,6.854,2,false,22,2,-1,-1,0,1,0,9418,2.501,0.0013,0,0
71,25034,6.945,2,false,22,2,-1,-1,0,1,0,9418,2.501,0.0013,0,0
72,25041,6.868,2,false,22,2,-1,-1,0,1,0,9418,2.501,0.0013,0,0
73,25048,6.897,2,false,22,2,-1,-1,0,1,0,9418,2.501,0.0013,0,0
74,25055,6.934,2,false,22,2,-1,-1,0,1,0,9418,2.501,0.0013,0,0
75,25062,6.859,2,false,22,2,-1,-1,0,1,0,9418,2.501,0.0013,0,0
76,25069,6.937,2,false,22,2,-1,-1,0,1,0,9418,2.501,0.0013,0,0
77,25076,6.872,2,false,22,2,-1,-1,0,1,0,9418,2.501,0.0013,0,0
78,25082,6.928,2,false,22,2,-1,-1,0,1,0,9418,2.501,0.0013,0,0
79,25089,6.86,2,false,22,2,-1,-1,0,1,0,9418,2.501,0.0013,0,0
80,25096,6.894,2,false,22,2,-1,-1,0,1,0,9418,2.501,0.0013,0,0
81,25103,6.933,2,false,22,2,-1,-1,0,1,0,9418,2.501,0.0013,0,0
82,25110,6.878,2,false,22,2,-1,-1,0,1,0,9418,2.501,0.0013,0,0
83,25117,6.939,2,false,22,2,-1,-1,0,1,0,9418,2.501,0.0013,0,0
84,25124,6.861,2,false,22,2,-1,-1,0,1,0,9418,2.501,0.0013,0,0
85,25131,6.887,2,false,22,2,-1,-1,0,1,0,9418,2.501,0.0013,0,0
86,25138,6.965,2,false,22,2,-1,-1,0,1,0,9418,2.501,0.0013,0,0
87,25144,6.841,2,false,22,2,-1,-1,0,1,0,9418,2.501,0.0013,0,0
88,25151,6.935,2,false,22,2,-1,-1,0,1,0,9418,2.501,0.0013,0,0
89,25158,6.864,2,false,22,2,-1,-1,0,1,0,9418,2.501,0.0013,0,0
90,25165,6.923,2,false,22,2,-1,-1,0,1,0,9418,2.501,0.0013,0,0
91,25172,6.928,2,false,22,2,-1,-1,0,1,0,9418,2.501,0.0013,0,0
92,25179,6.854,2,false,22,2,-1,-1,0,1,0,9418,2.501,0.0013,0,0
93,25186,6.943,2,false,22,2,-1,-1,0,1,0,9418,2.501,0.0013,0,0
94,25193,6.857,2,false,22,2,-1,-1,0,1,0,9418,2.501,0.0013,0,0
95,25200,6.948,2,false,22,2,-1,-1,0,1,0,9418,2.501,0.0013,0,0
96,25207,6.854,2,false,22,2,-1,-1,0,1,0,9418,2.501,0.0013,0,0
97,25213,6.895,2,false,22,2,-1,-1,0,1,0,9418,2.501,0.0013,0,0
98,25220,6.939,2,false,22,2,-1,-1,0,1,0,9418,2.501,0.0013,0,0
99,25227,6.865,2,false,22,2,-1,-1,0,1,0,9418,2.501,0.0013,0,0
100,25234,6.948,2,false,22,2,-1,-1,0,1,0,9418,2.501,0.0013,0,0
101,25241,6.856,2,false,22,2,-1,-1,0,1,0,9418,2.501,0.0013,0,0
102,25248,6.899,2,false,22,2,-1,-1,0,1,0,9418,2.501,0.0013,0,0
103,25255,6.937,2,false,22,2,-1,-1,0,1,0,9418,2.501,0.0013,0,0
104,25262,6.87,2,false,22,2,-1,-1,0,1,0,9418,2.501,0.0013,0,0
105,25269,6.934,2,false,22,2,-1,-1,0,1,0,9418,2.501,0.0013,0,0
106,25276,6.859,2,false,22,2,-1,-1,0,1,0,9418,2.501,0.0013,0,0
107,25283,6.936,2,false,22,2,-1,-1,0,1,0,9418,2.501,0.0013,0,0
108,25289,6.863,2,false,22,2,-1,-1,0,1,0,9418,2.501,0.0013,0,0
109,25296,6.904,2,false,22,2,-1,-1,0,1,0,9418,2.501,0.0013,0,0
110,25303,6.934,2,false,22,2,-1,-1,0,1,0,9418,2.501,0.0013,0,0
111,25310,6.861,2,false,22,2,-1,-1,0,1,0,9418,2.501,0.0013,0,0
112,25317,6.936,2,false,22,2,-1,-1,0,1,0,9418,2.501,0.0013,0,0
113,25324,6.868,2,false,22,2,-1,-1,0,1,0,9418,2.501,0.0013,0,0
114,25331,6.891,2,false,22,2,-1,-1,0,1,0,9418,2.501,0.0013,0,0
115,25338,6.927,2,false,22,2,-1,-1,0,1,0,9418,2.501,0.0013,0,0
116,25345,6.872,2,false,22,2,-1,-1,0,1,0,9418,2.501,0.0013,0,0
117,25352,6.939,2,false,22,2,-1,-1,0,1,0,9418,2.501,0.0013,0,0
118,25358,6.867,2,false,22,2,-1,-1,0,1,0,9418,2.501,0.0013,0,0
119,25365,6.925,2,false,22,2,-1,-1,0,1,0,9418,2.501,0.0013,0,0
120,25372,7.074,2,false,22,2,-1,-1,0,1,0,9418,2.501,0.0013,0,0
121,25379,6.7,2,false,22,2,-1,-1,0,1,0,9418,2.501,0.0013,0,0
122,25386,6.951,2,false,22,2,-1,-1,0,1,0,9418,2.501,0.0013,0,0
123,25393,6.854,2,false,22,2,-1,-1,0,1,0,9418,2.501,0.0013,0,0
124,25400,6.935,2,false,22,2,-1,-1,0,1,0,9418,2.501,0.0013,0,0
125,25407,6.864,2,false,22,2,-1,-1,0,1,0,9418,2.501,0.0013,0,0
126,25414,6.895,2,false,22,2,-1,-1,0,1,0,9418,2.501,0.0013,0,0
127,25421,6.946,2,false,22,2,-1,-1,0,1,0,9418,2.501,0.0013,0,0
128,25427,6.852,2,false,22,2,-1,-1,0,1,0,9418,2.501,0.0013,0,0
129,25434,6.92,2,false,22,2,-1,-1,0,1,0,9418,2.501,0.0013,0,0
130,25441,6.873,2,false,22,2,-1,-1,0,1,0,9418,2.501,0.0013,0,0
131,25448,6.901,2,false,22,2,-1,-1,0,1,0,9418,2.501,0.0013,0,0
132,25455,6.941,2,false,22,2,-1,-1,0,1,0,9418,2.501,0.0013,0,0
133,25462,6.857,2,false,22,2,-1,-1,0,1,0,9418,2.501,0.0013,0,0
134,25469,6.926,2,false,22,2,-1,-1,0,1,0,9418,2.501,0.0013,0,0
135,25476,6.875,2,false,22,2,-1,-1,0,1,0,9418,2.501,0.0013,0,0
136,25483,6.946,2,false,22,2,-1,-1,0,1,0,9418,2.501,0.0013,0,0
137,25489,6.85,2,false,22,2,-1,-1,0,1,0,9418,2.501,0.0013,0,0
138,25496,6.904,2,false,22,2,-1,-1,0,1,0,9418,2.501,0.0013,0,0
139,25503,6.917,2,false,22,2,-1,-1,0,1,0,9418,2.501,0.0013,0,0
140,25510,6.884,2,false,22,2,-1,-1,0,1,0,9418,2.501,0.0013,0,0
141,25517,6.943,2,false,22,2,-1,-1,0,1,0,9418,2.501,0.0013,0,0
142,25524,6.862,2,false,22,2,-1,-1,0,1,0,9418,2.501,0.0013,0,0
143,25531,6.902,2,false,22,2,-1,-1,0,1,0,9418,2.501,0.0013,0,0
144,25538,6.936,2,false,22,2,-1,-1,0,1,0,9418,2.501,0.0013,0,0
145,25545,6.877,2,false,22,2,-1,-1,0,1,0,9418,2.501,0.0013,0,0
146,25552,6.928,2,false,22,2,-1,-1,0,1,0,9418,2.501,0.0013,0,0
147,25559,6.868,2,false,22,2,-1,-1,0,1,0,9418,2.501,0.0013,0,0
148,25565,6.932,2,false,22,2,-1,-1,0,1,0,9418,2.501,0.0013,0,0
149,25572,6.877,2,false,22,2,-1,-1,0,1,0,9418,2.501,0.0013,0,0
150,25579,6.889,2,false,22,2,-1,-1,0,1,0,9418,2.501,0.0013,0,0
151,25586,6.949,2,false,22,2,-1,-1,0,1,0,9418,2.501,0.0013,0,0
152,25593,6.94,2,false,22,2,-1,-1,0,1,0,9418,2.501,0.0013,0,0
153,25600,6.852,2,false,22,2,-1,-1,0,1,0,9418,2.501,0.0013,0,0
154,25607,6.866,2,false,22,2,-1,-1,0,1,0,9418,2.501,0.0013,0,0
155,25614,6.9,2,false,22,2,-1,-1,0,1,0,9418,2.501,0.0013,0,0
156,25621,6.948,2,false,22,2,-1,-1,0,1,0,9418,2.501,0.0013,0,0
157,25628,6.966,2,false,22,2,-1,-1,0,1,0,9418,2.501,0.0013,0,0
158,25635,6.84,2,false,22,2,-1,-1,0,1,0,9418,2.501,0.0013,0,0
159,25641,6.839,2,false,22,2,-1,-1,0,1,0,9418,2.501,0.0013,0,0
160,25649,6.907,2,false,22,2,-1,-1,0,1,0,9418,2.501,0.0013,0,0
161,25655,6.937,2,false,22,2,-1,-1,0,1,0,9418,2.501,0.0013,0,0
162,25662,6.86,2,false,22,2,-1,-1,0,1,0,9418,2.501,0.0013,0,0
163,25669,6.956,2,false,22,2,-1,-1,0,1,0,9418,2.501,0.0013,0,0
164,25676,6.842,2,false,22,2,-1,-1,0,1,0,9418,2.501,0.0013,0,0
165,25683,6.94,2,false,22,2,-1,-1,0,1,0,9418,2.501,0.0013,0,0
166,25690,6.862,2,false,22,2,-1,-1,0,1,0,9418,2.501,0.0013,0,0
167,25697,6.895,2,false,22,2,-1,-1,0,1,0,9418,2.501,0.0013,0,0
168,25704,6.954,2,false,22,2,-1,-1,0,1,0,9418,2.501,0.0013,0,0
169,25710,6.836,2,false,22,2,-1,-1,0,1,0,9418,2.501,0.0013,0,0
170,25718,6.951,2,false,22,2,-1,-1,0,1,0,9418,2.501,0.0013,0,0
171,25724,6.858,2,false,22,2,-1,-1,0,1,0,9418,2.501,0.0013,0,0
172,25731,6.902,2,false,22,2,-1,-1,0,1,0,9418,2.501,0.0013,0,0
173,25738,6.93,2,false,22,2,-1,-1,0,1,0,9418,2.501,0.0013,0,0
174,25745,6.873,2,false,22,2,-1,-1,0,1,0,9418,2.501,0.0013,0,0
175,25752,6.952,2,false,22,2,-1,-1,0,1,0,9418,2.501,0.0013,0,0
176,25759,6.85,2,false,22,2,-1,-1,0,1,0,9418,2.501,0.0013,0,0
177,25766,6.935,2,false,22,2,-1,-1,0,1,0,9418,2.501,0.0013,0,0
178,25772,6.857,2,false,22,2,-1,-1,0,1,0,9418,2.501,0.0013,0,0
179,25779,6.904,2,false,22,2,-1,-1,0,1,0,9418,2.501,0.0013,0,0
180,25786,6.932,2,false,22,2,-1,-1,0,1,0,9418,2.501,0.0013,0,0
181,25793,6.87,2,false,22,2,-1,-1,0,1,0,9418,2.501,0.0013,0,0
182,25800,6.939,2,false,22,2,-1,-1,0,1,0,9418,2.501,0.0013,0,0
183,25807,6.857,2,false,22,2,-1,-1,0,1,0,9418,2.501,0.0013,0,0
184,25814,6.899,2,false,22,2,-1,-1,0,1,0,9418,2.501,0.0013,0,0
185,25821,6.983,2,false,22,2,-1,-1,0,1,0,9418,2.501,0.0013,0,0
186,25828,6.823,2,false,22,2,-1,-1,0,1,0,9418,2.501,0.0013,0,0
187,25835,6.944,2,false,22,2,-1,-1,0,1,0,9418,2.501,0.0013,0,0
188,25841,6.85,2,false,22,2,-1,-1,0,1,0,9418,2.501,0.0013,0,0
189,25848,6.898,2,false,22,2,-1,-1,0,1,0,9418,2.501,0.0013,0,0
190,25855,6.961,2,false,22,2,-1,-1,0,1,0,9418,2.501,0.0013,0,0
191,25862,6.839,2,false,22,2,-1,-1,0,1,0,9418,2.501,0.0013,0,0
192,25869,6.947,2,false,22,2,-1,-1,0,1,0,9418,2.501,0.0013,0,0
193,25876,6.859,2,false,22,2,-1,-1,0,1,0,9418,2.501,0.0013,0,0
194,25883,6.941,2,false,22,2,-1,-1,0,1,0,9418,2.501,0.0013,0,0
195,25890,6.855,2,false,22,2,-1,-1,0,1,0,9418,2.501,0.0013,0,0
196,25897,6.897,2,false,22,2,-1,-1,0,1,0,9418,2.501,0.0013,0,0
197,25904,6.953,2,false,22,2,-1,-1,0,1,0,9418,2.501,0.0013,0,0
198,25911,6.856,2,false,22,2,-1,-1,0,1,0,9418,2.501,0.0013,0,0
199,25917,6.939,2,false,22,2,-1,-1,0,1,0,9418,2.501,0.0013,0,0
200,25924,6.856,2,false,22,2,-1,-1,0,1,0,9418,2.501,0.0013,0,0
201,25931,6.898,2,false,22,2,-1,-1,0,1,0,9418,2.501,0.0013,0,0
202,25938,6.935,2,false,22,2,-1,-1,0,1,0,9418,2.501,0.0013,0,0
203,25945,6.873,2,false,22,2,-1,-1,0,1,0,9418,2.501,0.0013,0,0
204,25952,6.935,2,false,22,2,-1,-1,0,1,0,9418,2.501,0.0013,0,0
205,25959,6.863,2,false,22,2,-1,-1,0,1,0,9418,2.501,0.0013,0,0
206,25966,6.949,2,false,22,2,-1,-1,0,1,0,9418,2.501,0.0013,0,0
207,25973,6.847,2,false,22,2,-1,-1,0,1,0,9418,2.501,0.0013,0,0
208,25979,6.902,2,false,22,2,-1,-1,0,1,0,9418,2.501,0.0013,0,0
209,25986,6.936,2,false,22,2,-1,-1,0,1,0,9418,2.501,0.0013,0,0
210,25993,6.863,2,false,22,2,-1,-1,0,1,0,9418,2.501,0.0013,0,0
211,26000,6.942,2,false,22,2,-1,-1,0,1,0,9418,2.501,0.0013,0,0
212,26007,7.014,2,false,22,2,-1,-1,0,1,0,9418,2.501,0.0013,0,0
213,26014,6.737,2,false,22,2,-1,-1,0,1,0,9418,2.501,0.0013,0,0
214,26021,6.939,2,false,22,2,-1,-1,0,1,0,9418,2.501,0.0013,0,0
215,26028,6.872,2,false,22,2,-1,-1,0,1,0,9418,2.501,0.0013,0,0
216,26035,6.954,2,false,22,2,-1,-1,0,1,0,9418,2.501,0.0013,0,0
217,26042,6.849,2,false,22,2,-1,-1,0,1,0,9418,2.501,0.0013,0,0
218,26048,6.892,2,false,22,2,-1,-1,0,1,0,9418,2.501,0.0013,0,0
219,26055,6.945,2,false,22,2,-1,-1,0,1,0,9418,2.501,0.0013,0,0
220,26062,6.861,2,false,22,2,-1,-1,0,1,0,9418,2.501,0.0013,0,0
221,26069,6.932,2,false,22,2,-1,-1,0,1,0,9418,2.501,0.0013,0,0
222,26076,6.864,2,false,22,2,-1,-1,0,1,0,9418,2.501,0.0013,0,0
223,26083,6.922,2,false,22,2,-1,-1,0,1,0,9418,2.501,0.0013,0,0
224,26090,6.87,2,false,22,2,-1,-1,0,1,0,9418,2.501,0.0013,0,0
225,26097,6.889,2,false,22,2,-1,-1,0,1,0,9418,2.501,0.0013,0,0
226,26104,6.959,2,false,22,2,-1,-1,0,1,0,9418,2.501,0.0013,0,0
227,26111,6.861,2,false,22,2,-1,-1,0,1,0,9418,2.501,0.0013,0,0
228,26118,6.953,2,false,22,2,-1,-1,0,1,0,9418,2.501,0.0013,0,0
229,26124,6.842,2,false,22,2,-1,-1,0,1,0,9418,2.501,0.0013,0,0
230,26131,6.908,2,false,22,2,-1,-1,0,1,0,9418,2.501,0.0013,0,0
231,26138,6.929,2,false,22,2,-1,-1,0,1,0,9418,2.501,0.0013,0,0
232,26145,6.854,2,false,22,2,-1,-1,0,1,0,9418,2.501,0.0013,0,0
233,26152,6.942,2,false,22,2,-1,-1,0,1,0,9418,2.501,0.0013,0,0
234,26159,6.859,2,false,22,2,-1,-1,0,1,0,9418,2.501,0.0013,0,0
235,26166,6.956,2,false,22,2,-1,-1,0,1,0,9418,2.501,0.0013,0,0
236,26173,6.85,2,false,22,2,-1,-1,0,1,0,9418,2.501,0.0013,0,0
237,26180,6.903,2,false,22,2,-1,-1,0,1,0,9418,2.501,0.0013,0,0
238,26186,6.928,2,false,22,2,-1,-1,0,1,0,9418,2.501,0.0013,0,0
239,26193,6.877,2,false,22,2,-1,-1,0,1,0,9418,2.501,0.0013,0,0
240,26200,6.939,2,false,22,2,-1,-1,0,1,0,9418,2.501,0.0013,0,0
241,26207,6.856,2,false,22,2,-1,-1,0,1,0,9418,2.501,0.0013,0,0
242,26214,6.901,2,false,22,2,-1,-1,0,1,0,9418,2.501,0.0013,0,0
243,26221,6.934,2,false,22,2,-1,-1,0,1,0,9418,2.501,0.0013,0,0
244,26228,6.867,2,false,22,2,-1,-1,0,1,0,9418,2.501,0.0013,0,0
245,26235,6.925,2,false,22,2,-1,-1,0,1,0,9418,2.501,0.0013,0,0
246,26242,6.883,2,false,22,2,-1,-1,0,1,0,9418,2.501,0.0013,0,0
247,26249,6.887,2,false,22,2,-1,-1,0,1,0,9418,2.501,0.0013,0,0
248,26256,6.942,2,false,22,2,-1,-1,0,1,0,9418,2.501,0.0013,0,0
249,26263,6.862,2,false,22,2,-1,-1,0,1,0,9418,2.501,0.0013,0,0
250,26269,6.924,2,false,22,2,-1,-1,0,1,0,9418,2.501,0.0013,0,0
251,26276,6.874,2,false,22,2,-1,-1,0,1,0,9418,2.501,0.0013,0,0
252,26283,6.914,2,false,22,2,-1,-1,0,1,0,9418,2.501,0.0013,0,0
253,26290,6.887,2,false,22,2,-1,-1,0,1,0,9418,2.501,0.0013,0,0
254,26297,6.9,2,false,22,2,-1,-1,0,1,0,9418,2.501,0.0013,0,0
255,26304,6.946,2,false,22,2,-1,-1,0,1,0,9418,2.501,0.0013,0,0
256,26311,6.854,2,false,22,2,-1,-1,0,1,0,9418,2.501,0.0013,0,0
257,26318,6.928,2,false,22,2,-1,-1,0,1,0,9418,2.501,0.0013,0,0
258,26325,6.874,2,false,22,2,-1,-1,0,1,0,9418,2.501,0.0013,0,0
259,26331,6.888,2,false,22,2,-1,-1,0,1,0,9418,2.501,0.0013,0,0
260,26338,6.947,2,false,22,2,-1,-1,0,1,0,9418,2.501,0.0013,0,0
261,26345,6.849,2,false,22,2,-1,-1,0,1,0,9418,2.501,0.0013,0,0
262,26352,6.947,2,false,22,2,-1,-1,0,1,0,9418,2.501,0.0013,0,0
263,26359,6.868,2,false,22,2,-1,-1,0,1,0,9418,2.501,0.0013,0,0
264,26366,6.943,2,false,22,2,-1,-1,0,1,0,9418,2.501,0.0013,0,0
265,26373,6.85,2,false,22,2,-1,-1,0,1,0,9418,2.501,0.0013,0,0
266,26380,6.896,2,false,22,2,-1,-1,0,1,0,9418,2.501,0.0013,0,0
267,26387,6.943,2,false,22,2,-1,-1,0,1,0,9418,2.501,0.0013,0,0
268,26393,6.862,2,false,22,2,-1,-1,0,1,0,9418,2.501,0.0013,0,0
269,26400,6.942,2,false,22,2,-1,-1,0,1,0,9418,2.501,0.0013,0,0
270,26407,6.86,2,false,22,2,-1,-1,0,1,0,9418,2.501,0.0013,0,0
271,26414,6.903,2,false,22,2,-1,-1,0,1,0,9418,2.501,0.0013,0,0
272,26421,6.94,2,false,22,2,-1,-1,0,1,0,9418,2.501,0.0013,0,0
273,26428,6.86,2,false,22,2,-1,-1,0,1,0,9418,2.501,0.0013,0,0
274,26435,6.931,2,false,22,2,-1,-1,0,1,0,9418,2.501,0.0013,0,0
275,26442,6.865,2,false,22,2,-1,-1,0,1,0,9418,2.501,0.0013,0,0
276,26449,6.907,2,false,22,2,-1,-1,0,1,0,9418,2.501,0.0013,0,0
277,26456,6.921,2,false,22,2,-1,-1,0,1,0,9418,2.501,0.0013,0,0
278,26462,6.878,2,false,22,2,-1,-1,0,1,0,9418,2.501,0.0013,0,0
279,26469,6.932,2,false,22,2,-1,-1,0,1,0,9418,2.501,0.0013,0,0
280,26476,6.871,2,false,22,2,-1,-1,0,1,0,9418,2.501,0.0013,0,0
281,26483,6.945,2,false,22,2,-1,-1,0,1,0,9418,2.501,0.0013,0,0
282,26490,6.856,2,false,22,2,-1,-1,0,1,0,9418,2.501,0.0013,0,0
283,26497,6.901,2,false,22,2,-1,-1,0,1,0,9418,2.501,0.0013,0,0
284,26504,6.928,2,false,22,2,-1,-1,0,1,0,9418,2.501,0.0013,0,0
285,26511,6.868,2,false,22,2,-1,-1,0,1,0,9418,2.501,0.0013,0,0
286,26518,6.936,2,false,22,2,-1,-1,0,1,0,9418,2.501,0.0013,0,0
287,26525,6.872,2,false,22,2,-1,-1,0,1,0,9418,2.501,0.0013,0,0
288,26531,6.888,2,false,22,2,-1,-1,0,1,0,9418,2.501,0.0013,0,0
289,26539,6.954,2,false,22,2,-1,-1,0,1,0,9418,2.501,0.0013,0,0
290,26545,6.844,2,false,22,2,-1,-1,0,1,0,9418,2.501,0.0013,0,0
291,26552,6.94,2,false,22,2,-1,-1,0,1,0,9418,2.501,0.0013,0,0
292,26559,6.861,2,false,22,2,-1,-1,0,1,0,9418,2.501,0.0013,0,0
293,26566,6.95,2,false,22,2,-1,-1,0,1,0,9418,2.501,0.0013,0,0
294,26573,6.852,2,false,22,2,-1,-1,0,1,0,9418,2.501,0.0013,0,0
295,26580,6.899,2,false,22,2,-1,-1,0,1,0,9418,2.501,0.0013,0,0
296,26587,6.93,2,false,22,2,-1,-1,0,1,0,9418,2.501,0.0013,0,0
297,26593,6.863,2,false,22,2,-1,-1,0,1,0,9418,2.501,0.0013,0,0
298,26600,6.943,2,false,22,2,-1,-1,0,1,0,9418,2.501,0.0013,0,0
299,26607,6.864,2,false,22,2,-1,-1,0,1,0,9418,2.501,0.0013,0,0
300,26614,6.899,2,false,22,2,-1,-1,0,1,0,9418,2.501,0.0013,0,0
301,26621,6.935,2,false,22,2,-1,-1,0,1,0,9418,2.501,0.0013,0,0
302,26628,6.905,2,false,22,2,-1,-1,0,1,0,9418,2.501,0.0013,0,0
303,26635,6.909,2,false,22,2,-1,-1,0,1,0,9418,2.501,0.0013,0,0
304,26642,6.85,2,false,22,2,-1,-1,0,1,0,9418,2.501,0.0013,0,0
305,26649,6.903,2,false,22,2,-1,-1,0,1,0,9418,2.501,0.0013,0,0
306,26656,6.929,2,false,22,2,-1,-1,0,1,0,9418,2.501,0.0013,0,0
307,26663,7.168,2,false,22,2,-1,-1,0,1,0,9418,2.501,0.0013,0,0
308,26669,6.638,2,false,22,2,-1,-1,0,1,0,9418,2.501,0.0013,0,0
309,26677,6.876,2,false,22,2,-1,-1,0,1,0,9418,2.501,0.0013,0,0
310,26683,6.919,2,false,22,2,-1,-1,0,1,0,9418,2.501,0.0013,0,0
311,26690,6.869,2,false,22,2,-1,-1,0,1,0,9418,2.501,0.0013,0,0
312,26697,6.903,2,false,22,2,-1,-1,0,1,0,9418,2.501,0.0013,0,0
313,26704,6.953,2,false,22,2,-1,-1,0,1,0,9418,2.501,0.0013,0,0
314,26711,6.846,2,false,22,2,-1,-1,0,1,0,9418,2.501,0.0013,0,0
315,26718,6.914,2,false,22,2,-1,-1,0,1,0,9418,2.501,0.0013,0,0
316,26725,6.883,2,false,22,2,-1,-1,0,1,0,9418,2.501,0.0013,0,0
317,26732,6.9,2,false,22,2,-1,-1,0,1,0,9418,2.501,0.0013,0,0
318,26738,6.955,2,false,22,2,-1,-1,0,1,0,9418,2.501,0.0013,0,0
319,26745,6.844,2,false,22,2,-1,-1,0,1,0,9418,2.501,0.0013,0,0
320,26752,6.927,2,false,22,2,-1,-1,0,1,0,9418,2.501,0.0013,0,0
321,26759,6.876,2,false,22,2,-1,-1,0,1,0,9418,2.501,0.0013,0,0
322,26766,6.936,2,false,22,2,-1,-1,0,1,0,9418,2.501,0.0013,0,0
323,26773,6.876,2,false,22,2,-1,-1,0,1,0,9418,2.501,0.0013,0,0
324,26780,6.886,2,false,22,2,-1,-1,0,1,0,9418,2.501,0.0013,0,0
325,26787,6.941,2,false,22,2,-1,-1,0,1,0,9418,2.501,0.0013,0,0
326,26794,6.862,2,false,22,2,-1,-1,0,1,0,9418,2.501,0.0013,0,0
327,26801,6.932,2,false,22,2,-1,-1,0,1,0,9418,2.501,0.0013,0,0
328,26807,6.86,2,false,22,2,-1,-1,0,1,0,9418,2.501,0.0013,0,0
329,26814,6.908,2,false,22,2,-1,-1,0,1,0,9418,2.501,0.0013,0,0
330,26821,6.935,2,false,22,2,-1,-1,0,1,0,9418,2.501,0.0013,0,0
331,26828,6.865,2,false,22,2,-1,-1,0,1,0,9418,2.501,0.0013,0,0
332,26835,6.936,2,false,22,2,-1,-1,0,1,0,9418,2.501,0.0013,0,0
333,26842,6.857,2,false,22,2,-1,-1,0,1,0,9418,2.501,0.0013,0,0
334,26849,6.904,2,false,22,2,-1,-1,0,1,0,9418,2.501,0.0013,0,0
335,26856,6.982,2,false,22,2,-1,-1,0,1,0,9418,2.501,0.0013,0,0
336,26863,6.823,2,false,22,2,-1,-1,0,1,0,9418,2.501,0.0013,0,0
337,26870,6.93,2,false,22,2,-1,-1,0,1,0,9418,2.501,0.0013,0,0
338,26876,6.854,2,false,22,2,-1,-1,0,1,0,9418,2.501,0.0013,0,0
339,26884,6.965,2,false,22,2,-1,-1,0,1,0,9418,2.501,0.0013,0,0
340,26890,6.847,2,false,22,2,-1,-1,0,1,0,9418,2.501,0.0013,0,0
341,26897,6.907,2,false,22,2,-1,-1,0,1,0,9418,2.501,0.0013,0,0
342,26904,6.919,2,false,22,2,-1,-1,0,1,0,9418,2.501,0.0013,0,0
343,26911,6.867,2,false,22,2,-1,-1,0,1,0,9418,2.501,0.0013,0,0
344,26918,6.944,2,false,22,2,-1,-1,0,1,0,9418,2.501,0.0013,0,0
345,26925,6.862,2,false,22,2,-1,-1,0,1,0,9418,2.501,0.0013,0,0
346,26932,6.894,2,false,22,2,-1,-1,0,1,0,9418,2.501,0.0013,0,0
347,26938,6.923,2,false,22,2,-1,-1,0,1,0,9418,2.501,0.0013,0,0
348,26945,6.885,2,false,22,2,-1,-1,0,1,0,9418,2.501,0.0013,0,0
349,26952,6.923,2,false,22,2,-1,-1,0,1,0,9418,2.501,0.0013,0,0
350,26959,6.873,2,false,22,2,-1,-1,0,1,0,9418,2.501,0.0013,0,0
351,26966,6.913,2,false,22,2,-1,-1,0,1,0,9418,2.501,0.0013,0,0
352,26973,6.885,2,false,22,2,-1,-1,0,1,0,9418,2.501,0.0013,0,0
353,26980,6.898,2,false,22,2,-1,-1,0,1,0,9418,2.501,0.0013,0,0
354,26987,6.947,2,false,22,2,-1,-1,0,1,0,9418,2.501,0.0013,0,0
355,26994,6.849,2,false,22,2,-1,-1,0,1,0,9418,2.501,0.0013,0,0
356,27001,6.923,2,false,22,2,-1,-1,0,1,0,9418,2.501,0.0013,0,0
357,27007,6.876,2,false,22,2,-1,-1,0,1,0,9418,2.501,0.0013,0,0
358,27014,6.904,2,false,22,2,-1,-1,0,1,0,9418,2.501,0.0013,0,0
359,27021,6.939,2,false,22,2,-1,-1,0,1,0,9418,2.501,0.0013,0,0
360,27028,6.857,2,false,22,2,-1,-1,0,1,0,9418,2.501,0.0013,0,0
361,27035,6.935,2,false,22,2,-1,-1,0,1,0,9418,2.501,0.0013,0,0
362,27042,6.868,2,false,22,2,-1,-1,0,1,0,9418,2.501,0.0013,0,0
363,27049,6.911,2,false,22,2,-1,-1,0,1,0,9418,2.501,0.0013,0,0
364,27056,6.921,2,false,22,2,-1,-1,0,1,0,9418,2.501,0.0013,0,0
365,27063,6.862,2,false,22,2,-1,-1,0,1,0,9418,2.501,0.0013,0,0
366,27070,6.944,2,false,22,2,-1,-1,0,1,0,9418,2.501,0.0013,0,0
367,27077,6.867,2,false,22,2,-1,-1,0,1,0,9418,2.501,0.0013,0,0
368,27083,6.932,2,false,22,2,-1,-1,0,1,0,9418,2.501,0.0013,0,0
369,27090,6.865,2,false,22,2,-1,-1,0,1,0,9418,2.501,0.0013,0,0
370,27097,6.904,2,false,22,2,-1,-1,0,1,0,9418,2.501,0.0013,0,0
371,27104,6.923,2,false,22,2,-1,-1,0,1,0,9418,2.501,0.0013,0,0
372,27111,6.87,2,false,22,2,-1,-1,0,1,0,9418,2.501,0.0013,0,0
373,27118,6.925,2,false,22,2,-1,-1,0,1,0,9418,2.501,0.0013,0,0
374,27125,6.87,2,false,22,2,-1,-1,0,1,0,9418,2.501,0.0013,0,0
375,27132,6.902,2,false,22,2,-1,-1,0,1,0,9418,2.501,0.0013,0,0
376,27139,6.93,2,false,22,2,-1,-1,0,1,0,9418,2.501,0.0013,0,0
377,27145,6.874,2,false,22,2,-1,-1,0,1,0,9418,2.501,0.0013,0,0
378,27152,6.926,2,false,22,2,-1,-1,0,1,0,9418,2.501,0.0013,0,0
379,27159,6.879,2,false,22,2,-1,-1,0,1,0,9418,2.501,0.0013,0,0
380,27166,6.929,2,false,22,2,-1,-1,0,1,0,9418,2.501,0.0013,0,0
381,27173,6.872,2,false,22,2,-1,-1,0,1,0,9418,2.501,0.0013,0,0
382,27180,6.892,2,false,22,2,-1,-1,0,1,0,9418,2.501,0.0013,0,0
383,27187,6.926,2,false,22,2,-1,-1,0,1,0,9418,2.501,0.0013,0,0
384,27194,6.875,2,false,22,2,-1,-1,0,1,0,9418,2.501,0.0013,0,0
385,27201,6.924,2,false,22,2,-1,-1,0,1,0,9418,2.501,0.0013,0,0
386,27208,6.88,2,false,22,2,-1,-1,0,1,0,9418,2.501,0.0013,0,0
387,27214,6.893,2,false,22,2,-1,-1,0,1,0,9418,2.501,0.0013,0,0
388,27221,6.932,2,false,22,2,-1,-1,0,1,0,9418,2.501,0.0013,0,0
389,27228,6.868,2,false,22,2,-1,-1,0,1,0,9418,2.501,0.0013,0,0
390,27235,6.995,2,false,22,2,-1,-1,0,1,0,9418,2.501,0.0013,0,0
391,27242,6.805,2,false,22,2,-1,-1,0,1,0,9418,2.501,0.0013,0,0
392,27249,6.898,2,false,22,2,-1,-1,0,1,0,9418,2.501,0.0013,0,0
393,27256,6.942,2,false,22,2,-1,-1,0,1,0,9418,2.501,0.0013,0,0
394,27263,7.021,2,false,22,2,-1,-1,0,1,0,9418,2.501,0.0013,0,0
395,27270,6.781,2,false,22,2,-1,-1,0,1,0,9418,2.501,0.0013,0,0
396,27277,6.863,2,false,22,2,-1,-1,0,1,0,9418,2.501,0.0013,0,0
397,27284,6.935,2,false,22,2,-1,-1,0,1,0,9418,2.501,0.0013,0,0
398,27290,6.859,2,false,22,2,-1,-1,0,1,0,9418,2.501,0.0013,0,0
399,27297,6.959,2,false,22,2,-1,-1,0,1,0,9418,2.501,0.0013,0,0
400,27304,6.878,2,false,22,2,-1,-1,0,1,0,9418,2.501,0.0013,0,0
401,27311,6.864,2,false,22,2,-1,-1,0,1,0,9418,2.501,0.0013,0,0
402,27318,6.951,2,false,22,2,-1,-1,0,1,0,9418,2.501,0.0013,0,0
403,27325,6.855,2,false,22,2,-1,-1,0,1,0,9418,2.501,0.0013,0,0
404,27332,6.898,2,false,22,2,-1,-1,0,1,0,9418,2.501,0.0013,0,0
405,27339,6.921,2,false,22,2,-1,-1,0,1,0,9418,2.501,0.0013,0,0
406,27346,6.877,2,false,22,2,-1,-1,0,1,0,9418,2.501,0.0013,0,0
407,27353,7.095,2,false,22,2,-1,-1,0,1,0,9418,2.501,0.0013,0,0
408,27359,6.704,2,false,22,2,-1,-1,0,1,0,9418,2.501,0.0013,0,0
409,27366,6.924,2,false,22,2,-1,-1,0,1,0,9418,2.501,0.0013,0,0
410,27373,6.871,2,false,22,2,-1,-1,0,1,0,9418,2.501,0.0013,0,0
411,27380,6.908,2,false,22,2,-1,-1,0,1,0,9418,2.501,0.0013,0,0
412,27387,6.924,2,false,22,2,-1,-1,0,1,0,9418,2.501,0.0013,0,0
413,27394,6.877,2,false,22,2,-1,-1,0,1,0,9418,2.501,0.0013,0,0
414,27401,6.915,2,false,22,2,-1,-1,0,1,0,9418,2.501,0.0013,0,0
415,27408,6.881,2,false,22,2,-1,-1,0,1,0,9418,2.501,0.0013,0,0
416,27415,6.902,2,false,22,2,-1,-1,0,1,0,9418,2.501,0.0013,0,0
417,27422,6.959,2,false,22,2,-1,-1,0,1,0,9418,2.501,0.0013,0,0
418,27428,6.852,2,false,22,2,-1,-1,0,1,0,9418,2.501,0.0013,0,0
419,27435,6.925,2,false,22,2,-1,-1,0,1,0,9418,2.501,0.0013,0,0
420,27442,6.88,2,false,22,2,-1,-1,0,1,0,9418,2.501,0.0013,0,0
421,27449,6.892,2,false,22,2,-1,-1,0,1,0,9418,2.501,0.0013,0,0
422,27456,6.941,2,false,22,2,-1,-1,0,1,0,9418,2.501,0.0013,0,0
423,27463,6.854,2,false,22,2,-1,-1,0,1,0,9418,2.501,0.0013,0,0
424,27470,6.937,2,false,22,2,-1,-1,0,1,0,9418,2.501,0.0013,0,0
425,27477,6.859,2,false,22,2,-1,-1,0,1,0,9418,2.501,0.0013,0,0
426,27484,6.962,2,false,22,2,-1,-1,0,1,0,9418,2.501,0.0013,0,0
427,27491,6.847,2,false,22,2,-1,-1,0,1,0,9418,2.501,0.0013,0,0
428,27498,6.9,2,false,22,2,-1,-1,0,1,0,9418,2.501,0.0013,0,0
429,27504,6.932,2,false,22,2,-1,-1,0,1,0,9418,2.501,0.0013,0,0
430,27511,6.864,2,false,22,2,-1,-1,0,1,0,9418,2.501,0.0013,0,0
431,27518,6.983,2,false,22,2,-1,-1,0,1,0,9418,2.501,0.0013,0,0
432,27525,6.809,2,false,22,2,-1,-1,0,1,0,9418,2.501,0.0013,0,0
433,27532,6.91,2,false,22,2,-1,-1,0,1,0,9418,2.501,0.0013,0,0
434,27539,6.928,2,false,22,2,-1,-1,0,1,0,9418,2.501,0.0013,0,0
435,27546,6.971,2,false,22,2,-1,-1,0,1,0,9418,2.501,0.0013,0,0
436,27553,6.823,2,false,22,2,-1,-1,0,1,0,9418,2.501,0.0013,0,0
437,27560,6.981,2,false,22,2,-1,-1,0,1,0,9418,2.501,0.0013,0,0
438,27566,6.829,2,false,22,2,-1,-1,0,1,0,9418,2.501,0.0013,0,0
439,27573,6.867,2,false,22,2,-1,-1,0,1,0,9418,2.501,0.0013,0,0
440,27580,6.909,2,false,22,2,-1,-1,0,1,0,9418,2.501,0.0013,0,0
441,27587,6.931,2,false,22,2,-1,-1,0,1,0,9418,2.501,0.0013,0,0
442,27594,6.864,2,false,22,2,-1,-1,0,1,0,9418,2.501,0.0013,0,0
443,27601,6.936,2,false,22,2,-1,-1,0,1,0,9418,2.501,0.0013,0,0
444,27608,6.885,2,false,22,2,-1,-1,0,1,0,9418,2.501,0.0013,0,0
445,27615,6.883,2,false,22,2,-1,-1,0,1,0,9418,2.501,0.0013,0,0
446,27622,6.933,2,false,22,2,-1,-1,0,1,0,9418,2.501,0.0013,0,0
447,27629,6.867,2,false,22,2,-1,-1,0,1,0,9418,2.501,0.0013,0,0
448,27635,6.935,2,false,22,2,-1,-1,0,1,0,9418,2.501,0.0013,0,0
449,27642,6.869,2,false,22,2,-1,-1,0,1,0,9418,2.501,0.0013,0,0
450,27649,6.898,2,false,22,2,-1,-1,0,1,0,9418,2.501,0.0013,0,0
451,27656,6.945,2,false,22,2,-1,-1,0,1,0,9418,2.501,0.0013,0,0
452,27663,6.849,2,false,22,2,-1,-1,0,1,0,9418,2.501,0.0013,0,0
453,27670,6.953,2,false,22,2,-1,-1,0,1,0,9418,2.501,0.0013,0,0
454,27677,6.851,2,false,22,2,-1,-1,0,1,0,9418,2.501,0.0013,0,0
455,27684,6.925,2,false,22,2,-1,-1,0,1,0,9418,2.501,0.0013,0,0
456,27691,6.858,2,false,22,2,-1,-1,0,1,0,9418,2.501,0.0013,0,0
457,27697,6.9,2,false,22,2,-1,-1,0,1,0,9418,2.501,0.0013,0,0
458,27704,6.952,2,false,22,2,-1,-1,0,1,0,9418,2.501,0.0013,0,0
459,27711,6.857,2,false,22,2,-1,-1,0,1,0,9418,2.501,0.0013,0,0
460,27718,6.939,2,false,22,2,-1,-1,0,1,0,9418,2.501,0.0013,0,0
461,27725,6.864,2,false,22,2,-1,-1,0,1,0,9418,2.501,0.0013,0,0
462,27732,6.913,2,false,22,2,-1,-1,0,1,0,9418,2.501,0.0013,0,0
463,27739,6.915,2,false,22,2,-1,-1,0,1,0,9418,2.501,0.0013,0,0
464,27746,6.873,2,false,22,2,-1,-1,0,1,0,9418,2.501,0.0013,0,0
465,27753,6.937,2,false,22,2,-1,-1,0,1,0,9418,2.501,0.0013,0,0
466,27760,6.862,2,false,22,2,-1,-1,0,1,0,9418,2.501,0.0013,0,0
467,27767,6.932,2,false,22,2,-1,-1,0,1,0,9418,2.501,0.0013,0,0
468,27773,6.863,2,false,22,2,-1,-1,0,1,0,9418,2.501,0.0013,0,0
469,27780,6.909,2,false,22,2,-1,-1,0,1,0,9418,2.501,0.0013,0,0
470,27787,6.926,2,false,22,2,-1,-1,0,1,0,9418,2.501,0.0013,0,0
471,27794,6.904,2,false,22,2,-1,-1,0,1,0,9418,2.501,0.0013,0,0
472,27801,6.9,2,false,22,2,-1,-1,0,1,0,9418,2.501,0.0013,0,0
473,27808,6.868,2,false,22,2,-1,-1,0,1,0,9418,2.501,0.0013,0,0
474,27815,6.903,2,false,22,2,-1,-1,0,1,0,9418,2.501,0.0013,0,0
475,27822,6.931,2,false,22,2,-1,-1,0,1,0,9418,2.501,0.0013,0,0
476,27829,6.871,2,false,22,2,-1,-1,0,1,0,9418,2.501,0.0013,0,0
477,27836,6.933,2,false,22,2,-1,-1,0,1,0,9418,2.501,0.0013,0,0
478,27842,6.876,2,false,22,2,-1,-1,0,1,0,9418,2.501,0.0013,0,0
479,27849,6.886,2,false,22,2,-1,-1,0,1,0,9418,2.501,0.0013,0,0
480,27856,6.946,2,false,22,2,-1,-1,0,1,0,9418,2.501,0.0013,0,0
481,27863,6.862,2,false,22,2,-1,-1,0,1,0,9418,2.501,0.0013,0,0
482,27870,6.923,2,false,22,2,-1,-1,0,1,0,9418,2.501,0.0013,0,0
483,27877,6.876,2,false,22,2,-1,-1,0,1,0,9418,2.501,0.0013,0,0
484,27884,6.964,2,false,22,2,-1,-1,0,1,0,9418,2.501,0.0013,0,0
485,27891,6.857,2,false,22,2,-1,-1,0,1,0,9418,2.501,0.0013,0,0
486,27898,6.877,2,false,22,2,-1,-1,0,1,0,9418,2.501,0.0013,0,0
487,27905,6.938,2,false,22,2,-1,-1,0,1,0,9418,2.501,0.0013,0,0
488,27911,6.855,2,false,22,2,-1,-1,0,1,0,9418,2.501,0.0013,0,0
489,27919,7.073,2,false,22,2,-1,-1,0,1,0,9418,2.501,0.0013,0,0
490,27925,6.724,2,false,22,2,-1,-1,0,1,0,9418,2.501,0.0013,0,0
491,27932,6.894,2,false,22,2,-1,-1,0,1,0,9418,2.501,0.0013,0,0
492,27939,6.943,2,false,22,2,-1,-1,0,1,0,9418,2.501,0.0013,0,0
493,27946,6.869,2,false,22,2,-1,-1,0,1,0,9418,2.501,0.0013,0,0
494,27953,6.942,2,false,22,2,-1,-1,0,1,0,9418,2.501,0.0013,0,0
495,27960,6.858,2,false,22,2,-1,-1,0,1,0,9418,2.501,0.0013,0,0
496,27967,6.936,2,false,22,2,-1,-1,0,1,0,9418,2.501,0.0013,0,0
497,27974,6.859,2,false,22,2,-1,-1,0,1,0,9418,2.501,0.0013,0,0
498,27981,6.908,2,false,22,2,-1,-1,0,1,0,9418,2.501,0.0013,0,0
499,27987,6.932,2,false,22,2,-1,-1,0,1,0,9418,2.501,0.0013,0,0
500,27994,6.86,2,false,22,2,-1,-1,0,1,0,9418,2.501,0.0013,0,0
501,28001,6.937,2,false,22,2,-1,-1,0,1,0,9418,2.501,0.0013,0,0
502,28008,6.868,2,false,22,2,-1,-1,0,1,0,9418,2.501,0.0013,0,0
503,28015,6.905,2,false,22,2,-1,-1,0,1,0,9418,2.501,0.0013,0,0
504,28022,6.938,2,false,22,2,-1,-1,0,1,0,9418,2.501,0.0013,0,0
505,28029,6.858,2,false,22,2,-1,-1,0,1,0,9418,2.501,0.0013,0,0
506,28036,6.939,2,false,22,2,-1,-1,0,1,0,9418,2.501,0.0013,0,0
507,28043,6.869,2,false,22,2,-1,-1,0,1,0,9418,2.501,0.0013,0,0
508,28049,6.89,2,false,22,2,-1,-1,0,1,0,9418,2.501,0.0013,0,0
509,28057,6.944,2,false,22,2,-1,-1,0,1,0,9418,2.501,0.0013,0,0
510,28063,6.858,2,false,22,2,-1,-1,0,1,0,9418,2.501,0.0013,0,0
511,28070,6.939,2,false,22,2,-1,-1,0,1,0,9418,2.501,0.0013,0,0
512,28077,6.866,2,false,22,2,-1,-1,0,1,0,9418,2.501,0.0013,0,0
513,28084,6.938,2,false,22,2,-1,-1,0,1,0,9418,2.501,0.0013,0,0
514,28091,6.86,2,false,22,2,-1,-1,0,1,0,9418,2.501,0.0013,0,0
515,28098,6.9,2,false,22,2,-1,-1,0,1,0,9418,2.501,0.0013,0,0
516,28105,6.942,2,false,22,2,-1,-1,0,1,0,9418,2.501,0.0013,0,0
517,28112,6.85,2,false,22,2,-1,-1,0,1,0,9418,2.501,0.0013,0,0
518,28119,6.945,2,false,22,2,-1,-1,0,1,0,9418,2.501,0.0013,0,0
519,28125,6.849,2,false,22,2,-1,-1,0,1,0,9418,2.501,0.0013,0,0
520,28132,6.895,2,false,22,2,-1,-1,0,1,0,9418,2.501,0.0013,0,0
521,28139,6.967,2,false,22,2,-1,-1,0,1,0,9418,2.501,0.0013,0,0
522,28146,6.836,2,false,22,2,-1,-1,0,1,0,9418,2.501,0.0013,0,0
523,28153,6.921,2,false,22,2,-1,-1,0,1,0,9418,2.501,0.0013,0,0
524,28160,6.875,2,false,22,2,-1,-1,0,1,0,9418,2.501,0.0013,0,0
525,28167,6.956,2,false,22,2,-1,-1,0,1,0,9418,2.501,0.0013,0,0
526,28174,6.851,2,false,22,2,-1,-1,0,1,0,9418,2.501,0.0013,0,0
527,28181,6.904,2,false,22,2,-1,-1,0,1,0,9418,2.501,0.0013,0,0
528,28187,6.922,2,false,22,2,-1,-1,0,1,0,9418,2.501,0.0013,0,0
529,28194,6.867,2,false,22,2,-1,-1,0,1,0,9418,2.501,0.0013,0,0
530,28202,6.966,2,false,22,2,-1,-1,0,1,0,9418,2.501,0.0013,0,0
531,28208,6.835,2,false,22,2,-1,-1,0,1,0,9418,2.501,0.0013,0,0
532,28215,6.91,2,false,22,2,-1,-1,0,1,0,9418,2.501,0.0013,0,0
533,28222,6.924,2,false,22,2,-1,-1,0,1,0,9418,2.501,0.0013,0,0
534,28229,6.885,2,false,22,2,-1,-1,0,1,0,9418,2.501,0.0013,0,0
535,28236,6.917,2,false,22,2,-1,-1,0,1,0,9418,2.501,0.0013,0,0
536,28243,6.928,2,false,22,2,-1,-1,0,1,0,9418,2.501,0.0013,0,0
537,28250,6.844,2,false,22,2,-1,-1,0,1,0,9418,2.501,0.0013,0,0
538,28256,6.929,2,false,22,2,-1,-1,0,1,0,9418,2.501,0.0013,0,0
539,28264,6.879,2,false,22,2,-1,-1,0,1,0,9418,2.501,0.0013,0,0
540,28270,6.918,2,false,22,2,-1,-1,0,1,0,9418,2.501,0.0013,0,0
541,28277,6.879,2,false,22,2,-1,-1,0,1,0,9418,2.501,0.0013,0,0
542,28284,6.926,2,false,22,2,-1,-1,0,1,0,9418,2.501,0.0013,0,0
543,28291,6.881,2,false,22,2,-1,-1,0,1,0,9418,2.501,0.0013,0,0
544,28298,6.896,2,false,22,2,-1,-1,0,1,0,9418,2.501,0.0013,0,0
545,28305,6.93,2,false,22,2,-1,-1,0,1,0,9418,2.501,0.0013,0,0
546,28312,6.862,2,false,22,2,-1,-1,0,1,0,9418,2.501,0.0013,0,0
547,28319,6.927,2,false,22,2,-1,-1,0,1,0,9418,2.501,0.0013,0,0
548,28325,6.884,2,false,22,2,-1,-1,0,1,0,9418,2.501,0.0013,0,0
549,28333,6.898,2,false,22,2,-1,-1,0,1,0,9418,2.501,0.0013,0,0
550,28339,6.948,2,false,22,2,-1,-1,0,1,0,9418,2.501,0.0013,0,0
551,28346,6.851,2,false,22,2,-1,-1,0,1,0,9418,2.501,0.0013,0,0
552,28353,6.942,2,false,22,2,-1,-1,0,1,0,9418,2.501,0.0013,0,0
553,28360,6.857,2,false,22,2,-1,-1,0,1,0,9418,2.501,0.0013,0,0
554,28367,6.917,2,false,22,2,-1,-1,0,1,0,9418,2.501,0.0013,0,0
555,28374,6.881,2,false,22,2,-1,-1,0,1,0,9418,2.501,0.0013,0,0
556,28380,6.885,2,false,22,2,-1,-1,0,1,0,9418,2.501,0.0013,0,0
557,28388,6.957,2,false,22,2,-1,-1,0,1,0,9418,2.501,0.0013,0,0
558,28394,6.854,2,false,22,2,-1,-1,0,1,0,9418,2.501,0.0013,0,0
559,28401,6.939,2,false,22,2,-1,-1,0,1,0,9418,2.501,0.0013,0,0
560,28408,6.855,2,false,22,2,-1,-1,0,1,0,9418,2.501,0.0013,0,0
561,28415,6.897,2,false,22,2,-1,-1,0,1,0,9418,2.501,0.0013,0,0
562,28422,6.95,2,false,22,2,-1,-1,0,1,0,9418,2.501,0.0013,0,0
563,28429,6.856,2,false,22,2,-1,-1,0,1,0,9418,2.501,0.0013,0,0
564,28436,6.927,2,false,22,2,-1,-1,0,1,0,9418,2.501,0.0013,0,0
565,28443,6.869,2,false,22,2,-1,-1,0,1,0,9418,2.501,0.0013,0,0
566,28450,7.046,2,false,22,2,-1,-1,0,1,0,9418,2.501,0.0013,0,0
567,28456,6.781,2,false,22,2,-1,-1,0,1,0,9418,2.501,0.0013,0,0
568,28463,6.881,2,false,22,2,-1,-1,0,1,0,9418,2.501,0.0013,0,0
569,28471,7.217,2,false,22,2,-1,-1,0,1,0,9418,2.501,0.0013,0,0
570,28477,6.599,2,false,22,2,-1,-1,0,1,0,9418,2.501,0.0013,0,0
571,28484,6.938,2,false,22,2,-1,-1,0,1,0,9418,2.501,0.0013,0,0
572,28491,6.844,2,false,22,2,-1,-1,0,1,0,9418,2.501,0.0013,0,0
573,28498,6.898,2,false,22,2,-1,-1,0,1,0,9418,2.501,0.0013,0,0
574,28505,6.928,2,false,22,2,-1,-1,0,1,0,9418,2.501,0.0013,0,0
575,28512,6.879,2,false,22,2,-1,-1,0,1,0,9418,2.501,0.0013,0,0
576,28519,6.917,2,false,22,2,-1,-1,0,1,0,9418,2.501,0.0013,0,0
577,28525,6.873,2,false,22,2,-1,-1,0,1,0,9418,2.501,0.0013,0,0
578,28532,6.902,2,false,22,2,-1,-1,0,1,0,9418,2.501,0.0013,0,0
579,28539,6.94,2,false,22,2,-1,-1,0,1,0,9418,2.501,0.0013,0,0
580,28546,6.868,2,false,22,2,-1,-1,0,1,0,9418,2.501,0.0013,0,0
581,28553,6.929,2,false,22,2,-1,-1,0,1,0,9418,2.501,0.0013,0,0
582,28560,6.867,2,false,22,2,-1,-1,0,1,0,9418,2.501,0.0013,0,0
583,28567,6.939,2,false,22,2,-1,-1,0,1,0,9418,2.501,0.0013,0,0
584,28574,6.87,2,false,22,2,-1,-1,0,1,0,9418,2.501,0.0013,0,0
585,28581,6.894,2,false,22,2,-1,-1,0,1,0,9418,2.501,0.0013,0,0
586,28588,6.937,2,false,22,2,-1,-1,0,1,0,9418,2.501,0.0013,0,0
587,28595,6.863,2,false,22,2,-1,-1,0,1,0,9418,2.501,0.0013,0,0
588,28601,6.94,2,false,22,2,-1,-1,0,1,0,9418,2.501,0.0013,0,0
589,28608,6.863,2,false,22,2,-1,-1,0,1,0,9418,2.501,0.0013,0,0
590,28615,7.045,2,false,22,2,-1,-1,0,1,0,9418,2.501,0.0013,0,0
591,28622,6.778,2,false,22,2,-1,-1,0,1,0,9418,2.501,0.0013,0,0
592,28629,6.867,2,false,22,2,-1,-1,0,1,0,9418,2.501,0.0013,0,0
593,28636,6.947,2,false,22,2,-1,-1,0,1,0,9418,2.501,0.0013,0,0
594,28643,6.86,2,false,22,2,-1,-1,0,1,0,9418,2.501,0.0013,0,0
595,28650,6.9,2,false,22,2,-1,-1,0,1,0,9418,2.501,0.0013,0,0
596,28657,6.931,2,false,22,2,-1,-1,0,1,0,9418,2.501,0.0013,0,0
597,28664,6.883,2,false,22,2,-1,-1,0,1,0,9418,2.501,0.0013,0,0
598,28670,6.926,2,false,22,2,-1,-1,0,1,0,9418,2.501,0.0013,0,0
599,28677,6.876,2,false,22,2,-1,-1,0,1,0,9418,2.501,0.0013,0,0
600,28684,6.924,2,false,22,2,-1,-1,0,1,0,9418,2.501,0.0013,0,0
601,28691,6.86,2,false,22,2,-1,-1,0,1,0,9418,2.501,0.0013,0,0
602,28698,6.899,2,false,22,2,-1,-1,0,1,0,9418,2.501,0.0013,0,0
603,28705,6.934,2,false,22,2,-1,-1,0,1,0,9418,2.501,0.0013,0,0
604,28712,6.869,2,false,22,2,-1,-1,0,1,0,9418,2.501,0.0013,0,0
605,28719,6.934,2,false,22,2,-1,-1,0,1,0,9418,2.501,0.0013,0,0
606,28726,6.901,2,false,22,2,-1,-1,0,1,0,9418,2.501,0.0013,0,0
607,28733,6.866,2,false,22,2,-1,-1,0,1,0,9418,2.501,0.0013,0,0
608,28740,6.997,2,false,22,2,-1,-1,0,1,0,9418,2.501,0.0013,0,0
609,28746,6.8,2,false,22,2,-1,-1,0,1,0,9418,2.501,0.0013,0,0
610,28753,6.934,2,false,22,2,-1,-1,0,1,0,9418,2.501,0.0013,0,0
611,28760,6.879,2,false,22,2,-1,-1,0,1,0,9418,2.501,0.0013,0,0
612,28767,6.932,2,false,22,2,-1,-1,0,1,0,9418,2.501,0.0013,0,0
613,28774,6.864,2,false,22,2,-1,-1,0,1,0,9418,2.501,0.0013,0,0
614,28781,6.883,2,false,22,2,-1,-1,0,1,0,9418,2.501,0.0013,0,0
615,28788,6.955,2,false,22,2,-1,-1,0,1,0,9418,2.501,0.0013,0,0
616,28795,6.857,2,false,22,2,-1,-1,0,1,0,9418,2.501,0.0013,0,0
617,28802,6.936,2,false,22,2,-1,-1,0,1,0,9418,2.501,0.0013,0,0
618,28808,6.859,2,false,22,2,-1,-1,0,1,0,9418,2.501,0.0013,0,0
619,28815,6.9,2,false,22,2,-1,-1,0,1,0,9418,2.501,0.0013,0,0
620,28822,6.929,2,false,22,2,-1,-1,0,1,0,9418,2.501,0.0013,0,0
621,28829,6.863,2,false,22,2,-1,-1,0,1,0,9418,2.501,0.0013,0,0
622,28836,6.937,2,false,22,2,-1,-1,0,1,0,9418,2.501,0.0013,0,0
623,28843,6.862,2,false,22,2,-1,-1,0,1,0,9418,2.501,0.0013,0,0
624,28850,6.913,2,false,22,2,-1,-1,0,1,0,9418,2.501,0.0013,0,0
625,28857,6.939,2,false,22,2,-1,-1,0,1,0,9418,2.501,0.0013,0,0
626,28864,6.863,2,false,22,2,-1,-1,0,1,0,9418,2.501,0.0013,0,0
627,28871,6.926,2,false,22,2,-1,-1,0,1,0,9418,2.501,0.0013,0,0
628,28877,6.869,2,false,22,2,-1,-1,0,1,0,9418,2.501,0.0013,0,0
629,28884,6.933,2,false,22,2,-1,-1,0,1,0,9418,2.501,0.0013,0,0
630,28891,6.871,2,false,22,2,-1,-1,0,1,0,9418,2.501,0.0013,0,0
631,28898,6.903,2,false,22,2,-1,-1,0,1,0,9418,2.501,0.0013,0,0
632,28905,6.919,2,false,22,2,-1,-1,0,1,0,9418,2.501,0.0013,0,0
633,28912,6.871,2,false,22,2,-1,-1,0,1,0,9418,2.501,0.0013,0,0
634,28919,6.992,2,false,22,2,-1,-1,0,1,0,9418,2.501,0.0013,0,0
635,28926,6.815,2,false,22,2,-1,-1,0,1,0,9418,2.501,0.0013,0,0
636,28933,6.897,2,false,22,2,-1,-1,0,1,0,9418,2.501,0.0013,0,0
637,28940,6.937,2,false,22,2,-1,-1,0,1,0,9418,2.501,0.0013,0,0
638,28946,6.865,2,false,22,2,-1,-1,0,1,0,9418,2.501,0.0013,0,0
639,28953,6.938,2,false,22,2,-1,-1,0,1,0,9418,2.501,0.0013,0,0
640,28960,6.865,2,false,22,2,-1,-1,0,1,0,9418,2.501,0.0013,0,0
641,28967,6.921,2,false,22,2,-1,-1,0,1,0,9418,2.501,0.0013,0,0
642,28974,6.876,2,false,22,2,-1,-1,0,1,0,9418,2.501,0.0013,0,0
643,28981,6.901,2,false,22,2,-1,-1,0,1,0,9418,2.501,0.0013,0,0
644,28988,6.95,2,false,22,2,-1,-1,0,1,0,9418,2.501,0.0013,0,0
645,28995,6.846,2,false,22,2,-1,-1,0,1,0,9418,2.501,0.0013,0,0
646,29002,6.971,2,false,22,2,-1,-1,0,1,0,9418,2.501,0.0013,0,0
647,29009,6.829,2,false,22,2,-1,-1,0,1,0,9418,2.501,0.0013,0,0
648,29015,6.905,2,false,22,2,-1,-1,0,1,0,9418,2.501,0.0013,0,0
649,29022,6.931,2,false,22,2,-1,-1,0,1,0,9418,2.501,0.0013,0,0
650,29029,6.863,2,false,22,2,-1,-1,0,1,0,9418,2.501,0.0013,0,0
651,29036,6.949,2,false,22,2,-1,-1,0,1,0,9418,2.501,0.0013,0,0
652,29043,6.857,2,false,22,2,-1,-1,0,1,0,9418,2.501,0.0013,0,0
653,29050,6.896,2,false,22,2,-1,-1,0,1,0,9418,2.501,0.0013,0,0
654,29057,6.937,2,false,22,2,-1,-1,0,1,0,9418,2.501,0.0013,0,0
655,29064,6.876,2,false,22,2,-1,-1,0,1,0,9418,2.501,0.0013,0,0
656,29071,6.928,2,false,22,2,-1,-1,0,1,0,9418,2.501,0.0013,0,0
657,29078,6.861,2,false,22,2,-1,-1,0,1,0,9418,2.501,0.0013,0,0
658,29084,6.939,2,false,22,2,-1,-1,0,1,0,9418,2.501,0.0013,0,0
659,29091,6.859,2,false,22,2,-1,-1,0,1,0,9418,2.501,0.0013,0,0
660,29098,6.903,2,false,22,2,-1,-1,0,1,0,9418,2.501,0.0013,0,0
661,29105,6.937,2,false,22,2,-1,-1,0,1,0,9418,2.501,0.0013,0,0
662,29112,6.871,2,false,22,2,-1,-1,0,1,0,9418,2.501,0.0013,0,0
663,29119,6.925,2,false,22,2,-1,-1,0,1,0,9418,2.501,0.0013,0,0
664,29126,6.86,2,false,22,2,-1,-1,0,1,0,9418,2.501,0.0013,0,0
665,29133,6.917,2,false,22,2,-1,-1,0,1,0,9418,2.501,0.0013,0,0
666,29140,6.917,2,false,22,2,-1,-1,0,1,0,9418,2.501,0.0013,0,0
667,29147,6.868,2,false,22,2,-1,-1,0,1,0,9418,2.501,0.0013,0,0
668,29153,6.927,2,false,22,2,-1,-1,0,1,0,9418,2.501,0.0013,0,0
669,29160,6.87,2,false,22,2,-1,-1,0,1,0,9418,2.501,0.0013,0,0
670,29167,6.933,2,false,22,2,-1,-1,0,1,0,9418,2.501,0.0013,0,0
671,29174,6.865,2,false,22,2,-1,-1,0,1,0,9418,2.501,0.0013,0,0
672,29181,6.897,2,false,22,2,-1,-1,0,1,0,9418,2.501,0.0013,0,0
673,29188,6.936,2,false,22,2,-1,-1,0,1,0,9418,2.501,0.0013,0,0
674,29195,6.866,2,false,22,2,-1,-1,0,1,0,9418,2.501,0.0013,0,0
675,29202,6.929,2,false,22,2,-1,-1,0,1,0,9418,2.501,0.0013,0,0
676,29209,6.872,2,false,22,2,-1,-1,0,1,0,9418,2.501,0.0013,0,0
677,29215,6.896,2,false,22,2,-1,-1,0,1,0,9418,2.501,0.0013,0,0
678,29222,6.942,2,false,22,2,-1,-1,0,1,0,9418,2.501,0.0013,0,0
679,29229,6.862,2,false,22,2,-1,-1,0,1,0,9418,2.501,0.0013,0,0
680,29236,6.938,2,false,22,2,-1,-1,0,1,0,9418,2.501,0.0013,0,0
681,29243,6.865,2,false,22,2,-1,-1,0,1,0,9418,2.501,0.0013,0,0
682,29250,6.907,2,false,22,2,-1,-1,0,1,0,9418,2.501,0.0013,0,0
683,29257,6.914,2,false,22,2,-1,-1,0,1,0,9418,2.501,0.0013,0,0
684,29264,6.874,2,false,22,2,-1,-1,0,1,0,9418,2.501,0.0013,0,0
685,29271,6.938,2,false,22,2,-1,-1,0,1,0,9418,2.501,0.0013,0,0
686,29278,6.866,2,false,22,2,-1,-1,0,1,0,9418,2.501,0.0013,0,0
687,29285,6.94,2,false,22,2,-1,-1,0,1,0,9418,2.501,0.0013,0,0
688,29291,6.86,2,false,22,2,-1,-1,0,1,0,9418,2.501,0.0013,0,0
689,29298,6.911,2,false,22,2,-1,-1,0,1,0,9418,2.501,0.0013,0,0
690,29305,6.924,2,false,22,2,-1,-1,0,1,0,9418,2.501,0.0013,0,0
691,29312,6.865,2,false,22,2,-1,-1,0,1,0,9418,2.501,0.0013,0,0
692,29319,6.932,2,false,22,2,-1,-1,0,1,0,9418,2.501,0.0013,0,0
693,29326,6.875,2,false,22,2,-1,-1,0,1,0,9418,2.501,0.0013,0,0
694,29333,6.893,2,false,22,2,-1,-1,0,1,0,9418,2.501,0.0013,0,0
695,29340,6.914,2,false,22,2,-1,-1,0,1,0,9418,2.501,0.0013,0,0
696,29347,6.885,2,false,22,2,-1,-1,0,1,0,9418,2.501,0.0013,0,0
697,29354,6.927,2,false,22,2,-1,-1,0,1,0,9418,2.501,0.0013,0,0
698,29360,6.88,2,false,22,2,-1,-1,0,1,0,9418,2.501,0.0013,0,0
699,29367,6.927,2,false,22,2,-1,-1,0,1,0,9418,2.501,0.0013,0,0
700,29374,6.863,2,false,22,2,-1,-1,0,1,0,9418,2.501,0.0013,0,0
701,29381,6.908,2,false,22,2,-1,-1,0,1,0,9418,2.501,0.0013,0,0
702,29388,6.982,2,false,22,2,-1,-1,0,1,0,9418,2.501,0.0013,0,0
703,29395,6.814,2,false,22,2,-1,-1,0,1,0,9418,2.501,0.0013,0,0
704,29402,6.933,2,false,22,2,-1,-1,0,1,0,9418,2.501,0.0013,0,0
705,29409,6.873,2,false,22,2,-1,-1,0,1,0,9418,2.501,0.0013,0,0
706,29416,6.899,2,false,22,2,-1,-1,0,1,0,9418,2.501,0.0013,0,0
707,29423,6.946,2,false,22,2,-1,-1,0,1,0,9418,2.501,0.0013,0,0
708,29429,6.852,2,false,22,2,-1,-1,0,1,0,9418,2.501,0.0013,0,0
709,29436,6.932,2,false,22,2,-1,-1,0,1,0,9418,2.501,0.0013,0,0
710,29443,6.859,2,false,22,2,-1,-1,0,1,0,9418,2.501,0.0013,0,0
711,29450,6.919,2,false,22,2,-1,-1,0,1,0,9418,2.501,0.0013,0,0
712,29457,6.916,2,false,22,2,-1,-1,0,1,0,9418,2.501,0.0013,0,0
713,29464,6.871,2,false,22,2,-1,-1,0,1,0,9418,2.501,0.0013,0,0
714,29471,6.926,2,false,22,2,-1,-1,0,1,0,9418,2.501,0.0013,0,0
715,29478,6.87,2,false,22,2,-1,-1,0,1,0,9418,2.501,0.0013,0,0
716,29485,6.954,2,false,22,2,-1,-1,0,1,0,9418,2.501,0.0013,0,0
717,29492,6.855,2,false,22,2,-1,-1,0,1,0,9418,2.501,0.0013,0,0
718,29499,6.908,2,false,22,2,-1,-1,0,1,0,9418,2.501,0.0013,0,0
719,29505,6.912,2,false,22,2,-1,-1,0,1,0,9418,2.501,0.0013,0,0
720,29512,6.878,2,false,22,2,-1,-1,0,1,0,9418,2.501,0.0013,0,0
721,29519,6.926,2,false,22,2,-1,-1,0,1,0,9418,2.501,0.0013,0,0
722,29526,6.868,2,false,22,2,-1,-1,0,1,0,9418,2.501,0.0013,0,0
723,29533,6.918,2,false,22,2,-1,-1,0,1,0,9418,2.501,0.0013,0,0
724,29540,6.922,2,false,22,2,-1,-1,0,1,0,9418,2.501,0.0013,0,0
725,29547,6.882,2,false,22,2,-1,-1,0,1,0,9418,2.501,0.0013,0,0
726,29554,6.916,2,false,22,2,-1,-1,0,1,0,9418,2.501,0.0013,0,0
727,29561,6.87,2,false,22,2,-1,-1,0,1,0,9418,2.501,0.0013,0,0
728,29567,6.923,2,false,22,2,-1,-1,0,1,0,9418,2.501,0.0013,0,0
729,29574,6.876,2,false,22,2,-1,-1,0,1,0,9418,2.501,0.0013,0,0
730,29581,6.902,2,false,22,2,-1,-1,0,1,0,9418,2.501,0.0013,0,0
731,29588,6.923,2,false,22,2,-1,-1,0,1,0,9418,2.501,0.0013,0,0
732,29595,6.873,2,false,22,2,-1,-1,0,1,0,9418,2.501,0.0013,0,0
733,29602,6.952,2,false,22,2,-1,-1,0,1,0,9418,2.501,0.0013,0,0
734,29609,6.858,2,false,22,2,-1,-1,0,1,0,9418,2.501,0.0013,0,0
735,29616,6.891,2,false,22,2,-1,-1,0,1,0,9418,2.501,0.0013,0,0
736,29623,6.934,2,false,22,2,-1,-1,0,1,0,9418,2.501,0.0013,0,0
737,29629,6.861,2,false,22,2,-1,-1,0,1,0,9418,2.501,0.0013,0,0
738,29637,6.952,2,false,22,2,-1,-1,0,1,0,9418,2.501,0.0013,0,0
739,29643,6.848,2,false,22,2,-1,-1,0,1,0,9418,2.501,0.0013,0,0
740,29650,6.9,2,false,22,2,-1,-1,0,1,0,9418,2.501,0.0013,0,0
741,29657,6.937,2,false,22,2,-1,-1,0,1,0,9418,2.501,0.0013,0,0
742,29664,6.905,2,false,22,2,-1,-1,0,1,0,9418,2.501,0.0013,0,0
743,29671,6.908,2,false,22,2,-1,-1,0,1,0,9418,2.501,0.0013,0,0
744,29678,6.86,2,false,22,2,-1,-1,0,1,0,9418,2.501,0.0013,0,0
745,29685,6.936,2,false,22,2,-1,-1,0,1,0,9418,2.501,0.0013,0,0
746,29692,6.861,2,false,22,2,-1,-1,0,1,0,9418,2.501,0.0013,0,0
747,29699,6.917,2,false,22,2,-1,-1,0,1,0,9418,2.501,0.0013,0,0
748,29705,6.923,2,false,22,2,-1,-1,0,1,0,9418,2.501,0.0013,0,0
749,29712,6.862,2,false,22,2,-1,-1,0,1,0,9418,2.501,0.0013,0,0
750,29719,6.944,2,false,22,2,-1,-1,0,1,0,9418,2.501,0.0013,0,0
751,29726,6.852,2,false,22,2,-1,-1,0,1,0,9418,2.501,0.0013,0,0
752,29733,6.908,2,false,22,2,-1,-1,0,1,0,9418,2.501,0.0013,0,0
753,29740,6.925,2,false,22,2,-1,-1,0,1,0,9418,2.501,0.0013,0,0
754,29747,6.872,2,false,22,2,-1,-1,0,1,0,9418,2.501,0.0013,0,0
755,29754,6.935,2,false,22,2,-1,-1,0,1,0,9418,2.501,0.0013,0,0
756,29761,6.872,2,false,22,2,-1,-1,0,1,0,9418,2.501,0.0013,0,0
757,29768,6.921,2,false,22,2,-1,-1,0,1,0,9418,2.501,0.0013,0,0
758,29774,6.869,2,false,22,2,-1,-1,0,1,0,9418,2.501,0.0013,0,0
759,29781,6.897,2,false,22,2,-1,-1,0,1,0,9418,2.501,0.0013,0,0
760,29788,6.932,2,false,22,2,-1,-1,0,1,0,9418,2.501,0.0013,0,0
761,29795,6.879,2,false,22,2,-1,-1,0,1,0,9418,2.501,0.0013,0,0
762,29802,6.936,2,false,22,2,-1,-1,0,1,0,9418,2.501,0.0013,0,0
763,29809,6.864,2,false,22,2,-1,-1,0,1,0,9418,2.501,0.0013,0,0
764,29816,6.881,2,false,22,2,-1,-1,0,1,0,9418,2.501,0.0013,0,0
765,29823,6.975,2,false,22,2,-1,-1,0,1,0,9418,2.501,0.0013,0,0
766,29830,6.839,2,false,22,2,-1,-1,0,1,0,9418,2.501,0.0013,0,0
767,29837,6.937,2,false,22,2,-1,-1,0,1,0,9418,2.501,0.0013,0,0
768,29843,6.856,2,false,22,2,-1,-1,0,1,0,9418,2.501,0.0013,0,0
769,29850,6.894,2,false,22,2,-1,-1,0,1,0,9418,2.501,0.0013,0,0
770,29857,6.953,2,false,22,2,-1,-1,0,1,0,9418,2.501,0.0013,0,0
771,29864,6.867,2,false,22,2,-1,-1,0,1,0,9418,2.501,0.0013,0,0
772,29871,6.941,2,false,22,2,-1,-1,0,1,0,9418,2.501,0.0013,0,0
773,29878,6.855,2,false,22,2,-1,-1,0,1,0,9418,2.501,0.0013,0,0
774,29885,7.013,2,false,22,2,-1,-1,0,1,0,9418,2.501,0.0013,0,0
775,29892,6.785,2,false,22,2,-1,-1,0,1,0,9418,2.501,0.0013,0,0
776,29899,6.906,2,false,22,2,-1,-1,0,1,0,9418,2.501,0.0013,0,0
777,29906,6.97,2,false,22,2,-1,-1,0,1,0,9418,2.501,0.0013,0,0
778,29912,6.829,2,false,22,2,-1,-1,0,1,0,9418,2.501,0.0013,0,0
779,29920,6.959,2,false,22,2,-1,-1,0,1,0,9418,2.501,0.0013,0,0
780,29926,6.837,2,false,22,2,-1,-1,0,1,0,9418,2.501,0.0013,0,0
781,29933,6.893,2,false,22,2,-1,-1,0,1,0,9418,2.501,0.0013,0,0
782,29940,6.961,2,false,22,2,-1,-1,0,1,0,9418,2.501,0.0013,0,0
783,29947,6.861,2,false,22,2,-1,-1,0,1,0,9418,2.501,0.0013,0,0
784,29954,6.926,2,false,22,2,-1,-1,0,1,0,9418,2.501,0.0013,0,0
785,29961,6.854,2,false,22,2,-1,-1,0,1,0,9418,2.501,0.0013,0,0
786,29968,6.949,2,false,22,2,-1,-1,0,1,0,9418,2.501,0.0013,0,0
787,29975,6.859,2,false,22,2,-1,-1,0,1,0,9418,2.501,0.0013,0,0
788,29982,6.904,2,false,22,2,-1,-1,0,1,0,9418,2.501,0.0013,0,0
789,29988,6.929,2,false,22,2,-1,-1,0,1,0,9418,2.501,0.0013,0,0
790,29995,6.874,2,false,22,2,-1,-1,0,1,0,9418,2.501,0.0013,0,0
791,30002,6.938,2,false,22,2,-1,-1,0,1,0,9418,2.501,0.0013,0,0
792,30009,6.871,2,false,22,2,-1,-1,0,1,0,9418,2.501,0.0013,0,0
793,30016,6.89,2,false,22,2,-1,-1,0,1,0,9418,2.501,0.0013,0,0
794,30023,6.931,2,false,22,2,-1,-1,0,1,0,9418,2.501,0.0013,0,0
795,30030,6.851,2,false,22,2,-1,-1,0,1,0,9418,2.501,0.0013,0,0
796,30037,6.934,2,false,22,2,-1,-1,0,1,0,9418,2.501,0.0013,0,0
797,30044,6.886,2,false,22,2,-1,-1,0,1,0,9418,2.501,0.0013,0,0
798,30050,6.885,2,false,22,2,-1,-1,0,1,0,9418,2.501,0.0013,0,0
799,30057,6.951,2,false,22,2,-1,-1,0,1,0,9418,2.501,0.0013,0,0
800,30064,6.853,2,false,22,2,-1,-1,0,1,0,9418,2.501,0.0013,0,0
801,30072,7.029,2,false,22,2,-1,-1,0,1,0,9418,2.501,0.0013,0,0
802,30078,6.776,2,false,22,2,-1,-1,0,1,0,9418,2.501,0.0013,0,0
803,30085,6.935,2,false,22,2,-1,-1,0,1,0,9418,2.501,0.0013,0,0
804,30092,6.863,2,false,22,2,-1,-1,0,1,0,9418,2.501,0.0013,0,0
805,30099,6.895,2,false,22,2,-1,-1,0,1,0,9418,2.501,0.0013,0,0
806,30106,6.966,2,false,22,2,-1,-1,0,1,0,9418,2.501,0.0013,0,0
807,30113,6.956,2,false,22,2,-1,-1,0,1,0,9418,2.501,0.0013,0,0
808,30119,6.82,2,false,22,2,-1,-1,0,1,0,9418,2.501,0.0013,0,0
809,30127,6.864,2,false,22,2,-1,-1,0,1,0,9418,2.501,0.0013,0,0
810,30134,6.918,2,false,22,2,-1,-1,0,1,0,9418,2.501,0.0013,0,0
811,30140,6.948,2,false,22,2,-1,-1,0,1,0,9418,2.501,0.0013,0,0
812,30147,6.857,2,false,22,2,-1,-1,0,1,0,9418,2.501,0.0013,0,0
813,30154,6.93,2,false,22,2,-1,-1,0,1,0,9418,2.501,0.0013,0,0
814,30161,6.847,2,false,22,2,-1,-1,0,1,0,9418,2.501,0.0013,0,0
815,30168,6.97,2,false,22,2,-1,-1,0,1,0,9418,2.501,0.0013,0,0
816,30175,6.831,2,false,22,2,-1,-1,0,1,0,9418,2.501,0.0013,0,0
817,30182,6.894,2,false,22,2,-1,-1,0,1,0,9418,2.501,0.0013,0,0
818,30189,6.944,2,false,22,2,-1,-1,0,1,0,9418,2.501,0.0013,0,0
819,30195,6.855,2,false,22,2,-1,-1,0,1,0,9418,2.501,0.0013,0,0
820,30202,6.936,2,false,22,2,-1,-1,0,1,0,9418,2.501,0.0013,0,0
821,30209,6.871,2,false,22,2,-1,-1,0,1,0,9418,2.501,0.0013,0,0
822,30216,6.903,2,false,22,2,-1,-1,0,1,0,9418,2.501,0.0013,0,0
823,30223,6.931,2,false,22,2,-1,-1,0,1,0,9418,2.501,0.0013,0,0
824,30230,6.86,2,false,22,2,-1,-1,0,1,0,9418,2.501,0.0013,0,0
825,30237,6.926,2,false,22,2,-1,-1,0,1,0,9418,2.501,0.0013,0,0
826,30244,6.873,2,false,22,2,-1,-1,0,1,0,9418,2.501,0.0013,0,0
827,30251,6.893,2,false,22,2,-1,-1,0,1,0,9418,2.501,0.0013,0,0
828,30258,7.06,2,false,22,2,-1,-1,0,1,0,9418,2.501,0.0013,0,0
829,30265,6.754,2,false,22,2,-1,-1,0,1,0,9418,2.501,0.0013,0,0
830,30272,6.982,2,false,22,2,-1,-1,0,1,0,9418,2.501,0.0013,0,0
831,30278,6.808,2,false,22,2,-1,-1,0,1,0,9418,2.501,0.0013,0,0
832,30285,6.938,2,false,22,2,-1,-1,0,1,0,9418,2.501,0.0013,0,0
833,30292,6.874,2,false,22,2,-1,-1,0,1,0,9418,2.501,0.0013,0,0
834,30299,6.892,2,false,22,2,-1,-1,0,1,0,9418,2.501,0.0013,0,0
835,30306,6.937,2,false,22,2,-1,-1,0,1,0,9418,2.501,0.0013,0,0
836,30313,6.863,2,false,22,2,-1,-1,0,1,0,9418,2.501,0.0013,0,0
837,30320,6.941,2,false,22,2,-1,-1,0,1,0,9418,2.501,0.0013,0,0
838,30327,6.863,2,false,22,2,-1,-1,0,1,0,9418,2.501,0.0013,0,0
839,30333,6.899,2,false,22,2,-1,-1,0,1,0,9418,2.501,0.0013,0,0
840,30340,6.925,2,false,22,2,-1,-1,0,1,0,9418,2.501,0.0013,0,0
841,30347,6.884,2,false,22,2,-1,-1,0,1,0,9418,2.501,0.0013,0,0
842,30354,6.947,2,false,22,2,-1,-1,0,1,0,9418,2.501,0.0013,0,0
843,30361,6.839,2,false,22,2,-1,-1,0,1,0,9418,2.501,0.0013,0,0
844,30368,6.967,2,false,22,2,-1,-1,0,1,0,9418,2.501,0.0013,0,0
845,30375,6.835,2,false,22,2,-1,-1,0,1,0,9418,2.501,0.0013,0,0
846,30382,6.905,2,false,22,2,-1,-1,0,1,0,9418,2.501,0.0013,0,0
847,30389,6.928,2,false,22,2,-1,-1,0,1,0,9418,2.501,0.0013,0,0
848,30395,6.866,2,false,22,2,-1,-1,0,1,0,9418,2.501,0.0013,0,0
849,30402,6.923,2,false,22,2,-1,-1,0,1,0,9418,2.501,0.0013,0,0
850,30409,6.874,2,false,22,2,-1,-1,0,1,0,9418,2.501,0.0013,0,0
851,30416,6.898,2,false,22,2,-1,-1,0,1,0,9418,2.501,0.0013,0,0
852,30423,6.937,2,false,22,2,-1,-1,0,1,0,9418,2.501,0.0013,0,0
853,30430,6.868,2,false,22,2,-1,-1,0,1,0,9418,2.501,0.0013,0,0
854,30437,6.929,2,false,22,2,-1,-1,0,1,0,9418,2.501,0.0013,0,0
855,30444,6.865,2,false,22,2,-1,-1,0,1,0,9418,2.501,0.0013,0,0
856,30451,6.905,2,false,22,2,-1,-1,0,1,0,9418,2.501,0.0013,0,0
857,30458,6.925,2,false,22,2,-1,-1,0,1,0,9418,2.501,0.0013,0,0
858,30464,6.868,2,false,22,2,-1,-1,0,1,0,9418,2.501,0.0013,0,0
859,30472,6.958,2,false,22,2,-1,-1,0,1,0,9418,2.501,0.0013,0,0
860,30478,6.845,2,false,22,2,-1,-1,0,1,0,9418,2.501,0.0013,0,0
861,30485,6.97,2,false,22,2,-1,-1,0,1,0,9418,2.501,0.0013,0,0
862,30492,6.837,2,false,22,2,-1,-1,0,1,0,9418,2.501,0.0013,0,0
863,30499,6.909,2,false,22,2,-1,-1,0,1,0,9418,2.501,0.0013,0,0
864,30506,6.938,2,false,22,2,-1,-1,0,1,0,9418,2.501,0.0013,0,0
865,30513,6.855,2,false,22,2,-1,-1,0,1,0,9418,2.501,0.0013,0,0
866,30520,6.939,2,false,22,2,-1,-1,0,1,0,9418,2.501,0.0013,0,0
867,30527,6.857,2,false,22,2,-1,-1,0,1,0,9418,2.501,0.0013,0,0
868,30533,6.904,2,false,22,2,-1,-1,0,1,0,9418,2.501,0.0013,0,0
869,30540,6.925,2,false,22,2,-1,-1,0,1,0,9418,2.501,0.0013,0,0
870,30547,6.886,2,false,22,2,-1,-1,0,1,0,9418,2.501,0.0013,0,0
871,30554,6.902,2,false,22,2,-1,-1,0,1,0,9418,2.501,0.0013,0,0
872,30561,6.868,2,false,22,2,-1,-1,0,1,0,9418,2.501,0.0013,0,0
873,30568,6.97,2,false,22,2,-1,-1,0,1,0,9418,2.501,0.0013,0,0
874,30575,6.843,2,false,22,2,-1,-1,0,1,0,9418,2.501,0.0013,0,0
875,30582,6.9,2,false,22,2,-1,-1,0,1,0,9418,2.501,0.0013,0,0
876,30589,6.922,2,false,22,2,-1,-1,0,1,0,9418,2.501,0.0013,0,0
877,30596,6.874,2,false,22,2,-1,-1,0,1,0,9418,2.501,0.0013,0,0
878,30602,6.935,2,false,22,2,-1,-1,0,1,0,9418,2.501,0.0013,0,0
879,30609,6.869,2,false,22,2,-1,-1,0,1,0,9418,2.501,0.0013,0,0
880,30616,6.892,2,false,22,2,-1,-1,0,1,0,9418,2.501,0.0013,0,0
881,30623,6.936,2,false,22,2,-1,-1,0,1,0,9418,2.501,0.0013,0,0
882,30630,6.867,2,false,22,2,-1,-1,0,1,0,9418,2.501,0.0013,0,0
883,30637,6.957,2,false,22,2,-1,-1,0,1,0,9418,2.501,0.0013,0,0
884,30644,6.856,2,false,22,2,-1,-1,0,1,0,9418,2.501,0.0013,0,0
885,30651,6.89,2,false,22,2,-1,-1,0,1,0,9418,2.501,0.0013,0,0
886,30658,6.953,2,false,22,2,-1,-1,0,1,0,9418,2.501,0.0013,0,0
887,30665,6.853,2,false,22,2,-1,-1,0,1,0,9418,2.501,0.0013,0,0
888,30672,6.963,2,false,22,2,-1,-1,0,1,0,9418,2.501,0.0013,0,0
889,30678,6.834,2,false,22,2,-1,-1,0,1,0,9418,2.501,0.0013,0,0
890,30685,6.926,2,false,22,2,-1,-1,0,1,0,9418,2.501,0.0013,0,0
891,30692,6.87,2,false,22,2,-1,-1,0,1,0,9418,2.501,0.0013,0,0
892,30699,6.904,2,false,22,2,-1,-1,0,1,0,9418,2.501,0.0013,0,0
893,30706,6.937,2,false,22,2,-1,-1,0,1,0,9418,2.501,0.0013,0,0
894,30713,6.86,2,false,22,2,-1,-1,0,1,0,9418,2.501,0.0013,0,0
895,30720,6.956,2,false,22,2,-1,-1,0,1,0,9418,2.501,0.0013,0,0
896,30727,6.842,2,false,22,2,-1,-1,0,1,0,9418,2.501,0.0013,0,0
897,30734,6.912,2,false,22,2,-1,-1,0,1,0,9418,2.501,0.0013,0,0
898,30740,6.916,2,false,22,2,-1,-1,0,1,0,9418,2.501,0.0013,0,0
899,30747,6.858,2,false,22,2,-1,-1,0,1,0,9418,2.501,0.0013,0,0
900,30754,6.945,2,false,22,2,-1,-1,0,1,0,9418,2.501,0.0013,0,0
901,30761,6.869,2,false,22,2,-1,-1,0,1,0,9418,2.501,0.0013,0,0
902,30768,6.94,2,false,22,2,-1,-1,0,1,0,9418,2.501,0.0013,0,0
903,30775,6.86,2,false,22,2,-1,-1,0,1,0,9418,2.501,0.0013,0,0
904,30782,6.917,2,false,22,2,-1,-1,0,1,0,9418,2.501,0.0013,0,0
905,30789,6.917,2,false,22,2,-1,-1,0,1,0,9418,2.501,0.0013,0,0
906,30796,6.877,2,false,22,2,-1,-1,0,1,0,9418,2.501,0.0013,0,0
907,30803,6.923,2,false,22,2,-1,-1,0,1,0,9418,2.501,0.0013,0,0
908,30809,6.864,2,false,22,2,-1,-1,0,1,0,9418,2.501,0.0013,0,0
909,30816,6.894,2,false,22,2,-1,-1,0,1,0,9418,2.501,0.0013,0,0
910,30823,6.938,2,false,22,2,-1,-1,0,1,0,9418,2.501,0.0013,0,0
911,30830,6.876,2,false,22,2,-1,-1,0,1,0,9418,2.501,0.0013,0,0
912,30837,6.931,2,false,22,2,-1,-1,0,1,0,9418,2.501,0.0013,0,0
913,30844,6.866,2,false,22,2,-1,-1,0,1,0,9418,2.501,0.0013,0,0
914,30851,6.903,2,false,22,2,-1,-1,0,1,0,9418,2.501,0.0013,0,0
915,30858,6.977,2,false,22,2,-1,-1,0,1,0,9418,2.501,0.0013,0,0
916,30865,6.82,2,false,22,2,-1,-1,0,1,0,9418,2.501,0.0013,0,0
917,30872,6.953,2,false,22,2,-1,-1,0,1,0,9418,2.501,0.0013,0,0
918,30878,6.848,2,false,22,2,-1,-1,0,1,0,9418,2.501,0.0013,0,0
919,30885,6.941,2,false,22,2,-1,-1,0,1,0,9418,2.501,0.0013,0,0
920,30892,6.859,2,false,22,2,-1,-1,0,1,0,9418,2.501,0.0013,0,0
921,30899,6.9,2,false,22,2,-1,-1,0,1,0,9418,2.501,0.0013,0,0
922,30906,6.937,2,false,22,2,-1,-1,0,1,0,9418,2.501,0.0013,0,0
923,30913,6.857,2,false,22,2,-1,-1,0,1,0,9418,2.501,0.0013,0,0
924,30920,6.984,2,false,22,2,-1,-1,0,1,0,9418,2.501,0.0013,0,0
925,30927,6.819,2,false,22,2,-1,-1,0,1,0,9418,2.501,0.0013,0,0
926,30934,6.9,2,false,22,2,-1,-1,0,1,0,9418,2.501,0.0013,0,0
927,30941,6.93,2,false,22,2,-1,-1,0,1,0,9418,2.501,0.0013,0,0
928,30947,6.867,2,false,22,2,-1,-1,0,1,0,9418,2.501,0.0013,0,0
929,30954,6.961,2,false,22,2,-1,-1,0,1,0,9418,2.501,0.0013,0,0
930,30961,6.848,2,false,22,2,-1,-1,0,1,0,9418,2.501,0.0013,0,0
931,30968,6.951,2,false,22,2,-1,-1,0,1,0,9418,2.501,0.0013,0,0
932,30975,6.847,2,false,22,2,-1,-1,0,1,0,9418,2.501,0.0013,0,0
933,30982,6.927,2,false,22,2,-1,-1,0,1,0,9418,2.501,0.0013,0,0
934,30989,6.926,2,false,22,2,-1,-1,0,1,0,9418,2.501,0.0013,0,0
935,30996,6.846,2,false,22,2,-1,-1,0,1,0,9418,2.501,0.0013,0,0
936,31003,6.942,2,false,22,2,-1,-1,0,1,0,9418,2.501,0.0013,0,0
937,31010,6.856,2,false,22,2,-1,-1,0,1,0,9418,2.501,0.0013,0,0
938,31016,6.906,2,false,22,2,-1,-1,0,1,0,9418,2.501,0.0013,0,0
939,31024,6.96,2,false,22,2,-1,-1,0,1,0,9418,2.501,0.0013,0,0
940,31030,6.841,2,false,22,2,-1,-1,0,1,0,9418,2.501,0.0013,0,0
941,31037,6.937,2,false,22,2,-1,-1,0,1,0,9418,2.501,0.0013,0,0
942,31044,6.873,2,false,22,2,-1,-1,0,1,0,9418,2.501,0.0013,0,0
943,31051,6.916,2,false,22,2,-1,-1,0,1,0,9418,2.501,0.0013,0,0
944,31058,6.907,2,false,22,2,-1,-1,0,1,0,9418,2.501,0.0013,0,0
945,31065,6.864,2,false,22,2,-1,-1,0,1,0,9418,2.501,0.0013,0,0
946,31072,6.932,2,false,22,2,-1,-1,0,1,0,9418,2.501,0.0013,0,0
947,31079,6.868,2,false,22,2,-1,-1,0,1,0,9418,2.501,0.0013,0,0
948,31085,6.936,2,false,22,2,-1,-1,0,1,0,9418,2.501,0.0013,0,0
949,31092,6.863,2,false,22,2,-1,-1,0,1,0,9418,2.501,0.0013,0,0
950,31099,6.892,2,false,22,2,-1,-1,0,1,0,9418,2.501,0.0013,0,0
951,31106,6.96,2,false,22,2,-1,-1,0,1,0,9418,2.501,0.0013,0,0
952,31113,6.848,2,false,22,2,-1,-1,0,1,0,9418,2.501,0.0013,0,0
953,31120,6.93,2,false,22,2,-1,-1,0,1,0,9418,2.501,0.0013,0,0
954,31127,6.861,2,false,22,2,-1,-1,0,1,0,9418,2.501,0.0013,0,0
955,31134,6.893,2,false,22,2,-1,-1,0,1,0,9418,2.501,0.0013,0,0
956,31141,6.973,2,false,22,2,-1,-1,0,1,0,9418,2.501,0.0013,0,0
957,31148,6.841,2,false,22,2,-1,-1,0,1,0,9418,2.501,0.0013,0,0
958,31154,6.945,2,false,22,2,-1,-1,0,1,0,9418,2.501,0.0013,0,0
959,31161,6.852,2,false,22,2,-1,-1,0,1,0,9418,2.501,0.0013,0,0
960,31168,6.973,2,false,22,2,-1,-1,0,1,0,9418,2.501,0.0013,0,0
961,31175,6.835,2,false,22,2,-1,-1,0,1,0,9418,2.501,0.0013,0,0
962,31182,6.948,2,false,22,2,-1,-1,0,1,0,9418,2.501,0.0013,0,0
963,31189,6.88,2,false,22,2,-1,-1,0,1,0,9418,2.501,0.0013,0,0
964,31196,6.861,2,false,22,2,-1,-1,0,1,0,9418,2.501,0.0013,0,0
965,31203,6.957,2,false,22,2,-1,-1,0,1,0,9418,2.501,0.0013,0,0
966,31210,6.848,2,false,22,2,-1,-1,0,1,0,9418,2.501,0.0013,0,0
967,31217,6.904,2,false,22,2,-1,-1,0,1,0,9418,2.501,0.0013,0,0
968,31223,6.924,2,false,22,2,-1,-1,0,1,0,9418,2.501,0.0013,0,0
969,31230,6.868,2,false,22,2,-1,-1,0,1,0,9418,2.501,0.0013,0,0
970,31237,6.945,2,false,22,2,-1,-1,0,1,0,9418,2.501,0.0013,0,0
971,31244,6.86,2,false,22,2,-1,-1,0,1,0,9418,2.501,0.0013,0,0
972,31251,6.895,2,false,22,2,-1,-1,0,1,0,9418,2.501,0.0013,0,0
973,31258,6.943,2,false,22,2,-1,-1,0,1,0,9418,2.501,0.0013,0,0
974,31265,6.867,2,false,22,2,-1,-1,0,1,0,9418,2.501,0.0013,0,0
975,31272,6.93,2,false,22,2,-1,-1,0,1,0,9418,2.501,0.0013,0,0
976,31279,6.867,2,false,22,2,-1,-1,0,1,0,9418,2.501,0.0013,0,0
977,31286,6.934,2,false,22,2,-1,-1,0,1,0,9418,2.501,0.0013,0,0
978,31293,6.87,2,false,22,2,-1,-1,0,1,0,9418,2.501,0.0013,0,0
979,31299,6.896,2,false,22,2,-1,-1,0,1,0,9418,2.501,0.0013,0,0
980,31306,6.96,2,false,22,2,-1,-1,0,1,0,9418,2.501,0.0013,0,0
981,31313,6.84,2,false,22,2,-1,-1,0,1,0,9418,2.501,0.0013,0,0
982,31320,6.936,2,false,22,2,-1,-1,0,1,0,9418,2.501,0.0013,0,0
983,31327,6.867,2,false,22,2,-1,-1,0,1,0,9418,2.501,0.0013,0,0
984,31334,6.896,2,false,22,2,-1,-1,0,1,0,9418,2.501,0.0013,0,0
985,31341,6.943,2,false,22,2,-1,-1,0,1,0,9418,2.501,0.0013,0,0
986,31348,6.864,2,false,22,2,-1,-1,0,1,0,9418,2.501,0.0013,0,0
987,31355,6.958,2,false,22,2,-1,-1,0,1,0,9418,2.501,0.0013,0,0
988,31362,6.836,2,false,22,2,-1,-1,0,1,0,9418,2.501,0.0013,0,0
989,31368,6.925,2,false,22,2,-1,-1,0,1,0,9418,2.501,0.0013,0,0
990,31375,6.875,2,false,22,2,-1,-1,0,1,0,9418,2.501,0.0013,0,0
991,31382,6.902,2,false,22,2,-1,-1,0,1,0,9418,2.501,0.0013,0,0
992,31389,6.943,2,false,22,2,-1,-1,0,1,0,9418,2.501,0.0013,0,0
993,31396,6.849,2,false,22,2,-1,-1,0,1,0,9418,2.501,0.0013,0,0
994,31403,6.943,2,false,22,2,-1,-1,0,1,0,9418,2.501,0.0013,0,0
995,31410,6.861,2,false,22,2,-1,-1,0,1,0,9418,2.501,0.0013,0,0
996,31417,6.914,2,false,22,2,-1,-1,0,1,0,9418,2.501,0.0013,0,0
997,31424,6.929,2,false,22,2,-1,-1,0,1,0,9418,2.501,0.0013,0,0
998,31430,6.864,2,false,22,2,-1,-1,0,1,0,9418,2.501,0.0013,0,0
999,31437,6.935,2,false,22,2,-1,-1,0,1,0,9418,2.501,0.0013,0,0
1000,31444,6.863,2,false,22,2,-1,-1,0,1,0,9418,2.501,0.0013,0,0
1001,31451,6.901,2,false,22,2,-1,-1,0,1,0,9418,2.501,0.0013,0,0
1002,31458,6.922,2,false,22,2,-1,-1,0,1,0,9418,2.501,0.0013,0,0
1003,31465,6.875,2,false,22,2,-1,-1,0,1,0,9418,2.501,0.0013,0,0
1004,31472,6.932,2,false,22,2,-1,-1,0,1,0,9418,2.501,0.0013,0,0
1005,31479,6.88,2,false,22,2,-1,-1,0,1,0,9418,2.501,0.0013,0,0
1006,31486,6.933,2,false,22,2,-1,-1,0,1,0,9418,2.501,0.0013,0,0
1007,31493,6.87,2,false,22,2,-1,-1,0,1,0,9418,2.501,0.0013,0,0
1008,31499,6.872,2,false,22,2,-1,-1,0,1,0,9418,2.501,0.0013,0,0
1009,31506,6.929,2,false,22,2,-1,-1,0,1,0,9418,2.501,0.0013,0,0
1010,31513,6.883,2,false,22,2,-1,-1,0,1,0,9418,2.501,0.0013,0,0
1011,31520,6.945,2,false,22,2,-1,-1,0,1,0,9418,2.501,0.0013,0,0
1012,31527,6.856,2,false,22,2,-1,-1,0,1,0,9418,2.501,0.0013,0,0
1013,31534,6.891,2,false,22,2,-1,-1,0,1,0,9418,2.501,0.0013,0,0
1014,31541,6.985,2,false,22,2,-1,-1,0,1,0,9418,2.501,0.0013,0,0
1015,31548,6.829,2,false,22,2,-1,-1,0,1,0,9418,2.501,0.0013,0,0
1016,31555,6.963,2,false,22,2,-1,-1,0,1,0,9418,2.501,0.0013,0,0
1017,31561,6.82,2,false,22,2,-1,-1,0,1,0,9418,2.501,0.0013,0,0
1018,31568,6.92,2,false,22,2,-1,-1,0,1,0,9418,2.501,0.0013,0,0
1019,31575,6.905,2,false,22,2,-1,-1,0,1,0,9418,2.501,0.0013,0,0
1020,31583,7.461,2,false,22,2,-1,-1,0,1,0,9418,2.501,0.0013,0,0
1021,31589,6.356,2,false,22,2,-1,-1,0,1,0,9418,2.501,0.0013,0,0
1022,31596,6.863,2,false,22,2,-1,-1,0,1,0,9418,2.501,0.0013,0,0
1023,31603,6.933,2,false,22,2,-1,-1,0,1,0,9418,2.501,0.0013,0,0
1024,31610,6.875,2,false,22,2,-1,-1,0,1,0,9418,2.501,0.0013,0,0
1025,31617,6.916,2,false,22,2,-1,-1,0,1,0,9418,2.501,0.0013,0,0
1026,31624,6.913,2,false,22,2,-1,-1,0,1,0,9418,2.501,0.0013,0,0
1027,31630,6.854,2,false,22,2,-1,-1,0,1,0,9418,2.501,0.0013,0,0
1028,31638,6.968,2,false,22,2,-1,-1,0,1,0,9418,2.501,0.0013,0,0
1029,31645,6.849,2,false,22,2,-1,-1,0,1,0,9418,2.501,0.0013,0,0
1030,31651,6.901,2,false,22,2,-1,-1,0,1,0,9418,2.501,0.0013,0,0
1031,31658,6.919,2,false,22,2,-1,-1,0,1,0,9418,2.501,0.0013,0,0
1032,31665,6.88,2,false,22,2,-1,-1,0,1,0,9418,2.501,0.0013,0,0
1033,31672,6.936,2,false,22,2,-1,-1,0,1,0,9418,2.501,0.0013,0,0
1034,31679,6.866,2,false,22,2,-1,-1,0,1,0,9418,2.501,0.0013,0,0
1035,31686,6.915,2,false,22,2,-1,-1,0,1,0,9418,2.501,0.0013,0,0
1036,31693,6.867,2,false,22,2,-1,-1,0,1,0,9418,2.501,0.0013,0,0
1037,31700,6.922,2,false,22,2,-1,-1,0,1,0,9418,2.501,0.0013,0,0
1038,31706,6.915,2,false,22,2,-1,-1,0,1,0,9418,2.501,0.0013,0,0
1039,31713,6.879,2,false,22,2,-1,-1,0,1,0,9418,2.501,0.0013,0,0
1040,31720,6.932,2,false,22,2,-1,-1,0,1,0,9418,2.501,0.0013,0,0
1041,31727,6.865,2,false,22,2,-1,-1,0,1,0,9418,2.501,0.0013,0,0
1042,31734,6.908,2,false,22,2,-1,-1,0,1,0,9418,2.501,0.0013,0,0
1043,31741,6.978,2,false,22,2,-1,-1,0,1,0,9418,2.501,0.0013,0,0
1044,31748,6.814,2,false,22,2,-1,-1,0,1,0,9418,2.501,0.0013,0,0
1045,31755,6.912,2,false,22,2,-1,-1,0,1,0,9418,2.501,0.0013,0,0
1046,31762,6.885,2,false,22,2,-1,-1,0,1,0,9418,2.501,0.0013,0,0
1047,31769,6.927,2,false,22,2,-1,-1,0,1,0,9418,2.501,0.0013,0,0
1048,31775,6.879,2,false,22,2,-1,-1,0,1,0,9418,2.501,0.0013,0,0
1049,31782,6.9,2,false,22,2,-1,-1,0,1,0,9418,2.501,0.0013,0,0
1050,31789,6.933,2,false,22,2,-1,-1,0,1,0,9418,2.501,0.0013,0,0
1051,31796,6.864,2,false,22,2,-1,-1,0,1,0,9418,2.501,0.0013,0,0
1052,31803,6.969,2,false,22,2,-1,-1,0,1,0,9418,2.501,0.0013,0,0
1053,31810,6.827,2,false,22,2,-1,-1,0,1,0,9418,2.501,0.0013,0,0
1054,31817,6.894,2,false,22,2,-1,-1,0,1,0,9418,2.501,0.0013,0,0
1055,31824,6.957,2,false,22,2,-1,-1,0,1,0,9418,2.501,0.0013,0,0
1056,31831,6.847,2,false,22,2,-1,-1,0,1,0,9418,2.501,0.0013,0,0
1057,31838,6.953,2,false,22,2,-1,-1,0,1,0,9418,2.501,0.0013,0,0
1058,31844,6.846,2,false,22,2,-1,-1,0,1,0,9418,2.501,0.0013,0,0
1059,31851,6.895,2,false,22,2,-1,-1,0,1,0,9418,2.501,0.0013,0,0
1060,31858,6.945,2,false,22,2,-1,-1,0,1,0,9418,2.501,0.0013,0,0
1061,31865,6.863,2,false,22,2,-1,-1,0,1,0,9418,2.501,0.0013,0,0
1062,31872,6.944,2,false,22,2,-1,-1,0,1,0,9418,2.501,0.0013,0,0
1063,31879,6.859,2,false,22,2,-1,-1,0,1,0,9418,2.501,0.0013,0,0
1064,31886,6.947,2,false,22,2,-1,-1,0,1,0,9418,2.501,0.0013,0,0
1065,31893,6.86,2,false,22,2,-1,-1,0,1,0,9418,2.501,0.0013,0,0
1066,31900,6.891,2,false,22,2,-1,-1,0,1,0,9418,2.501,0.0013,0,0
1067,31907,6.936,2,false,22,2,-1,-1,0,1,0,9418,2.501,0.0013,0,0
1068,31913,6.866,2,false,22,2,-1,-1,0,1,0,9418,2.501,0.0013,0,0
1069,31920,6.934,2,false,22,2,-1,-1,0,1,0,9418,2.501,0.0013,0,0
1070,31927,6.861,2,false,22,2,-1,-1,0,1,0,9418,2.501,0.0013,0,0
1071,31934,6.906,2,false,22,2,-1,-1,0,1,0,9418,2.501,0.0013,0,0
1072,31941,6.94,2,false,22,2,-1,-1,0,1,0,9418,2.501,0.0013,0,0
1073,31948,6.861,2,false,22,2,-1,-1,0,1,0,9418,2.501,0.0013,0,0
1074,31955,6.934,2,false,22,2,-1,-1,0,1,0,9418,2.501,0.0013,0,0
1075,31962,6.869,2,false,22,2,-1,-1,0,1,0,9418,2.501,0.0013,0,0
1076,31969,6.895,2,false,22,2,-1,-1,0,1,0,9418,2.501,0.0013,0,0
1077,31976,6.973,2,false,22,2,-1,-1,0,1,0,9418,2.501,0.0013,0,0
1078,31982,6.835,2,false,22,2,-1,-1,0,1,0,9418,2.501,0.0013,0,0
1079,31989,6.929,2,false,22,2,-1,-1,0,1,0,9418,2.501,0.0013,0,0
1080,31996,6.864,2,false,22,2,-1,-1,0,1,0,9418,2.501,0.0013,0,0
1081,32003,6.937,2,false,22,2,-1,-1,0,1,0,9418,2.501,0.0013,0,0
1082,32010,6.869,2,false,22,2,-1,-1,0,1,0,9418,2.501,0.0013,0,0
1083,32017,6.894,2,false,22,2,-1,-1,0,1,0,9418,2.501,0.0013,0,0
1084,32024,6.941,2,false,22,2,-1,-1,0,1,0,9418,2.501,0.0013,0,0
1085,32031,6.853,2,false,22,2,-1,-1,0,1,0,9418,2.501,0.0013,0,0
1086,32038,6.956,2,false,22,2,-1,-1,0,1,0,9418,2.501,0.0013,0,0
1087,32045,6.855,2,false,22,2,-1,-1,0,1,0,9418,2.501,0.0013,0,0
1088,32051,6.895,2,false,22,2,-1,-1,0,1,0,9418,2.501,0.0013,0,0
1089,32058,6.934,2,false,22,2,-1,-1,0,1,0,9418,2.501,0.0013,0,0
1090,32065,6.867,2,false,22,2,-1,-1,0,1,0,9418,2.501,0.0013,0,0
1091,32072,6.953,2,false,22,2,-1,-1,0,1,0,9418,2.501,0.0013,0,0
1092,32079,6.843,2,false,22,2,-1,-1,0,1,0,9418,2.501,0.0013,0,0
1093,32086,6.937,2,false,22,2,-1,-1,0,1,0,9418,2.501,0.0013,0,0
1094,32093,6.859,2,false,22,2,-1,-1,0,1,0,9418,2.501,0.0013,0,0
1095,32100,6.913,2,false,22,2,-1,-1,0,1,0,9418,2.501,0.0013,0,0
1096,32107,6.954,2,false,22,2,-1,-1,0,1,0,9418,2.501,0.0013,0,0
1097,32114,6.832,2,false,22,2,-1,-1,0,1,0,9418,2.501,0.0013,0,0
1098,32120,6.926,2,false,22,2,-1,-1,0,1,0,9418,2.501,0.0013,0,0
1099,32127,6.867,2,false,22,2,-1,-1,0,1,0,9418,2.501,0.0013,0,0
1100,32134,6.908,2,false,22,2,-1,-1,0,1,0,9418,2.501,0.0013,0,0
1101,32141,6.94,2,false,22,2,-1,-1,0,1,0,9418,2.501,0.0013,0,0
1102,32148,6.861,2,false,22,2,-1,-1,0,1,0,9418,2.501,0.0013,0,0
1103,32155,6.922,2,false,22,2,-1,-1,0,1,0,9418,2.501,0.0013,0,0
1104,32162,6.88,2,false,22,2,-1,-1,0,1,0,9418,2.501,0.0013,0,0
1105,32169,6.912,2,false,22,2,-1,-1,0,1,0,9418,2.501,0.0013,0,0
1106,32176,6.933,2,false,22,2,-1,-1,0,1,0,9418,2.501,0.0013,0,0
1107,32183,6.86,2,false,22,2,-1,-1,0,1,0,9418,2.501,0.0013,0,0
1108,32189,6.911,2,false,22,2,-1,-1,0,1,0,9418,2.501,0.0013,0,0
1109,32196,6.895,2,false,22,2,-1,-1,0,1,0,9418,2.501,0.0013,0,0
1110,32203,6.928,2,false,22,2,-1,-1,0,1,0,9418,2.501,0.0013,0,0
1111,32210,6.871,2,false,22,2,-1,-1,0,1,0,9418,2.501,0.0013,0,0
1112,32217,6.888,2,false,22,2,-1,-1,0,1,0,9418,2.501,0.0013,0,0
1113,32224,6.953,2,false,22,2,-1,-1,0,1,0,9418,2.501,0.0013,0,0
1114,32231,6.85,2,false,22,2,-1,-1,0,1,0,9418,2.501,0.0013,0,0
1115,32238,6.931,2,false,22,2,-1,-1,0,1,0,9418,2.501,0.0013,0,0
1116,32245,6.874,2,false,22,2,-1,-1,0,1,0,9418,2.501,0.0013,0,0
1117,32251,6.892,2,false,22,2,-1,-1,0,1,0,9418,2.501,0.0013,0,0
1118,32258,6.939,2,false,22,2,-1,-1,0,1,0,9418,2.501,0.0013,0,0
1119,32265,6.861,2,false,22,2,-1,-1,0,1,0,9418,2.501,0.0013,0,0
1120,32272,6.939,2,false,22,2,-1,-1,0,1,0,9418,2.501,0.0013,0,0
1121,32279,6.856,2,false,22,2,-1,-1,0,1,0,9418,2.501,0.0013,0,0
1122,32286,6.954,2,false,22,2,-1,-1,0,1,0,9418,2.501,0.0013,0,0
1123,32293,6.857,2,false,22,2,-1,-1,0,1,0,9418,2.501,0.0013,0,0
1124,32300,6.901,2,false,22,2,-1,-1,0,1,0,9418,2.501,0.0013,0,0
1125,32307,6.931,2,false,22,2,-1,-1,0,1,0,9418,2.501,0.0013,0,0
1126,32314,6.864,2,false,22,2,-1,-1,0,1,0,9418,2.501,0.0013,0,0
1127,32321,6.946,2,false,22,2,-1,-1,0,1,0,9418,2.501,0.0013,0,0
1128,32327,6.862,2,false,22,2,-1,-1,0,1,0,9418,2.501,0.0013,0,0
1129,32334,6.9,2,false,22,2,-1,-1,0,1,0,9418,2.501,0.0013,0,0
1130,32341,6.929,2,false,22,2,-1,-1,0,1,0,9418,2.501,0.0013,0,0
1131,32348,6.874,2,false,22,2,-1,-1,0,1,0,9418,2.501,0.0013,0,0
1132,32355,6.947,2,false,22,2,-1,-1,0,1,0,9418,2.501,0.0013,0,0
1133,32362,6.846,2,false,22,2,-1,-1,0,1,0,9418,2.501,0.0013,0,0
1134,32369,6.903,2,false,22,2,-1,-1,0,1,0,9418,2.501,0.0013,0,0
1135,32376,6.937,2,false,22,2,-1,-1,0,1,0,9418,2.501,0.0013,0,0
1136,32383,6.871,2,false,22,2,-1,-1,0,1,0,9418,2.501,0.0013,0,0
1137,32390,6.932,2,false,22,2,-1,-1,0,1,0,9418,2.501,0.0013,0,0
1138,32396,6.866,2,false,22,2,-1,-1,0,1,0,9418,2.501,0.0013,0,0
1139,32403,6.992,2,false,22,2,-1,-1,0,1,0,9418,2.501,0.0013,0,0
1140,32411,6.822,2,false,22,2,-1,-1,0,1,0,9418,2.501,0.0013,0,0
1141,32417,6.881,2,false,22,2,-1,-1,0,1,0,9418,2.501,0.0013,0,0
1142,32424,6.951,2,false,22,2,-1,-1,0,1,0,9418,2.501,0.0013,0,0
1143,32431,6.858,2,false,22,2,-1,-1,0,1,0,9418,2.501,0.0013,0,0
1144,32438,6.933,2,false,22,2,-1,-1,0,1,0,9418,2.501,0.0013,0,0
1145,32445,6.922,2,false,22,2,-1,-1,0,1,0,9418,2.501,0.0013,0,0
1146,32452,6.84,2,false,22,2,-1,-1,0,1,0,9418,2.501,0.0013,0,0
1147,32459,6.95,2,false,22,2,-1,-1,0,1,0,9418,2.501,0.0013,0,0
1148,32466,6.848,2,false,22,2,-1,-1,0,1,0,9418,2.501,0.0013,0,0
1149,32473,6.976,2,false,22,2,-1,-1,0,1,0,9418,2.501,0.0013,0,0
1150,32479,6.827,2,false,22,2,-1,-1,0,1,0,9418,2.501,0.0013,0,0
1151,32486,6.931,2,false,22,2,-1,-1,0,1,0,9418,2.501,0.0013,0,0
1152,32493,6.863,2,false,22,2,-1,-1,0,1,0,9418,2.501,0.0013,0,0
1153,32500,6.897,2,false,22,2,-1,-1,0,1,0,9418,2.501,0.0013,0,0
1154,32507,6.944,2,false,22,2,-1,-1,0,1,0,9418,2.501,0.0013,0,0
1155,32514,6.862,2,false,22,2,-1,-1,0,1,0,9418,2.501,0.0013,0,0
1156,32521,6.939,2,false,22,2,-1,-1,0,1,0,9418,2.501,0.0013,0,0
1157,32528,6.858,2,false,22,2,-1,-1,0,1,0,9418,2.501,0.0013,0,0
1158,32535,6.908,2,false,22,2,-1,-1,0,1,0,9418,2.501,0.0013,0,0
1159,32541,6.951,2,false,22,2,-1,-1,0,1,0,9418,2.501,0.0013,0,0
1160,32548,6.843,2,false,22,2,-1,-1,0,1,0,9418,2.501,0.0013,0,0
1161,32555,6.939,2,false,22,2,-1,-1,0,1,0,9418,2.501,0.0013,0,0
1162,32562,6.858,2,false,22,2,-1,-1,0,1,0,9418,2.501,0.0013,0,0
1163,32569,6.911,2,false,22,2,-1,-1,0,1,0,9418,2.501,0.0013,0,0
1164,32576,6.933,2,false,22,2,-1,-1,0,1,0,9418,2.501,0.0013,0,0
1165,32583,6.868,2,false,22,2,-1,-1,0,1,0,9418,2.501,0.0013,0,0
1166,32590,6.929,2,false,22,2,-1,-1,0,1,0,9418,2.501,0.0013,0,0
1167,32597,6.875,2,false,22,2,-1,-1,0,1,0,9418,2.501,0.0013,0,0
1168,32604,6.94,2,false,22,2,-1,-1,0,1,0,9418,2.501,0.0013,0,0
1169,32611,6.848,2,false,22,2,-1,-1,0,1,0,9418,2.501,0.0013,0,0
1170,32617,6.897,2,false,22,2,-1,-1,0,1,0,9418,2.501,0.0013,0,0
1171,32624,6.937,2,false,22,2,-1,-1,0,1,0,9418,2.501,0.0013,0,0
1172,32631,6.865,2,false,22,2,-1,-1,0,1,0,9418,2.501,0.0013,0,0
1173,32638,6.954,2,false,22,2,-1,-1,0,1,0,9418,2.501,0.0013,0,0
1174,32645,6.854,2,false,22,2,-1,-1,0,1,0,9418,2.501,0.0013,0,0
1175,32652,6.895,2,false,22,2,-1,-1,0,1,0,9418,2.501,0.0013,0,0
1176,32659,6.995,2,false,22,2,-1,-1,0,1,0,9418,2.501,0.0013,0,0
1177,32666,6.97,2,false,22,2,-1,-1,0,1,0,9418,2.501,0.0013,0,0
1178,32672,6.763,2,false,22,2,-1,-1,0,1,0,9418,2.501,0.0013,0,0
1179,32679,6.867,2,false,22,2,-1,-1,0,1,0,9418,2.501,0.0013,0,0
1180,32686,6.93,2,false,22,2,-1,-1,0,1,0,9418,2.501,0.0013,0,0
1181,32693,6.881,2,false,22,2,-1,-1,0,1,0,9418,2.501,0.0013,0,0
1182,32700,6.886,2,false,22,2,-1,-1,0,1,0,9418,2.501,0.0013,0,0
1183,32707,6.96,2,false,22,2,-1,-1,0,1,0,9418,2.501,0.0013,0,0
1184,32714,6.84,2,false,22,2,-1,-1,0,1,0,9418,2.501,0.0013,0,0
1185,32721,7.042,2,false,22,2,-1,-1,0,1,0,9418,2.501,0.0013,0,0
1186,32728,6.756,2,false,22,2,-1,-1,0,1,0,9418,2.501,0.0013,0,0
1187,32734,6.895,2,false,22,2,-1,-1,0,1,0,9418,2.501,0.0013,0,0
1188,32741,6.945,2,false,22,2,-1,-1,0,1,0,9418,2.501,0.0013,0,0
1189,32748,6.861,2,false,22,2,-1,-1,0,1,0,9418,2.501,0.0013,0,0
1190,32755,6.94,2,false,22,2,-1,-1,0,1,0,9418,2.501,0.0013,0,0
1191,32762,6.86,2,false,22,2,-1,-1,0,1,0,9418,2.501,0.0013,0,0
1192,32770,7.416,2,false,22,2,-1,-1,0,1,0,9418,2.501,0.0013,0,0
1193,32776,6.413,2,false,22,2,-1,-1,0,1,0,9418,2.501,0.0013,0,0
1194,32783,6.873,2,false,22,2,-1,-1,0,1,0,9418,2.501,0.0013,0,0
1195,32790,6.942,2,false,22,2,-1,-1,0,1,0,9418,2.501,0.0013,0,0
1196,32797,6.86,2,false,22,2,-1,-1,0,1,0,9418,2.501,0.0013,0,0
1197,32804,6.942,2,false,22,2,-1,-1,0,1,0,9418,2.501,0.0013,0,0
1198,32810,6.852,2,false,22,2,-1,-1,0,1,0,9418,2.501,0.0013,0,0
1199,32818,6.92,2,false,22,2,-1,-1,0,1,0,9418,2.501,0.0013,0,0
1200,32824,6.917,2,false,22,2,-1,-1,0,1,0,9418,2.501,0.0013,0,0
1201,32831,6.866,2,false,22,2,-1,-1,0,1,0,9418,2.501,0.0013,0,0
1202,32838,6.933,2,false,22,2,-1,-1,0,1,0,9418,2.501,0.0013,0,0
1203,32845,6.873,2,false,22,2,-1,-1,0,1,0,9418,2.501,0.0013,0,0
1204,32852,6.899,2,false,22,2,-1,-1,0,1,0,9418,2.501,0.0013,0,0
1205,32859,6.932,2,false,22,2,-1,-1,0,1,0,9418,2.501,0.0013,0,0
1206,32866,6.868,2,false,22,2,-1,-1,0,1,0,9418,2.501,0.0013,0,0
1207,32872,6.915,2,false,22,2,-1,-1,0,1,0,9418,2.501,0.0013,0,0
1208,32879,6.882,2,false,22,2,-1,-1,0,1,0,9418,2.501,0.0013,0,0
1209,32887,6.963,2,false,22,2,-1,-1,0,1,0,9418,2.501,0.0013,0,0
1210,32893,6.851,2,false,22,2,-1,-1,0,1,0,9418,2.501,0.0013,0,0
1211,32900,6.884,2,false,22,2,-1,-1,0,1,0,9418,2.501,0.0013,0,0
1212,32907,6.962,2,false,22,2,-1,-1,0,1,0,9418,2.501,0.0013,0,0
1213,32914,6.838,2,false,22,2,-1,-1,0,1,0,9418,2.501,0.0013,0,0
1214,32921,6.939,2,false,22,2,-1,-1,0,1,0,9418,2.501,0.0013,0,0
1215,32928,6.859,2,false,22,2,-1,-1,0,1,0,9418,2.501,0.0013,0,0
1216,32935,6.893,2,false,22,2,-1,-1,0,1,0,9418,2.501,0.0013,0,0
1217,32942,6.944,2,false,22,2,-1,-1,0,1,0,9418,2.501,0.0013,0,0
1218,32948,6.86,2,false,22,2,-1,-1,0,1,0,9418,2.501,0.0013,0,0
1219,32956,6.987,2,false,22,2,-1,-1,0,1,0,9418,2.501,0.0013,0,0
1220,32962,6.81,2,false,22,2,-1,-1,0,1,0,9418,2.501,0.0013,0,0
1221,32969,6.9,2,false,22,2,-1,-1,0,1,0,9418,2.501,0.0013,0,0
1222,32976,6.947,2,false,22,2,-1,-1,0,1,0,9418,2.501,0.0013,0,0
1223,32983,6.879,2,false,22,2,-1,-1,0,1,0,9418,2.501,0.0013,0,0
1224,32990,6.946,2,false,22,2,-1,-1,0,1,0,9418,2.501,0.0013,0,0
1225,32997,6.842,2,false,22,2,-1,-1,0,1,0,9418,2.501,0.0013,0,0
1226,33004,6.953,2,false,22,2,-1,-1,0,1,0,9418,2.501,0.0013,0,0
1227,33011,6.84,2,false,22,2,-1,-1,0,1,0,9418,2.501,0.0013,0,0
1228,33017,6.907,2,false,22,2,-1,-1,0,1,0,9418,2.501,0.0013,0,0
1229,33024,6.918,2,false,22,2,-1,-1,0,1,0,9418,2.501,0.0013,0,0
1230,33031,6.872,2,false,22,2,-1,-1,0,1,0,9418,2.501,0.0013,0,0
1231,33038,6.926,2,false,22,2,-1,-1,0,1,0,9418,2.501,0.0013,0,0
1232,33045,6.873,2,false,22,2,-1,-1,0,1,0,9418,2.501,0.0013,0,0
1233,33052,6.903,2,false,22,2,-1,-1,0,1,0,9418,2.501,0.0013,0,0
1234,33059,6.929,2,false,22,2,-1,-1,0,1,0,9418,2.501,0.0013,0,0
1235,33066,6.877,2,false,22,2,-1,-1,0,1,0,9418,2.501,0.0013,0,0
1236,33073,6.928,2,false,22,2,-1,-1,0,1,0,9418,2.501,0.0013,0,0
1237,33080,6.879,2,false,22,2,-1,-1,0,1,0,9418,2.501,0.0013,0,0
1238,33086,6.915,2,false,22,2,-1,-1,0,1,0,9418,2.501,0.0013,0,0
1239,33093,6.868,2,false,22,2,-1,-1,0,1,0,9418,2.501,0.0013,0,0
1240,33100,6.899,2,false,22,2,-1,-1,0,1,0,9418,2.501,0.0013,0,0
1241,33107,6.935,2,false,22,2,-1,-1,0,1,0,9418,2.501,0.0013,0,0
1242,33114,6.868,2,false,22,2,-1,-1,0,1,0,9418,2.501,0.0013,0,0
1243,33121,6.934,2,false,22,2,-1,-1,0,1,0,9418,2.501,0.0013,0,0
1244,33128,6.868,2,false,22,2,-1,-1,0,1,0,9418,2.501,0.0013,0,0
1245,33135,6.9,2,false,22,2,-1,-1,0,1,0,9418,2.501,0.0013,0,0
1246,33142,6.951,2,false,22,2,-1,-1,0,1,0,9418,2.501,0.0013,0,0
1247,33149,6.85,2,false,22,2,-1,-1,0,1,0,9418,2.501,0.0013,0,0
1248,33156,6.965,2,false,22,2,-1,-1,0,1,0,9418,2.501,0.0013,0,0
1249,33162,6.838,2,false,22,2,-1,-1,0,1,0,9418,2.501,0.0013,0,0
1250,33169,6.898,2,false,22,2,-1,-1,0,1,0,9418,2.501,0.0013,0,0
1251,33176,6.94,2,false,22,2,-1,-1,0,1,0,9418,2.501,0.0013,0,0
1252,33183,6.862,2,false,22,2,-1,-1,0,1,0,9418,2.501,0.0013,0,0
1253,33190,6.94,2,false,22,2,-1,-1,0,1,0,9418,2.501,0.0013,0,0
1254,33197,6.862,2,false,22,2,-1,-1,0,1,0,9418,2.501,0.0013,0,0
1255,33204,6.953,2,false,22,2,-1,-1,0,1,0,9418,2.501,0.0013,0,0
1256,33211,6.839,2,false,22,2,-1,-1,0,1,0,9418,2.501,0.0013,0,0
1257,33218,6.907,2,false,22,2,-1,-1,0,1,0,9418,2.501,0.0013,0,0
1258,33224,6.928,2,false,22,2,-1,-1,0,1,0,9418,2.501,0.0013,0,0
1259,33231,6.87,2,false,22,2,-1,-1,0,1,0,9418,2.501,0.0013,0,0
1260,33238,6.953,2,false,22,2,-1,-1,0,1,0,9418,2.501,0.0013,0,0
1261,33245,6.849,2,false,22,2,-1,-1,0,1,0,9418,2.501,0.0013,0,0
1262,33252,6.905,2,false,22,2,-1,-1,0,1,0,9418,2.501,0.0013,0,0
1263,33259,6.932,2,false,22,2,-1,-1,0,1,0,9418,2.501,0.0013,0,0
1264,33266,6.873,2,false,22,2,-1,-1,0,1,0,9418,2.501,0.0013,0,0
1265,33273,6.924,2,false,22,2,-1,-1,0,1,0,9418,2.501,0.0013,0,0
1266,33280,6.864,2,false,22,2,-1,-1,0,1,0,9418,2.501,0.0013,0,0
1267,33287,6.94,2,false,22,2,-1,-1,0,1,0,9418,2.501,0.0013,0,0
1268,33294,6.893,2,false,22,2,-1,-1,0,1,0,9418,2.501,0.0013,0,0
1269,33300,6.867,2,false,22,2,-1,-1,0,1,0,9418,2.501,0.0013,0,0
1270,33307,6.934,2,false,22,2,-1,-1,0,1,0,9418,2.501,0.0013,0,0
1271,33314,6.878,2,false,22,2,-1,-1,0,1,0,9418,2.501,0.0013,0,0
1272,33321,6.919,2,false,22,2,-1,-1,0,1,0,9418,2.501,0.0013,0,0
1273,33328,6.873,2,false,22,2,-1,-1,0,1,0,9418,2.501,0.0013,0,0
1274,33335,6.896,2,false,22,2,-1,-1,0,1,0,9418,2.501,0.0013,0,0
1275,33342,6.955,2,false,22,2,-1,-1,0,1,0,9418,2.501,0.0013,0,0
1276,33349,6.848,2,false,22,2,-1,-1,0,1,0,9418,2.501,0.0013,0,0
1277,33356,6.949,2,false,22,2,-1,-1,0,1,0,9418,2.501,0.0013,0,0
1278,33362,6.851,2,false,22,2,-1,-1,0,1,0,9418,2.501,0.0013,0,0
1279,33369,6.907,2,false,22,2,-1,-1,0,1,0,9418,2.501,0.0013,0,0
1280,33376,6.994,2,false,22,2,-1,-1,0,1,0,9418,2.501,0.0013,0,0
1281,33383,6.794,2,false,22,2,-1,-1,0,1,0,9418,2.501,0.0013,0,0
1282,33390,6.949,2,false,22,2,-1,-1,0,1,0,9418,2.501,0.0013,0,0
1283,33397,6.854,2,false,22,2,-1,-1,0,1,0,9418,2.501,0.0013,0,0
1284,33404,6.93,2,false,22,2,-1,-1,0,1,0,9418,2.501,0.0013,0,0
1285,33411,6.86,2,false,22,2,-1,-1,0,1,0,9418,2.501,0.0013,0,0
1286,33418,6.901,2,false,22,2,-1,-1,0,1,0,9418,2.501,0.0013,0,0
1287,33425,6.927,2,false,22,2,-1,-1,0,1,0,9418,2.501,0.0013,0,0
1288,33431,6.867,2,false,22,2,-1,-1,0,1,0,9418,2.501,0.0013,0,0
1289,33438,6.943,2,false,22,2,-1,-1,0,1,0,9418,2.501,0.0013,0,0
1290,33445,6.865,2,false,22,2,-1,-1,0,1,0,9418,2.501,0.0013,0,0
1291,33452,6.911,2,false,22,2,-1,-1,0,1,0,9418,2.501,0.0013,0,0
1292,33459,6.921,2,false,22,2,-1,-1,0,1,0,9418,2.501,0.0013,0,0
1293,33466,6.871,2,false,22,2,-1,-1,0,1,0,9418,2.501,0.0013,0,0
1294,33473,6.917,2,false,22,2,-1,-1,0,1,0,9418,2.501,0.0013,0,0
1295,33480,6.896,2,false,22,2,-1,-1,0,1,0,9418,2.501,0.0013,0,0
1296,33487,6.935,2,false,22,2,-1,-1,0,1,0,9418,2.501,0.0013,0,0
1297,33494,6.853,2,false,22,2,-1,-1,0,1,0,9418,2.501,0.0013,0,0
1298,33500,6.902,2,false,22,2,-1,-1,0,1,0,9418,2.501,0.0013,0,0
1299,33507,6.933,2,false,22,2,-1,-1,0,1,0,9418,2.501,0.0013,0,0
1300,33514,6.87,2,false,22,2,-1,-1,0,1,0,9418,2.501,0.0013,0,0
1301,33521,6.939,2,false,22,2,-1,-1,0,1,0,9418,2.501,0.0013,0,0
1302,33528,6.855,2,false,22,2,-1,-1,0,1,0,9418,2.501,0.0013,0,0
1303,33535,6.896,2,false,22,2,-1,-1,0,1,0,9418,2.501,0.0013,0,0
1304,33542,6.959,2,false,22,2,-1,-1,0,1,0,9418,2.501,0.0013,0,0
1305,33549,6.85,2,false,22,2,-1,-1,0,1,0,9418,2.501,0.0013,0,0
1306,33556,6.932,2,false,22,2,-1,-1,0,1,0,9418,2.501,0.0013,0,0
1307,33563,6.863,2,false,22,2,-1,-1,0,1,0,9418,2.501,0.0013,0,0
1308,33569,6.903,2,false,22,2,-1,-1,0,1,0,9418,2.501,0.0013,0,0
1309,33577,7.018,2,false,22,2,-1,-1,0,1,0,9418,2.501,0.0013,0,0
1310,33583,6.777,2,false,22,2,-1,-1,0,1,0,9418,2.501,0.0013,0,0
1311,33590,6.949,2,false,22,2,-1,-1,0,1,0,9418,2.501,0.0013,0,0
1312,33597,6.851,2,false,22,2,-1,-1,0,1,0,9418,2.501,0.0013,0,0
1313,33604,6.968,2,false,22,2,-1,-1,0,1,0,9418,2.501,0.0013,0,0
1314,33611,6.845,2,false,22,2,-1,-1,0,1,0,9418,2.501,0.0013,0,0
1315,33618,6.891,2,false,22,2,-1,-1,0,1,0,9418,2.501,0.0013,0,0
1316,33625,6.928,2,false,22,2,-1,-1,0,1,0,9418,2.501,0.0013,0,0
1317,33632,6.863,2,false,22,2,-1,-1,0,1,0,9418,2.501,0.0013,0,0
1318,33638,6.95,2,false,22,2,-1,-1,0,1,0,9418,2.501,0.0013,0,0
1319,33645,6.856,2,false,22,2,-1,-1,0,1,0,9418,2.501,0.0013,0,0
1320,33652,6.905,2,false,22,2,-1,-1,0,1,0,9418,2.501,0.0013,0,0
1321,33659,6.921,2,false,22,2,-1,-1,0,1,0,9418,2.501,0.0013,0,0
1322,33666,6.88,2,false,22,2,-1,-1,0,1,0,9418,2.501,0.0013,0,0
1323,33673,6.946,2,false,22,2,-1,-1,0,1,0,9418,2.501,0.0013,0,0
1324,33680,6.851,2,false,22,2,-1,-1,0,1,0,9418,2.501,0.0013,0,0
1325,33687,6.93,2,false,22,2,-1,-1,0,1,0,9418,2.501,0.0013,0,0
1326,33694,6.873,2,false,22,2,-1,-1,0,1,0,9418,2.501,0.0013,0,0
1327,33701,6.906,2,false,22,2,-1,-1,0,1,0,9418,2.501,0.0013,0,0
1328,33708,6.941,2,false,22,2,-1,-1,0,1,0,9418,2.501,0.0013,0,0
1329,33714,6.857,2,false,22,2,-1,-1,0,1,0,9418,2.501,0.0013,0,0
1330,33721,6.935,2,false,22,2,-1,-1,0,1,0,9418,2.501,0.0013,0,0
1331,33728,6.868,2,false,22,2,-1,-1,0,1,0,9418,2.501,0.0013,0,0
1332,33735,6.891,2,false,22,2,-1,-1,0,1,0,9418,2.501,0.0013,0,0
1333,33742,6.989,2,false,22,2,-1,-1,0,1,0,9418,2.501,0.0013,0,0
1334,33749,6.818,2,false,22,2,-1,-1,0,1,0,9418,2.501,0.0013,0,0
1335,33756,6.997,2,false,22,2,-1,-1,0,1,0,9418,2.501,0.0013,0,0
1336,33763,7.031,2,false,22,2,-1,-1,0,1,0,9418,2.501,0.0013,0,0
1337,33770,6.669,2,false,22,2,-1,-1,0,1,0,9418,2.501,0.0013,0,0
1338,33776,6.937,2,false,22,2,-1,-1,0,1,0,9418,2.501,0.0013,0,0
1339,33783,6.868,2,false,22,2,-1,-1,0,1,0,9418,2.501,0.0013,0,0
1340,33790,6.942,2,false,22,2,-1,-1,0,1,0,9418,2.501,0.0013,0,0
1341,33797,6.851,2,false,22,2,-1,-1,0,1,0,9418,2.501,0.0013,0,0
1342,33804,6.948,2,false,22,2,-1,-1,0,1,0,9418,2.501,0.0013,0,0
1343,33811,6.854,2,false,22,2,-1,-1,0,1,0,9418,2.501,0.0013,0,0
1344,33818,6.902,2,false,22,2,-1,-1,0,1,0,9418,2.501,0.0013,0,0
1345,33825,6.935,2,false,22,2,-1,-1,0,1,0,9418,2.501,0.0013,0,0
1346,33832,6.888,2,false,22,2,-1,-1,0,1,0,9418,2.501,0.0013,0,0
1347,33839,6.91,2,false,22,2,-1,-1,0,1,0,9418,2.501,0.0013,0,0
1348,33846,6.871,2,false,22,2,-1,-1,0,1,0,9418,2.501,0.0013,0,0
1349,33852,6.896,2,false,22,2,-1,-1,0,1,0,9418,2.501,0.0013,0,0
1350,33859,6.954,2,false,22,2,-1,-1,0,1,0,9418,2.501,0.0013,0,0
1351,33866,6.842,2,false,22,2,-1,-1,0,1,0,9418,2.501,0.0013,0,0
1352,33873,6.932,2,false,22,2,-1,-1,0,1,0,9418,2.501,0.0013,0,0
1353,33880,6.869,2,false,22,2,-1,-1,0,1,0,9418,2.501,0.0013,0,0
1354,33887,7.035,2,false,22,2,-1,-1,0,1,0,9418,2.501,0.0013,0,0
1355,33894,6.761,2,false,22,2,-1,-1,0,1,0,9418,2.501,0.0013,0,0
1356,33901,6.899,2,false,22,2,-1,-1,0,1,0,9418,2.501,0.0013,0,0
1357,33908,6.935,2,false,22,2,-1,-1,0,1,0,9418,2.501,0.0013,0,0
1358,33914,6.876,2,false,22,2,-1,-1,0,1,0,9418,2.501,0.0013,0,0
1359,33921,6.943,2,false,22,2,-1,-1,0,1,0,9418,2.501,0.0013,0,0
1360,33928,6.862,2,false,22,2,-1,-1,0,1,0,9418,2.501,0.0013,0,0
1361,33935,6.887,2,false,22,2,-1,-1,0,1,0,9418,2.501,0.0013,0,0
1362,33942,6.944,2,false,22,2,-1,-1,0,1,0,9418,2.501,0.0013,0,0
1363,33949,6.859,2,false,22,2,-1,-1,0,1,0,9418,2.501,0.0013,0,0
1364,33956,7.004,2,false,22,2,-1,-1,0,1,0,9418,2.501,0.0013,0,0
1365,33963,6.792,2,false,22,2,-1,-1,0,1,0,9418,2.501,0.0013,0,0
1366,33970,6.896,2,false,22,2,-1,-1,0,1,0,9418,2.501,0.0013,0,0
1367,33977,6.953,2,false,22,2,-1,-1,0,1,0,9418,2.501,0.0013,0,0
1368,33983,6.856,2,false,22,2,-1,-1,0,1,0,9418,2.501,0.0013,0,0
1369,33990,6.931,2,false,22,2,-1,-1,0,1,0,9418,2.501,0.0013,0,0
1370,33997,6.851,2,false,22,2,-1,-1,0,1,0,9418,2.501,0.0013,0,0
1371,34004,6.977,2,false,22,2,-1,-1,0,1,0,9418,2.501,0.0013,0,0
1372,34011,6.841,2,false,22,2,-1,-1,0,1,0,9418,2.501,0.0013,0,0
1373,34018,6.908,2,false,22,2,-1,-1,0,1,0,9418,2.501,0.0013,0,0
1374,34025,6.934,2,false,22,2,-1,-1,0,1,0,9418,2.501,0.0013,0,0
1375,34032,6.859,2,false,22,2,-1,-1,0,1,0,9418,2.501,0.0013,0,0
1376,34039,6.935,2,false,22,2,-1,-1,0,1,0,9418,2.501,0.0013,0,0
1377,34046,6.863,2,false,22,2,-1,-1,0,1,0,9418,2.501,0.0013,0,0
1378,34052,6.898,2,false,22,2,-1,-1,0,1,0,9418,2.501,0.0013,0,0
1379,34059,6.917,2,false,22,2,-1,-1,0,1,0,9418,2.501,0.0013,0,0
1380,34066,6.89,2,false,22,2,-1,-1,0,1,0,9418,2.501,0.0013,0,0
1381,34073,6.933,2,false,22,2,-1,-1,0,1,0,9418,2.501,0.0013,0,0
1382,34080,6.86,2,false,22,2,-1,-1,0,1,0,9418,2.501,0.0013,0,0
1383,34087,6.931,2,false,22,2,-1,-1,0,1,0,9418,2.501,0.0013,0,0
1384,34094,6.857,2,false,22,2,-1,-1,0,1,0,9418,2.501,0.0013,0,0
1385,34101,6.908,2,false,22,2,-1,-1,0,1,0,9418,2.501,0.0013,0,0
1386,34108,6.944,2,false,22,2,-1,-1,0,1,0,9418,2.501,0.0013,0,0
1387,34115,6.856,2,false,22,2,-1,-1,0,1,0,9418,2.501,0.0013,0,0
1388,34121,6.914,2,false,22,2,-1,-1,0,1,0,9418,2.501,0.0013,0,0
1389,34128,6.882,2,false,22,2,-1,-1,0,1,0,9418,2.501,0.0013,0,0
1390,34135,6.906,2,false,22,2,-1,-1,0,1,0,9418,2.501,0.0013,0,0
1391,34142,6.974,2,false,22,2,-1,-1,0,1,0,9418,2.501,0.0013,0,0
1392,34149,6.82,2,false,22,2,-1,-1,0,1,0,9418,2.501,0.0013,0,0
1393,34156,6.92,2,false,22,2,-1,-1,0,1,0,9418,2.501,0.0013,0,0
1394,34163,6.88,2,false,22,2,-1,-1,0,1,0,9418,2.501,0.0013,0,0
1395,34170,6.909,2,false,22,2,-1,-1,0,1,0,9418,2.501,0.0013,0,0
1396,34177,6.938,2,false,22,2,-1,-1,0,1,0,9418,2.501,0.0013,0,0
1397,34184,6.854,2,false,22,2,-1,-1,0,1,0,9418,2.501,0.0013,0,0
1398,34190,6.943,2,false,22,2,-1,-1,0,1,0,9418,2.501,0.0013,0,0
1399,34197,6.863,2,false,22,2,-1,-1,0,1,0,9418,2.501,0.0013,0,0
1400,34204,6.94,2,false,22,2,-1,-1,0,1,0,9418,2.501,0.0013,0,0
1401,34211,6.856,2,false,22,2,-1,-1,0,1,0,9418,2.501,0.0013,0,0
1402,34218,6.899,2,false,22,2,-1,-1,0,1,0,9418,2.501,0.0013,0,0
1403,34225,6.937,2,false,22,2,-1,-1,0,1,0,9418,2.501,0.0013,0,0
1404,34232,6.871,2,false,22,2,-1,-1,0,1,0,9418,2.501,0.0013,0,0
1405,34239,6.934,2,false,22,2,-1,-1,0,1,0,9418,2.501,0.0013,0,0
1406,34246,6.865,2,false,22,2,-1,-1,0,1,0,9418,2.501,0.0013,0,0
1407,34253,6.897,2,false,22,2,-1,-1,0,1,0,9418,2.501,0.0013,0,0
1408,34259,6.942,2,false,22,2,-1,-1,0,1,0,9418,2.501,0.0013,0,0
1409,34266,6.862,2,false,22,2,-1,-1,0,1,0,9418,2.501,0.0013,0,0
1410,34273,6.923,2,false,22,2,-1,-1,0,1,0,9418,2.501,0.0013,0,0
1411,34280,6.867,2,false,22,2,-1,-1,0,1,0,9418,2.501,0.0013,0,0
1412,34287,6.942,2,false,22,2,-1,-1,0,1,0,9418,2.501,0.0013,0,0
1413,34294,6.867,2,false,22,2,-1,-1,0,1,0,9418,2.501,0.0013,0,0
1414,34301,6.898,2,false,22,2,-1,-1,0,1,0,9418,2.501,0.0013,0,0
1415,34308,6.936,2,false,22,2,-1,-1,0,1,0,9418,2.501,0.0013,0,0
1416,34315,6.866,2,false,22,2,-1,-1,0,1,0,9418,2.501,0.0013,0,0
1417,34322,6.938,2,false,22,2,-1,-1,0,1,0,9418,2.501,0.0013,0,0
1418,34328,6.863,2,false,22,2,-1,-1,0,1,0,9418,2.501,0.0013,0,0
1419,34335,6.896,2,false,22,2,-1,-1,0,1,0,9418,2.501,0.0013,0,0
1420,34342,6.947,2,false,22,2,-1,-1,0,1,0,9418,2.501,0.0013,0,0
1421,34349,6.846,2,false,22,2,-1,-1,0,1,0,9418,2.501,0.0013,0,0
1422,34356,6.947,2,false,22,2,-1,-1,0,1,0,9418,2.501,0.0013,0,0
1423,34363,6.859,2,false,22,2,-1,-1,0,1,0,9418,2.501,0.0013,0,0
1424,34370,6.897,2,false,22,2,-1,-1,0,1,0,9418,2.501,0.0013,0,0
1425,34377,6.974,2,false,22,2,-1,-1,0,1,0,9418,2.501,0.0013,0,0
1426,34384,6.821,2,false,22,2,-1,-1,0,1,0,9418,2.501,0.0013,0,0
1427,34391,6.959,2,false,22,2,-1,-1,0,1,0,9418,2.501,0.0013,0,0
1428,34397,6.839,2,false,22,2,-1,-1,0,1,0,9418,2.501,0.0013,0,0
1429,34404,6.933,2,false,22,2,-1,-1,0,1,0,9418,2.501,0.0013,0,0
1430,34411,6.862,2,false,22,2,-1,-1,0,1,0,9418,2.501,0.0013,0,0
1431,34418,6.9,2,false,22,2,-1,-1,0,1,0,9418,2.501,0.0013,0,0
1432,34425,6.937,2,false,22,2,-1,-1,0,1,0,9418,2.501,0.0013,0,0
1433,34432,6.901,2,false,22,2,-1,-1,0,1,0,9418,2.501,0.0013,0,0
1434,34439,6.903,2,false,22,2,-1,-1,0,1,0,9418,2.501,0.0013,0,0
1435,34446,6.862,2,false,22,2,-1,-1,0,1,0,9418,2.501,0.0013,0,0
1436,34453,6.91,2,false,22,2,-1,-1,0,1,0,9418,2.501,0.0013,0,0
1437,34460,6.94,2,false,22,2,-1,-1,0,1,0,9418,2.501,0.0013,0,0
1438,34466,6.855,2,false,22,2,-1,-1,0,1,0,9418,2.501,0.0013,0,0
1439,34473,6.912,2,false,22,2,-1,-1,0,1,0,9418,2.501,0.0013,0,0
1440,34480,6.889,2,false,22,2,-1,-1,0,1,0,9418,2.501,0.0013,0,0
1441,34487,6.934,2,false,22,2,-1,-1,0,1,0,9418,2.501,0.0013,0,0
1442,34494,6.857,2,false,22,2,-1,-1,0,1,0,9418,2.501,0.0013,0,0
1443,34501,6.901,2,false,22,2,-1,-1,0,1,0,9418,2.501,0.0013,0,0
1444,34508,6.92,2,false,22,2,-1,-1,0,1,0,9418,2.501,0.0013,0,0
1445,34515,6.891,2,false,22,2,-1,-1,0,1,0,9418,2.501,0.0013,0,0
1446,34522,6.925,2,false,22,2,-1,-1,0,1,0,9418,2.501,0.0013,0,0
1447,34528,6.869,2,false,22,2,-1,-1,0,1,0,9418,2.501,0.0013,0,0
1448,34535,6.895,2,false,22,2,-1,-1,0,1,0,9418,2.501,0.0013,0,0
1449,34542,6.925,2,false,22,2,-1,-1,0,1,0,9418,2.501,0.0013,0,0
